step,key_0,key_1,key_2,key_3,key_4,key_5,key_6,key_7,key_8,key_9,key_10,key_11,key_12,key_13
step_0_q_0,1.0,0.0,0.0,0.0,0.0,0.0,0.0,0.0,0.0,0.0,0.0,0.0,0.0,0.0
step_0_q_1,1.0,8.381903171539307e-08,0.0,0.0,0.0,0.0,0.0,0.0,0.0,0.0,0.0,0.0,0.0,0.0
step_0_q_2,1.0,1.2165401130914688e-08,1.6763806343078613e-07,0.0,0.0,0.0,0.0,0.0,0.0,0.0,0.0,0.0,0.0,0.0
step_0_q_3,0.0007171630859375,0.11181640625,0.07373046875,0.8125,0.0,0.0,0.0,0.0,0.0,0.0,0.0,0.0,0.0,0.0
step_0_q_4,0.01263427734375,0.0947265625,0.74609375,0.1005859375,0.047607421875,0.0,0.0,0.0,0.0,0.0,0.0,0.0,0.0,0.0
step_0_q_5,8.165836334228516e-06,0.00152587890625,0.0028533935546875,0.0023651123046875,0.984375,0.00909423828125,0.0,0.0,0.0,0.0,0.0,0.0,0.0,0.0
step_0_q_6,9.238719940185547e-06,0.0003490447998046875,0.0157470703125,0.00616455078125,0.9765625,0.00138092041015625,0.0003833770751953125,0.0,0.0,0.0,0.0,0.0,0.0,0.0
step_0_q_7,1.3783574104309082e-07,8.344650268554688e-06,0.00018978118896484375,0.000324249267578125,0.99609375,4.5299530029296875e-05,1.1444091796875e-05,0.004058837890625,0.0,0.0,0.0,0.0,0.0,0.0
step_0_q_8,0.0177001953125,0.033935546875,0.8515625,0.02197265625,0.0022430419921875,0.0146484375,0.0037078857421875,0.0234375,0.031005859375,0.0,0.0,0.0,0.0,0.0
step_0_q_9,4.202127456665039e-06,1.2576580047607422e-05,7.867813110351562e-06,0.00052642822265625,0.99609375,0.000141143798828125,0.000736236572265625,0.00159454345703125,0.00066375732421875,0.000942230224609375,0.0,0.0,0.0,0.0
step_0_q_10,0.0137939453125,0.1728515625,0.625,0.012939453125,0.0137939453125,0.048095703125,0.009033203125,0.048095703125,0.018798828125,0.0002899169921875,0.03759765625,0.0,0.0,0.0
step_0_q_11,0.0859375,0.443359375,0.00823974609375,0.01153564453125,9.298324584960938e-05,0.22265625,0.076171875,0.00885009765625,0.0021820068359375,0.0517578125,0.0023956298828125,0.08740234375,0.0,0.0
step_0_q_12,0.000705718994140625,0.060302734375,0.0004253387451171875,0.00112152099609375,0.003265380859375,0.142578125,0.546875,0.00150299072265625,0.00057220458984375,0.042724609375,0.000637054443359375,0.00010251998901367188,0.201171875,0.0
step_0_q_13,0.0107421875,0.1123046875,0.625,0.00921630859375,0.00909423828125,0.0322265625,0.00653076171875,0.0301513671875,0.01953125,0.0001678466796875,0.08203125,0.00225830078125,0.0322265625,0.0274658203125
step_1_q_0,1.0,0.0,0.0,0.0,0.0,0.0,0.0,0.0,0.0,0.0,0.0,0.0,0.0,0.0
step_1_q_1,0.5,0.5,0.0,0.0,0.0,0.0,0.0,0.0,0.0,0.0,0.0,0.0,0.0,0.0
step_1_q_2,0.333984375,0.333984375,0.33203125,0.0,0.0,0.0,0.0,0.0,0.0,0.0,0.0,0.0,0.0,0.0
step_1_q_3,0.01226806640625,0.1494140625,0.80859375,0.03125,0.0,0.0,0.0,0.0,0.0,0.0,0.0,0.0,0.0,0.0
step_1_q_4,0.01904296875,0.05859375,0.62890625,0.2177734375,0.0751953125,0.0,0.0,0.0,0.0,0.0,0.0,0.0,0.0,0.0
step_1_q_5,0.029052734375,0.0272216796875,0.21484375,0.33203125,0.33203125,0.0654296875,0.0,0.0,0.0,0.0,0.0,0.0,0.0,0.0
step_1_q_6,0.04052734375,0.00531005859375,0.03564453125,0.12451171875,0.59375,0.150390625,0.048828125,0.0,0.0,0.0,0.0,0.0,0.0,0.0
step_1_q_7,0.046875,0.005950927734375,0.020751953125,0.038818359375,0.443359375,0.25390625,0.1630859375,0.0267333984375,0.0,0.0,0.0,0.0,0.0,0.0
step_1_q_8,0.030029296875,0.01611328125,0.0361328125,0.0133056640625,0.10498046875,0.162109375,0.4140625,0.162109375,0.059814453125,0.0,0.0,0.0,0.0,0.0
step_1_q_9,0.001983642578125,0.0029754638671875,0.0089111328125,0.0091552734375,0.0091552734375,0.02001953125,0.037353515625,0.1533203125,0.390625,0.3671875,0.0,0.0,0.0,0.0
step_1_q_10,0.0037689208984375,0.01275634765625,0.05712890625,0.0223388671875,0.13671875,0.10009765625,0.13671875,0.13671875,0.349609375,0.004974365234375,0.039306640625,0.0,0.0,0.0
step_1_q_11,0.00102996826171875,0.00106048583984375,0.004608154296875,0.0078125,0.02001953125,0.02734375,0.045166015625,0.07421875,0.427734375,0.138671875,0.2294921875,0.022705078125,0.0,0.0
step_1_q_12,0.0003147125244140625,0.0001354217529296875,0.00083160400390625,0.00116729736328125,0.0069580078125,0.00836181640625,0.00836181640625,0.0189208984375,0.0703125,0.08447265625,0.5859375,0.1904296875,0.0213623046875,0.0
step_1_q_13,0.00014400482177734375,5.125999450683594e-05,0.0002956390380859375,0.000415802001953125,0.002044677734375,0.007598876953125,0.01251220703125,0.01422119140625,0.052734375,0.0341796875,0.60546875,0.2216796875,0.0234375,0.0264892578125
step_2_q_0,1.0,0.0,0.0,0.0,0.0,0.0,0.0,0.0,0.0,0.0,0.0,0.0,0.0,0.0
step_2_q_1,0.5,0.498046875,0.0,0.0,0.0,0.0,0.0,0.0,0.0,0.0,0.0,0.0,0.0,0.0
step_2_q_2,0.337890625,0.32421875,0.337890625,0.0,0.0,0.0,0.0,0.0,0.0,0.0,0.0,0.0,0.0,0.0
step_2_q_3,0.00341796875,0.69921875,0.1767578125,0.12158203125,0.0,0.0,0.0,0.0,0.0,0.0,0.0,0.0,0.0,0.0
step_2_q_4,0.00194549560546875,0.5390625,0.2109375,0.1318359375,0.11669921875,0.0,0.0,0.0,0.0,0.0,0.0,0.0,0.0,0.0
step_2_q_5,0.0022430419921875,0.490234375,0.1494140625,0.1318359375,0.1279296875,0.0966796875,0.0,0.0,0.0,0.0,0.0,0.0,0.0,0.0
step_2_q_6,0.00110626220703125,0.361328125,0.150390625,0.1767578125,0.150390625,0.07568359375,0.08349609375,0.0,0.0,0.0,0.0,0.0,0.0,0.0
step_2_q_7,0.00115203857421875,0.55859375,0.0830078125,0.12060546875,0.0908203125,0.0625,0.047119140625,0.036865234375,0.0,0.0,0.0,0.0,0.0,0.0
step_2_q_8,0.0020751953125,0.58203125,0.08349609375,0.07177734375,0.06298828125,0.049072265625,0.044677734375,0.0289306640625,0.076171875,0.0,0.0,0.0,0.0,0.0
step_2_q_9,0.001861572265625,0.77734375,0.0146484375,0.0257568359375,0.02490234375,0.046630859375,0.0177001953125,0.0146484375,0.02734375,0.051025390625,0.0,0.0,0.0,0.0
step_2_q_10,0.001953125,0.6875,0.0172119140625,0.036376953125,0.0250244140625,0.0311279296875,0.038818359375,0.0242919921875,0.046630859375,0.052978515625,0.038818359375,0.0,0.0,0.0
step_2_q_11,0.00188446044921875,0.57421875,0.034423828125,0.0390625,0.048583984375,0.037841796875,0.0260009765625,0.0126953125,0.056884765625,0.04150390625,0.0517578125,0.0751953125,0.0,0.0
step_2_q_12,0.00147247314453125,0.28125,0.09130859375,0.0712890625,0.08056640625,0.03466796875,0.02783203125,0.01397705078125,0.08056640625,0.06884765625,0.1064453125,0.0537109375,0.08837890625,0.0
step_2_q_13,0.00096893310546875,0.5,0.031982421875,0.039794921875,0.0311279296875,0.0234375,0.03759765625,0.0177001953125,0.048095703125,0.0439453125,0.0439453125,0.06396484375,0.08203125,0.0341796875
step_3_q_0,1.0,0.0,0.0,0.0,0.0,0.0,0.0,0.0,0.0,0.0,0.0,0.0,0.0,0.0
step_3_q_1,0.5234375,0.474609375,0.0,0.0,0.0,0.0,0.0,0.0,0.0,0.0,0.0,0.0,0.0,0.0
step_3_q_2,0.333984375,0.333984375,0.333984375,0.0,0.0,0.0,0.0,0.0,0.0,0.0,0.0,0.0,0.0,0.0
step_3_q_3,0.001617431640625,0.95703125,0.0289306640625,0.0128173828125,0.0,0.0,0.0,0.0,0.0,0.0,0.0,0.0,0.0,0.0
step_3_q_4,0.004364013671875,0.8984375,0.04833984375,0.034912109375,0.012451171875,0.0,0.0,0.0,0.0,0.0,0.0,0.0,0.0,0.0
step_3_q_5,0.004608154296875,0.76171875,0.11669921875,0.07666015625,0.0252685546875,0.01556396484375,0.0,0.0,0.0,0.0,0.0,0.0,0.0,0.0
step_3_q_6,0.0037078857421875,0.59765625,0.1376953125,0.142578125,0.054931640625,0.046142578125,0.0167236328125,0.0,0.0,0.0,0.0,0.0,0.0,0.0
step_3_q_7,0.0034332275390625,0.67578125,0.10888671875,0.126953125,0.036376953125,0.026611328125,0.009521484375,0.01239013671875,0.0,0.0,0.0,0.0,0.0,0.0
step_3_q_8,0.0037078857421875,0.6875,0.126953125,0.09619140625,0.03369140625,0.0191650390625,0.00628662109375,0.0069580078125,0.0189208984375,0.0,0.0,0.0,0.0,0.0
step_3_q_9,0.00164031982421875,0.59375,0.10693359375,0.0712890625,0.0245361328125,0.0230712890625,0.0135498046875,0.0191650390625,0.03759765625,0.10693359375,0.0,0.0,0.0,0.0
step_3_q_10,0.0022735595703125,0.875,0.05078125,0.033935546875,0.00885009765625,0.00408935546875,0.00185394287109375,0.0027008056640625,0.00494384765625,0.0028076171875,0.01458740234375,0.0,0.0,0.0
step_3_q_11,0.0009918212890625,0.81640625,0.0211181640625,0.0228271484375,0.00921630859375,0.0089111328125,0.00799560546875,0.00799560546875,0.018310546875,0.019775390625,0.043212890625,0.0220947265625,0.0,0.0
step_3_q_12,0.00022029876708984375,0.875,0.013916015625,0.01068115234375,0.003662109375,0.003082275390625,0.0031280517578125,0.00628662109375,0.00860595703125,0.01416015625,0.031494140625,0.0126953125,0.01708984375,0.0
step_3_q_13,0.00089263916015625,0.92578125,0.01239013671875,0.0111083984375,0.0037841796875,0.001617431640625,0.00103759765625,0.00122833251953125,0.00390625,0.0023040771484375,0.01519775390625,0.0018463134765625,0.002410888671875,0.01544189453125
step_4_q_0,1.0,0.0,0.0,0.0,0.0,0.0,0.0,0.0,0.0,0.0,0.0,0.0,0.0,0.0
step_4_q_1,0.51953125,0.48046875,0.0,0.0,0.0,0.0,0.0,0.0,0.0,0.0,0.0,0.0,0.0,0.0
step_4_q_2,0.328125,0.34765625,0.32421875,0.0,0.0,0.0,0.0,0.0,0.0,0.0,0.0,0.0,0.0,0.0
step_4_q_3,0.013671875,0.921875,0.0093994140625,0.055419921875,0.0,0.0,0.0,0.0,0.0,0.0,0.0,0.0,0.0,0.0
step_4_q_4,0.003173828125,0.78125,0.0172119140625,0.053955078125,0.14453125,0.0,0.0,0.0,0.0,0.0,0.0,0.0,0.0,0.0
step_4_q_5,0.002105712890625,0.73046875,0.006927490234375,0.059814453125,0.06982421875,0.130859375,0.0,0.0,0.0,0.0,0.0,0.0,0.0,0.0
step_4_q_6,0.0025787353515625,0.88671875,0.002960205078125,0.03125,0.01263427734375,0.013671875,0.051513671875,0.0,0.0,0.0,0.0,0.0,0.0,0.0
step_4_q_7,0.00087738037109375,0.86328125,0.00138092041015625,0.0166015625,0.006103515625,0.005462646484375,0.0196533203125,0.08544921875,0.0,0.0,0.0,0.0,0.0,0.0
step_4_q_8,0.000919342041015625,0.78515625,0.00506591796875,0.037353515625,0.0164794921875,0.01116943359375,0.0205078125,0.047119140625,0.07763671875,0.0,0.0,0.0,0.0,0.0
step_4_q_9,0.00063323974609375,0.7890625,0.041015625,0.0123291015625,0.00860595703125,0.0079345703125,0.001953125,0.00101470947265625,0.002227783203125,0.13671875,0.0,0.0,0.0,0.0
step_4_q_10,0.000743865966796875,0.73828125,0.026123046875,0.0732421875,0.016845703125,0.006927490234375,0.00726318359375,0.01611328125,0.0291748046875,0.012939453125,0.07080078125,0.0,0.0,0.0
step_4_q_11,0.003753662109375,0.83203125,0.01361083984375,0.014404296875,0.0038604736328125,0.0030059814453125,0.002044677734375,0.003936767578125,0.005340576171875,0.091796875,0.006256103515625,0.0211181640625,0.0,0.0
step_4_q_12,0.00185394287109375,0.78125,0.05078125,0.017822265625,0.006866455078125,0.00286865234375,0.001708984375,0.002593994140625,0.0067138671875,0.0145263671875,0.0172119140625,0.01806640625,0.0771484375,0.0
step_4_q_13,0.0024871826171875,0.73046875,0.0322265625,0.04541015625,0.01495361328125,0.006103515625,0.003692626953125,0.0089111328125,0.0111083984375,0.00543212890625,0.026611328125,0.0054931640625,0.01519775390625,0.09033203125
step_5_q_0,1.0,0.0,0.0,0.0,0.0,0.0,0.0,0.0,0.0,0.0,0.0,0.0,0.0,0.0
step_5_q_1,0.484375,0.515625,0.0,0.0,0.0,0.0,0.0,0.0,0.0,0.0,0.0,0.0,0.0,0.0
step_5_q_2,0.333984375,0.33984375,0.326171875,0.0,0.0,0.0,0.0,0.0,0.0,0.0,0.0,0.0,0.0,0.0
step_5_q_3,0.00592041015625,0.31640625,0.055908203125,0.62109375,0.0,0.0,0.0,0.0,0.0,0.0,0.0,0.0,0.0,0.0
step_5_q_4,0.01025390625,0.61328125,0.02587890625,0.240234375,0.111328125,0.0,0.0,0.0,0.0,0.0,0.0,0.0,0.0,0.0
step_5_q_5,0.0037689208984375,0.6796875,0.01434326171875,0.0654296875,0.036865234375,0.1982421875,0.0,0.0,0.0,0.0,0.0,0.0,0.0,0.0
step_5_q_6,0.0035858154296875,0.62890625,0.0233154296875,0.11279296875,0.049072265625,0.07177734375,0.109375,0.0,0.0,0.0,0.0,0.0,0.0,0.0
step_5_q_7,0.0024261474609375,0.5703125,0.026611328125,0.1337890625,0.056640625,0.046875,0.0458984375,0.1162109375,0.0,0.0,0.0,0.0,0.0,0.0
step_5_q_8,0.006195068359375,0.7734375,0.00860595703125,0.037841796875,0.0191650390625,0.0128173828125,0.01263427734375,0.040771484375,0.08837890625,0.0,0.0,0.0,0.0,0.0
step_5_q_9,0.0022430419921875,0.359375,0.0634765625,0.04931640625,0.0252685546875,0.024658203125,0.0098876953125,0.019775390625,0.0252685546875,0.419921875,0.0,0.0,0.0,0.0
step_5_q_10,0.0021209716796875,0.7890625,0.00848388671875,0.0291748046875,0.0169677734375,0.00970458984375,0.0062255859375,0.01220703125,0.025390625,0.006805419921875,0.0927734375,0.0,0.0,0.0
step_5_q_11,0.008056640625,0.494140625,0.019287109375,0.008056640625,0.00604248046875,0.01007080078125,0.00701904296875,0.005645751953125,0.0054931640625,0.046875,0.04052734375,0.349609375,0.0,0.0
step_5_q_12,0.0026092529296875,0.404296875,0.1494140625,0.032470703125,0.0235595703125,0.01495361328125,0.004119873046875,0.016357421875,0.01263427734375,0.012939453125,0.068359375,0.0234375,0.234375,0.0
step_5_q_13,0.0028076171875,0.392578125,0.042724609375,0.08740234375,0.03955078125,0.01220703125,0.006683349609375,0.03125,0.03076171875,0.004669189453125,0.09619140625,0.000759124755859375,0.0074462890625,0.2451171875
step_6_q_0,1.0,0.0,0.0,0.0,0.0,0.0,0.0,0.0,0.0,0.0,0.0,0.0,0.0,0.0
step_6_q_1,0.51953125,0.478515625,0.0,0.0,0.0,0.0,0.0,0.0,0.0,0.0,0.0,0.0,0.0,0.0
step_6_q_2,0.31640625,0.3359375,0.34765625,0.0,0.0,0.0,0.0,0.0,0.0,0.0,0.0,0.0,0.0,0.0
step_6_q_3,0.0191650390625,0.6875,0.251953125,0.04248046875,0.0,0.0,0.0,0.0,0.0,0.0,0.0,0.0,0.0,0.0
step_6_q_4,0.002044677734375,0.83984375,0.0296630859375,0.0859375,0.043212890625,0.0,0.0,0.0,0.0,0.0,0.0,0.0,0.0,0.0
step_6_q_5,0.003143310546875,0.51171875,0.0240478515625,0.2421875,0.201171875,0.0155029296875,0.0,0.0,0.0,0.0,0.0,0.0,0.0,0.0
step_6_q_6,0.0018310546875,0.93359375,0.002105712890625,0.024169921875,0.02001953125,0.009765625,0.006805419921875,0.0,0.0,0.0,0.0,0.0,0.0,0.0
step_6_q_7,0.003997802734375,0.8203125,0.004241943359375,0.07177734375,0.0615234375,0.0198974609375,0.0084228515625,0.0079345703125,0.0,0.0,0.0,0.0,0.0,0.0
step_6_q_8,0.003204345703125,0.6796875,0.010986328125,0.055908203125,0.05419921875,0.0289306640625,0.0181884765625,0.1298828125,0.0181884765625,0.0,0.0,0.0,0.0,0.0
step_6_q_9,0.00823974609375,0.7890625,0.0166015625,0.00775146484375,0.004608154296875,0.005157470703125,0.004791259765625,0.0174560546875,0.0172119140625,0.12890625,0.0,0.0,0.0,0.0
step_6_q_10,0.004547119140625,0.54296875,0.025390625,0.039306640625,0.048828125,0.05029296875,0.0135498046875,0.1171875,0.0537109375,0.0830078125,0.0223388671875,0.0,0.0,0.0
step_6_q_11,0.033935546875,0.76953125,0.01409912109375,0.00830078125,0.00115966796875,0.0054931640625,0.004669189453125,0.00848388671875,0.00421142578125,0.11083984375,0.00872802734375,0.0302734375,0.0,0.0
step_6_q_12,0.00390625,0.78125,0.025146484375,0.020263671875,0.021484375,0.0064697265625,0.0007476806640625,0.004302978515625,0.008544921875,0.045654296875,0.034912109375,0.017822265625,0.027587890625,0.0
step_6_q_13,0.0030059814453125,0.400390625,0.044921875,0.0576171875,0.10791015625,0.025634765625,0.0030517578125,0.0247802734375,0.0308837890625,0.0478515625,0.051025390625,0.002349853515625,0.1669921875,0.033935546875
step_7_q_0,1.0,0.0,0.0,0.0,0.0,0.0,0.0,0.0,0.0,0.0,0.0,0.0,0.0,0.0
step_7_q_1,0.50390625,0.49609375,0.0,0.0,0.0,0.0,0.0,0.0,0.0,0.0,0.0,0.0,0.0,0.0
step_7_q_2,0.349609375,0.318359375,0.33203125,0.0,0.0,0.0,0.0,0.0,0.0,0.0,0.0,0.0,0.0,0.0
step_7_q_3,0.004852294921875,0.50390625,0.2734375,0.216796875,0.0,0.0,0.0,0.0,0.0,0.0,0.0,0.0,0.0,0.0
step_7_q_4,0.005340576171875,0.7109375,0.07470703125,0.1826171875,0.0281982421875,0.0,0.0,0.0,0.0,0.0,0.0,0.0,0.0,0.0
step_7_q_5,0.00162506103515625,0.462890625,0.1650390625,0.255859375,0.0361328125,0.080078125,0.0,0.0,0.0,0.0,0.0,0.0,0.0,0.0
step_7_q_6,0.003021240234375,0.5703125,0.0771484375,0.134765625,0.06298828125,0.11376953125,0.038818359375,0.0,0.0,0.0,0.0,0.0,0.0,0.0
step_7_q_7,0.0036163330078125,0.466796875,0.109375,0.1884765625,0.040771484375,0.1318359375,0.015869140625,0.042724609375,0.0,0.0,0.0,0.0,0.0,0.0
step_7_q_8,0.002105712890625,0.546875,0.062255859375,0.1298828125,0.04638671875,0.07080078125,0.0164794921875,0.07421875,0.05078125,0.0,0.0,0.0,0.0,0.0
step_7_q_9,0.00194549560546875,0.55859375,0.025146484375,0.0240478515625,0.0301513671875,0.04052734375,0.024658203125,0.055419921875,0.04443359375,0.193359375,0.0,0.0,0.0,0.0
step_7_q_10,0.0020751953125,0.35546875,0.06982421875,0.0791015625,0.015625,0.049560546875,0.007476806640625,0.061767578125,0.0537109375,0.08984375,0.2158203125,0.0,0.0,0.0
step_7_q_11,0.00982666015625,0.66015625,0.055908203125,0.036865234375,0.006317138671875,0.0101318359375,0.0025634765625,0.005706787109375,0.01239013671875,0.047119140625,0.115234375,0.03857421875,0.0,0.0
step_7_q_12,0.00102996826171875,0.0947265625,0.091796875,0.171875,0.047607421875,0.0289306640625,0.0035552978515625,0.0084228515625,0.03125,0.05224609375,0.1337890625,0.005340576171875,0.330078125,0.0
step_7_q_13,0.001739501953125,0.33203125,0.037841796875,0.05517578125,0.02685546875,0.037841796875,0.006805419921875,0.05517578125,0.07421875,0.053466796875,0.1474609375,0.005279541015625,0.08935546875,0.07666015625
step_8_q_0,1.0,0.0,0.0,0.0,0.0,0.0,0.0,0.0,0.0,0.0,0.0,0.0,0.0,0.0
step_8_q_1,0.5,0.498046875,0.0,0.0,0.0,0.0,0.0,0.0,0.0,0.0,0.0,0.0,0.0,0.0
step_8_q_2,0.353515625,0.3203125,0.326171875,0.0,0.0,0.0,0.0,0.0,0.0,0.0,0.0,0.0,0.0,0.0
step_8_q_3,0.0157470703125,0.83203125,0.062255859375,0.09033203125,0.0,0.0,0.0,0.0,0.0,0.0,0.0,0.0,0.0,0.0
step_8_q_4,0.0247802734375,0.828125,0.08984375,0.039794921875,0.0191650390625,0.0,0.0,0.0,0.0,0.0,0.0,0.0,0.0,0.0
step_8_q_5,0.032470703125,0.765625,0.061767578125,0.061767578125,0.046630859375,0.031982421875,0.0,0.0,0.0,0.0,0.0,0.0,0.0,0.0
step_8_q_6,0.017578125,0.79296875,0.053955078125,0.034423828125,0.0693359375,0.020263671875,0.00970458984375,0.0,0.0,0.0,0.0,0.0,0.0,0.0
step_8_q_7,0.01434326171875,0.62109375,0.11474609375,0.07177734375,0.1298828125,0.029052734375,0.006591796875,0.0126953125,0.0,0.0,0.0,0.0,0.0,0.0
step_8_q_8,0.01104736328125,0.625,0.06591796875,0.07666015625,0.1572265625,0.046630859375,0.005157470703125,0.00482177734375,0.00860595703125,0.0,0.0,0.0,0.0,0.0
step_8_q_9,0.021728515625,0.71875,0.03271484375,0.0537109375,0.0269775390625,0.010986328125,0.0166015625,0.03759765625,0.05126953125,0.0291748046875,0.0,0.0,0.0,0.0
step_8_q_10,0.00799560546875,0.625,0.0306396484375,0.06396484375,0.08203125,0.07958984375,0.0201416015625,0.01495361328125,0.015380859375,0.00048065185546875,0.06005859375,0.0,0.0,0.0
step_8_q_11,0.0107421875,0.77734375,0.0047607421875,0.023193359375,0.017578125,0.00518798828125,0.0025482177734375,0.0079345703125,0.032470703125,0.006134033203125,0.078125,0.03564453125,0.0,0.0
step_8_q_12,0.00183868408203125,0.5234375,0.07275390625,0.1240234375,0.034423828125,0.03125,0.0028076171875,0.005523681640625,0.0159912109375,0.040283203125,0.0966796875,0.00970458984375,0.042724609375,0.0
step_8_q_13,0.00396728515625,0.6484375,0.0302734375,0.07275390625,0.027587890625,0.01953125,0.01165771484375,0.01300048828125,0.035400390625,0.007080078125,0.06396484375,0.00634765625,0.0020599365234375,0.058349609375
step_9_q_0,1.0,0.0,0.0,0.0,0.0,0.0,0.0,0.0,0.0,0.0,0.0,0.0,0.0,0.0
step_9_q_1,0.48828125,0.51171875,0.0,0.0,0.0,0.0,0.0,0.0,0.0,0.0,0.0,0.0,0.0,0.0
step_9_q_2,0.314453125,0.36328125,0.3203125,0.0,0.0,0.0,0.0,0.0,0.0,0.0,0.0,0.0,0.0,0.0
step_9_q_3,1.6450881958007812e-05,0.98828125,0.0002880096435546875,0.01202392578125,0.0,0.0,0.0,0.0,0.0,0.0,0.0,0.0,0.0,0.0
step_9_q_4,4.601478576660156e-05,0.9765625,0.00017547607421875,0.0045166015625,0.016845703125,0.0,0.0,0.0,0.0,0.0,0.0,0.0,0.0,0.0
step_9_q_5,0.000186920166015625,0.9921875,0.0003948211669921875,0.00104522705078125,0.0012969970703125,0.00445556640625,0.0,0.0,0.0,0.0,0.0,0.0,0.0,0.0
step_9_q_6,8.64267349243164e-06,1.0,0.00012683868408203125,0.00023746490478515625,0.00023746490478515625,0.000278472900390625,0.0004177093505859375,0.0,0.0,0.0,0.0,0.0,0.0,0.0
step_9_q_7,1.8477439880371094e-05,0.99609375,0.000308990478515625,0.00159454345703125,0.0012054443359375,0.000614166259765625,0.000339508056640625,0.000576019287109375,0.0,0.0,0.0,0.0,0.0,0.0
step_9_q_8,4.8160552978515625e-05,0.96875,0.00018405914306640625,0.0052490234375,0.00982666015625,0.00421142578125,0.000885009765625,0.0011749267578125,0.00811767578125,0.0,0.0,0.0,0.0,0.0
step_9_q_9,7.963180541992188e-05,0.91796875,0.056884765625,0.00927734375,0.0019683837890625,0.00107574462890625,0.00035858154296875,0.00148773193359375,0.00188446044921875,0.010498046875,0.0,0.0,0.0,0.0
step_9_q_10,5.8650970458984375e-05,0.9375,0.004608154296875,0.00592041015625,0.00347900390625,0.00189208984375,0.0005950927734375,0.00099945068359375,0.00811767578125,3.2901763916015625e-05,0.03857421875,0.0,0.0,0.0
step_9_q_11,0.001220703125,0.9296875,0.00469970703125,0.00677490234375,0.003143310546875,0.0013885498046875,0.0003204345703125,0.00058746337890625,0.01153564453125,0.000701904296875,0.03955078125,0.0015869140625,0.0,0.0
step_9_q_12,4.26173210144043e-06,0.99609375,0.0001354217529296875,0.00025177001953125,0.0001354217529296875,0.000518798828125,0.0006256103515625,3.981590270996094e-05,0.00066375732421875,3.361701965332031e-05,0.00106048583984375,0.0006256103515625,6.771087646484375e-05,0.0
step_9_q_13,0.000766754150390625,0.703125,0.006561279296875,0.0240478515625,0.0263671875,0.0272216796875,0.006256103515625,0.003509521484375,0.07177734375,0.00022220611572265625,0.111328125,0.002655029296875,0.0003528594970703125,0.01708984375
step_10_q_0,1.0,0.0,0.0,0.0,0.0,0.0,0.0,0.0,0.0,0.0,0.0,0.0,0.0,0.0
step_10_q_1,0.4765625,0.5234375,0.0,0.0,0.0,0.0,0.0,0.0,0.0,0.0,0.0,0.0,0.0,0.0
step_10_q_2,0.337890625,0.326171875,0.3359375,0.0,0.0,0.0,0.0,0.0,0.0,0.0,0.0,0.0,0.0,0.0
step_10_q_3,0.00457763671875,0.84765625,0.01708984375,0.1298828125,0.0,0.0,0.0,0.0,0.0,0.0,0.0,0.0,0.0,0.0
step_10_q_4,0.0027008056640625,0.82421875,0.02001953125,0.04931640625,0.1044921875,0.0,0.0,0.0,0.0,0.0,0.0,0.0,0.0,0.0
step_10_q_5,0.00136566162109375,0.73046875,0.004486083984375,0.0927734375,0.0283203125,0.1435546875,0.0,0.0,0.0,0.0,0.0,0.0,0.0,0.0
step_10_q_6,0.000247955322265625,0.84765625,0.004058837890625,0.0159912109375,0.01287841796875,0.0240478515625,0.09521484375,0.0,0.0,0.0,0.0,0.0,0.0,0.0
step_10_q_7,0.0001163482666015625,0.79296875,0.0036773681640625,0.005859375,0.0106201171875,0.0096435546875,0.03076171875,0.146484375,0.0,0.0,0.0,0.0,0.0,0.0
step_10_q_8,0.00028228759765625,0.69921875,0.0035552978515625,0.004852294921875,0.0224609375,0.0174560546875,0.0106201171875,0.02880859375,0.212890625,0.0,0.0,0.0,0.0,0.0
step_10_q_9,0.00146484375,0.9453125,0.00872802734375,0.005462646484375,0.000904083251953125,0.000514984130859375,0.00188446044921875,0.000640869140625,0.00060272216796875,0.033447265625,0.0,0.0,0.0,0.0
step_10_q_10,0.00113677978515625,0.47265625,0.005096435546875,0.018310546875,0.018310546875,0.0220947265625,0.005584716796875,0.01220703125,0.119140625,0.00170135498046875,0.32421875,0.0,0.0,0.0
step_10_q_11,0.014404296875,0.7890625,0.006805419921875,0.029541015625,0.003936767578125,0.009033203125,0.004913330078125,0.003753662109375,0.0032196044921875,0.00592041015625,0.01055908203125,0.12060546875,0.0,0.0
step_10_q_12,0.0133056640625,0.875,0.02001953125,0.0120849609375,0.00250244140625,0.000904083251953125,0.00104522705078125,0.0078125,0.0035858154296875,0.007568359375,0.002349853515625,0.0020751953125,0.051025390625,0.0
step_10_q_13,0.007232666015625,0.65234375,0.0216064453125,0.014404296875,0.00482177734375,0.001495361328125,0.000949859619140625,0.001495361328125,0.009033203125,0.00341796875,0.020263671875,0.0045166015625,0.003936767578125,0.255859375
step_11_q_0,1.0,0.0,0.0,0.0,0.0,0.0,0.0,0.0,0.0,0.0,0.0,0.0,0.0,0.0
step_11_q_1,0.4921875,0.5078125,0.0,0.0,0.0,0.0,0.0,0.0,0.0,0.0,0.0,0.0,0.0,0.0
step_11_q_2,0.32421875,0.349609375,0.326171875,0.0,0.0,0.0,0.0,0.0,0.0,0.0,0.0,0.0,0.0,0.0
step_11_q_3,0.01708984375,0.578125,0.361328125,0.0458984375,0.0,0.0,0.0,0.0,0.0,0.0,0.0,0.0,0.0,0.0
step_11_q_4,0.008056640625,0.62109375,0.177734375,0.1337890625,0.061279296875,0.0,0.0,0.0,0.0,0.0,0.0,0.0,0.0,0.0
step_11_q_5,0.00238037109375,0.62109375,0.033935546875,0.1474609375,0.1826171875,0.01409912109375,0.0,0.0,0.0,0.0,0.0,0.0,0.0,0.0
step_11_q_6,0.000621795654296875,0.63671875,0.00225830078125,0.046142578125,0.212890625,0.09765625,0.005340576171875,0.0,0.0,0.0,0.0,0.0,0.0,0.0
step_11_q_7,0.003082275390625,0.7421875,0.01007080078125,0.015625,0.08837890625,0.11376953125,0.0245361328125,0.0036468505859375,0.0,0.0,0.0,0.0,0.0,0.0
step_11_q_8,0.00518798828125,0.42578125,0.0634765625,0.09521484375,0.1337890625,0.18359375,0.0289306640625,0.037109375,0.0272216796875,0.0,0.0,0.0,0.0,0.0
step_11_q_9,0.00128173828125,0.96875,0.0026397705078125,0.00136566162109375,0.0011138916015625,0.003082275390625,0.0027618408203125,0.002960205078125,0.0052490234375,0.0106201171875,0.0,0.0,0.0,0.0
step_11_q_10,0.0087890625,0.361328125,0.1103515625,0.07568359375,0.03369140625,0.04736328125,0.006134033203125,0.0191650390625,0.08349609375,0.212890625,0.04052734375,0.0,0.0,0.0
step_11_q_11,0.0021820068359375,0.69140625,0.0026702880859375,0.003021240234375,0.00579833984375,0.00933837890625,0.00189208984375,0.003021240234375,0.0218505859375,0.021484375,0.154296875,0.0849609375,0.0,0.0
step_11_q_12,0.00148773193359375,0.73046875,0.0003185272216796875,0.000423431396484375,0.000911712646484375,0.00177001953125,0.00098419189453125,0.0004711151123046875,0.002288818359375,0.03564453125,0.016357421875,0.1572265625,0.052734375,0.0
step_11_q_13,0.001678466796875,0.1865234375,0.00872802734375,0.0023956298828125,0.0020599365234375,0.003692626953125,0.00311279296875,0.002716064453125,0.016845703125,0.337890625,0.044189453125,0.0162353515625,0.328125,0.047119140625
step_12_q_0,1.0,0.0,0.0,0.0,0.0,0.0,0.0,0.0,0.0,0.0,0.0,0.0,0.0,0.0
step_12_q_1,0.474609375,0.5234375,0.0,0.0,0.0,0.0,0.0,0.0,0.0,0.0,0.0,0.0,0.0,0.0
step_12_q_2,0.314453125,0.349609375,0.337890625,0.0,0.0,0.0,0.0,0.0,0.0,0.0,0.0,0.0,0.0,0.0
step_12_q_3,0.00171661376953125,0.875,0.07177734375,0.052490234375,0.0,0.0,0.0,0.0,0.0,0.0,0.0,0.0,0.0,0.0
step_12_q_4,0.0016937255859375,0.93359375,0.01251220703125,0.03857421875,0.0133056640625,0.0,0.0,0.0,0.0,0.0,0.0,0.0,0.0,0.0
step_12_q_5,0.0036468505859375,0.8125,0.039306640625,0.103515625,0.032470703125,0.007049560546875,0.0,0.0,0.0,0.0,0.0,0.0,0.0,0.0
step_12_q_6,0.005859375,0.7421875,0.0031890869140625,0.047607421875,0.06689453125,0.1005859375,0.03271484375,0.0,0.0,0.0,0.0,0.0,0.0,0.0
step_12_q_7,0.010009765625,0.6796875,0.00830078125,0.0712890625,0.1142578125,0.0712890625,0.012451171875,0.03369140625,0.0,0.0,0.0,0.0,0.0,0.0
step_12_q_8,0.004547119140625,0.71875,0.031494140625,0.1416015625,0.07080078125,0.0115966796875,0.0005950927734375,0.00250244140625,0.0203857421875,0.0,0.0,0.0,0.0,0.0
step_12_q_9,0.002105712890625,0.7265625,0.15234375,0.08154296875,0.01611328125,0.00347900390625,0.000377655029296875,0.00099945068359375,0.0091552734375,0.00592041015625,0.0,0.0,0.0,0.0
step_12_q_10,0.003662109375,0.578125,0.1875,0.11376953125,0.024658203125,0.003662109375,0.00023746490478515625,0.0014801025390625,0.0140380859375,0.00201416015625,0.0712890625,0.0,0.0,0.0
step_12_q_11,0.00604248046875,0.89453125,0.01495361328125,0.00799560546875,0.0068359375,0.0027618408203125,0.0003986358642578125,0.00079345703125,0.00933837890625,0.0035400390625,0.039306640625,0.01239013671875,0.0,0.0
step_12_q_12,0.004547119140625,0.404296875,0.2451171875,0.07958984375,0.0201416015625,0.0111083984375,0.0010528564453125,0.0017852783203125,0.01611328125,0.0400390625,0.06591796875,0.0089111328125,0.10205078125,0.0
step_12_q_13,0.004302978515625,0.376953125,0.1259765625,0.07421875,0.034912109375,0.021240234375,0.004302978515625,0.00732421875,0.03857421875,0.0206298828125,0.111328125,0.005035400390625,0.032958984375,0.142578125
step_13_q_0,1.0,0.0,0.0,0.0,0.0,0.0,0.0,0.0,0.0,0.0,0.0,0.0,0.0,0.0
step_13_q_1,0.48828125,0.51171875,0.0,0.0,0.0,0.0,0.0,0.0,0.0,0.0,0.0,0.0,0.0,0.0
step_13_q_2,0.34375,0.318359375,0.337890625,0.0,0.0,0.0,0.0,0.0,0.0,0.0,0.0,0.0,0.0,0.0
step_13_q_3,0.023193359375,0.92578125,0.012451171875,0.037109375,0.0,0.0,0.0,0.0,0.0,0.0,0.0,0.0,0.0,0.0
step_13_q_4,0.01312255859375,0.921875,0.01116943359375,0.043701171875,0.01031494140625,0.0,0.0,0.0,0.0,0.0,0.0,0.0,0.0,0.0
step_13_q_5,0.0037078857421875,0.890625,0.01422119140625,0.054443359375,0.0196533203125,0.015869140625,0.0,0.0,0.0,0.0,0.0,0.0,0.0,0.0
step_13_q_6,0.0037384033203125,0.9140625,0.005523681640625,0.04150390625,0.025146484375,0.00970458984375,0.00144195556640625,0.0,0.0,0.0,0.0,0.0,0.0,0.0
step_13_q_7,0.0025634765625,0.91015625,0.00543212890625,0.03857421875,0.02001953125,0.0194091796875,0.003631591796875,0.001495361328125,0.0,0.0,0.0,0.0,0.0,0.0
step_13_q_8,0.004791259765625,0.91796875,0.005859375,0.0269775390625,0.011962890625,0.01611328125,0.005340576171875,0.005950927734375,0.0034027099609375,0.0,0.0,0.0,0.0,0.0
step_13_q_9,0.00092315673828125,0.90625,0.009765625,0.0238037109375,0.01275634765625,0.01177978515625,0.00860595703125,0.00439453125,0.012939453125,0.0074462890625,0.0,0.0,0.0,0.0
step_13_q_10,0.004241943359375,0.89453125,0.006103515625,0.02734375,0.00811767578125,0.0146484375,0.0084228515625,0.00732421875,0.006072998046875,0.0191650390625,0.005157470703125,0.0,0.0,0.0
step_13_q_11,0.00144195556640625,0.85546875,0.01153564453125,0.041259765625,0.01806640625,0.012451171875,0.004425048828125,0.0107421875,0.0126953125,0.010986328125,0.019775390625,0.0022430419921875,0.0,0.0
step_13_q_12,0.0021514892578125,0.76171875,0.0208740234375,0.06982421875,0.029541015625,0.016357421875,0.00897216796875,0.00299072265625,0.010498046875,0.01251220703125,0.05859375,0.004608154296875,0.00201416015625,0.0
step_13_q_13,0.00160980224609375,0.84765625,0.01080322265625,0.034423828125,0.0157470703125,0.01080322265625,0.0045166015625,0.0025634765625,0.00579833984375,0.0098876953125,0.0240478515625,0.00396728515625,0.00640869140625,0.0225830078125
step_14_q_0,1.0,0.0,0.0,0.0,0.0,0.0,0.0,0.0,0.0,0.0,0.0,0.0,0.0,0.0
step_14_q_1,0.55078125,0.447265625,0.0,0.0,0.0,0.0,0.0,0.0,0.0,0.0,0.0,0.0,0.0,0.0
step_14_q_2,0.345703125,0.337890625,0.31640625,0.0,0.0,0.0,0.0,0.0,0.0,0.0,0.0,0.0,0.0,0.0
step_14_q_3,0.00034332275390625,0.11669921875,0.0216064453125,0.86328125,0.0,0.0,0.0,0.0,0.0,0.0,0.0,0.0,0.0,0.0
step_14_q_4,0.00024127960205078125,0.1005859375,0.002288818359375,0.10693359375,0.7890625,0.0,0.0,0.0,0.0,0.0,0.0,0.0,0.0,0.0
step_14_q_5,0.000423431396484375,0.2578125,0.0012664794921875,0.044677734375,0.11767578125,0.578125,0.0,0.0,0.0,0.0,0.0,0.0,0.0,0.0
step_14_q_6,0.0001277923583984375,0.1923828125,0.0002841949462890625,0.004974365234375,0.00701904296875,0.033447265625,0.76171875,0.0,0.0,0.0,0.0,0.0,0.0,0.0
step_14_q_7,6.765127182006836e-06,0.051513671875,3.647804260253906e-05,0.00121307373046875,0.001556396484375,0.003082275390625,0.03125,0.91015625,0.0,0.0,0.0,0.0,0.0,0.0
step_14_q_8,8.046627044677734e-06,0.1259765625,0.00023937225341796875,0.0037994384765625,0.00537109375,0.00537109375,0.002105712890625,0.08642578125,0.76953125,0.0,0.0,0.0,0.0,0.0
step_14_q_9,0.000278472900390625,0.51171875,0.0111083984375,0.0107421875,0.0047607421875,0.004119873046875,0.003692626953125,0.006622314453125,0.0118408203125,0.435546875,0.0,0.0,0.0,0.0
step_14_q_10,4.976987838745117e-06,0.11865234375,0.0002803802490234375,0.0033721923828125,0.0067138671875,0.00628662109375,0.0003662109375,0.00262451171875,0.0361328125,0.0001735687255859375,0.82421875,0.0,0.0,0.0
step_14_q_11,9.584426879882812e-05,0.03271484375,0.0001354217529296875,0.000606536865234375,0.00113677978515625,0.000804901123046875,0.00030517578125,0.000362396240234375,0.000545501708984375,6.389617919921875e-05,0.00799560546875,0.95703125,0.0,0.0
step_14_q_12,1.0073184967041016e-05,0.06298828125,0.00130462646484375,0.0012664794921875,0.0005035400390625,0.00083160400390625,0.000423431396484375,0.00122833251953125,0.00058746337890625,0.00070953369140625,0.0025177001953125,0.002227783203125,0.92578125,0.0
step_14_q_13,1.9788742065429688e-05,0.024658203125,0.002685546875,0.0029449462890625,0.00079345703125,0.00152587890625,0.00046539306640625,0.00122833251953125,0.00122833251953125,0.001190185546875,0.00775146484375,0.0030364990234375,0.0279541015625,0.92578125
step_15_q_0,1.0,0.0,0.0,0.0,0.0,0.0,0.0,0.0,0.0,0.0,0.0,0.0,0.0,0.0
step_15_q_1,0.5078125,0.490234375,0.0,0.0,0.0,0.0,0.0,0.0,0.0,0.0,0.0,0.0,0.0,0.0
step_15_q_2,0.3203125,0.34765625,0.330078125,0.0,0.0,0.0,0.0,0.0,0.0,0.0,0.0,0.0,0.0,0.0
step_15_q_3,0.007080078125,0.6796875,0.2197265625,0.0947265625,0.0,0.0,0.0,0.0,0.0,0.0,0.0,0.0,0.0,0.0
step_15_q_4,0.011474609375,0.7109375,0.0250244140625,0.1689453125,0.0849609375,0.0,0.0,0.0,0.0,0.0,0.0,0.0,0.0,0.0
step_15_q_5,0.00714111328125,0.73046875,0.0213623046875,0.0791015625,0.130859375,0.031982421875,0.0,0.0,0.0,0.0,0.0,0.0,0.0,0.0
step_15_q_6,0.00885009765625,0.8203125,0.007080078125,0.0299072265625,0.0654296875,0.046142578125,0.023193359375,0.0,0.0,0.0,0.0,0.0,0.0,0.0
step_15_q_7,0.007537841796875,0.72265625,0.004180908203125,0.03955078125,0.061279296875,0.0556640625,0.04345703125,0.0654296875,0.0,0.0,0.0,0.0,0.0,0.0
step_15_q_8,0.0048828125,0.56640625,0.0159912109375,0.111328125,0.12255859375,0.04638671875,0.01104736328125,0.07421875,0.0478515625,0.0,0.0,0.0,0.0,0.0
step_15_q_9,0.00836181640625,0.5859375,0.158203125,0.046630859375,0.0283203125,0.0135498046875,0.0015716552734375,0.00640869140625,0.031982421875,0.119140625,0.0,0.0,0.0,0.0
step_15_q_10,0.00201416015625,0.1455078125,0.0135498046875,0.12109375,0.1875,0.06884765625,0.015869140625,0.1650390625,0.19921875,0.0230712890625,0.05712890625,0.0,0.0,0.0
step_15_q_11,0.006317138671875,0.625,0.0028839111328125,0.026611328125,0.0341796875,0.0177001953125,0.0062255859375,0.08447265625,0.08203125,0.00185394287109375,0.08740234375,0.026611328125,0.0,0.0
step_15_q_12,0.004791259765625,0.50390625,0.06787109375,0.1357421875,0.072265625,0.0400390625,0.0054931640625,0.0111083984375,0.0311279296875,0.0213623046875,0.09033203125,0.00921630859375,0.00775146484375,0.0
step_15_q_13,0.0036468505859375,0.349609375,0.0286865234375,0.055419921875,0.09716796875,0.060791015625,0.016357421875,0.0458984375,0.08837890625,0.016357421875,0.103515625,0.006927490234375,0.048828125,0.078125
step_16_q_0,1.0,0.0,0.0,0.0,0.0,0.0,0.0,0.0,0.0,0.0,0.0,0.0,0.0,0.0
step_16_q_1,0.50390625,0.49609375,0.0,0.0,0.0,0.0,0.0,0.0,0.0,0.0,0.0,0.0,0.0,0.0
step_16_q_2,0.33203125,0.341796875,0.328125,0.0,0.0,0.0,0.0,0.0,0.0,0.0,0.0,0.0,0.0,0.0
step_16_q_3,0.0002307891845703125,0.63671875,0.212890625,0.1513671875,0.0,0.0,0.0,0.0,0.0,0.0,0.0,0.0,0.0,0.0
step_16_q_4,0.00072479248046875,0.390625,0.1396484375,0.416015625,0.05224609375,0.0,0.0,0.0,0.0,0.0,0.0,0.0,0.0,0.0
step_16_q_5,0.0011444091796875,0.197265625,0.25390625,0.4453125,0.07958984375,0.0242919921875,0.0,0.0,0.0,0.0,0.0,0.0,0.0,0.0
step_16_q_6,0.0007171630859375,0.50390625,0.05078125,0.3359375,0.051513671875,0.038818359375,0.018310546875,0.0,0.0,0.0,0.0,0.0,0.0,0.0
step_16_q_7,0.0004482269287109375,0.51171875,0.0693359375,0.33984375,0.03173828125,0.025390625,0.006683349609375,0.015869140625,0.0,0.0,0.0,0.0,0.0,0.0
step_16_q_8,0.0002288818359375,0.5390625,0.05517578125,0.337890625,0.0203857421875,0.0057373046875,0.0018463134765625,0.00830078125,0.031494140625,0.0,0.0,0.0,0.0,0.0
step_16_q_9,0.0001201629638671875,0.9140625,0.0135498046875,0.01080322265625,0.0027313232421875,0.00518798828125,0.003265380859375,0.007171630859375,0.032470703125,0.00927734375,0.0,0.0,0.0,0.0
step_16_q_10,7.104873657226562e-05,0.83984375,0.0252685546875,0.03857421875,0.005218505859375,0.002471923828125,0.00136566162109375,0.006134033203125,0.0191650390625,0.00144195556640625,0.061767578125,0.0,0.0,0.0
step_16_q_11,5.0067901611328125e-05,0.474609375,0.021240234375,0.0517578125,0.00958251953125,0.009765625,0.00116729736328125,0.0361328125,0.05419921875,0.0030364990234375,0.3359375,0.00162506103515625,0.0,0.0
step_16_q_12,0.00011348724365234375,0.71484375,0.01080322265625,0.0079345703125,0.00360107421875,0.0019378662109375,0.0010528564453125,0.012939453125,0.036865234375,0.0020294189453125,0.19921875,0.00433349609375,0.0029754638671875,0.0
step_16_q_13,3.981590270996094e-05,0.875,0.01385498046875,0.00823974609375,0.0021514892578125,0.00081634521484375,0.000720977783203125,0.004302978515625,0.01806640625,0.00186920166015625,0.057861328125,0.00099945068359375,0.001922607421875,0.01361083984375
step_17_q_0,1.0,0.0,0.0,0.0,0.0,0.0,0.0,0.0,0.0,0.0,0.0,0.0,0.0,0.0
step_17_q_1,0.490234375,0.5078125,0.0,0.0,0.0,0.0,0.0,0.0,0.0,0.0,0.0,0.0,0.0,0.0
step_17_q_2,0.3359375,0.337890625,0.328125,0.0,0.0,0.0,0.0,0.0,0.0,0.0,0.0,0.0,0.0,0.0
step_17_q_3,0.003021240234375,0.82421875,0.083984375,0.08935546875,0.0,0.0,0.0,0.0,0.0,0.0,0.0,0.0,0.0,0.0
step_17_q_4,0.003448486328125,0.72265625,0.0205078125,0.1943359375,0.06103515625,0.0,0.0,0.0,0.0,0.0,0.0,0.0,0.0,0.0
step_17_q_5,0.00151824951171875,0.76171875,0.003997802734375,0.053466796875,0.140625,0.0390625,0.0,0.0,0.0,0.0,0.0,0.0,0.0,0.0
step_17_q_6,0.004608154296875,0.7890625,0.0025177001953125,0.016357421875,0.043212890625,0.09423828125,0.050537109375,0.0,0.0,0.0,0.0,0.0,0.0,0.0
step_17_q_7,0.000865936279296875,0.93359375,0.00087738037109375,0.00482177734375,0.021240234375,0.01556396484375,0.004180908203125,0.018798828125,0.0,0.0,0.0,0.0,0.0,0.0
step_17_q_8,0.0019683837890625,0.80078125,0.003326416015625,0.03857421875,0.048095703125,0.02490234375,0.01092529296875,0.048095703125,0.022705078125,0.0,0.0,0.0,0.0,0.0
step_17_q_9,0.000499725341796875,0.859375,0.033203125,0.0152587890625,0.0118408203125,0.0059814453125,0.00095367431640625,0.006988525390625,0.006256103515625,0.060302734375,0.0,0.0,0.0,0.0
step_17_q_10,0.005035400390625,0.671875,0.0179443359375,0.0908203125,0.060546875,0.022216796875,0.010009765625,0.048583984375,0.040283203125,0.01171875,0.0208740234375,0.0,0.0,0.0
step_17_q_11,0.00054931640625,0.94921875,0.00125885009765625,0.006011962890625,0.01312255859375,0.00099945068359375,0.0033721923828125,0.0126953125,0.0029296875,0.0018310546875,0.003997802734375,0.004119873046875,0.0,0.0
step_17_q_12,0.0001678466796875,0.95703125,0.001739501953125,0.00213623046875,0.0023956298828125,0.0013427734375,0.0003871917724609375,0.0002117156982421875,0.0003070831298828125,0.003570556640625,0.00070953369140625,0.020263671875,0.0079345703125,0.0
step_17_q_13,0.0014801025390625,0.6484375,0.0098876953125,0.007568359375,0.007568359375,0.00616455078125,0.00335693359375,0.00677490234375,0.00830078125,0.0157470703125,0.00970458984375,0.006683349609375,0.154296875,0.11279296875
step_18_q_0,1.0,0.0,0.0,0.0,0.0,0.0,0.0,0.0,0.0,0.0,0.0,0.0,0.0,0.0
step_18_q_1,0.57421875,0.42578125,0.0,0.0,0.0,0.0,0.0,0.0,0.0,0.0,0.0,0.0,0.0,0.0
step_18_q_2,0.3359375,0.330078125,0.333984375,0.0,0.0,0.0,0.0,0.0,0.0,0.0,0.0,0.0,0.0,0.0
step_18_q_3,0.00164031982421875,0.90234375,0.037353515625,0.057861328125,0.0,0.0,0.0,0.0,0.0,0.0,0.0,0.0,0.0,0.0
step_18_q_4,0.0013885498046875,0.9375,0.0034942626953125,0.041259765625,0.01519775390625,0.0,0.0,0.0,0.0,0.0,0.0,0.0,0.0,0.0
step_18_q_5,0.0026702880859375,0.93359375,0.0033111572265625,0.0361328125,0.0177001953125,0.006500244140625,0.0,0.0,0.0,0.0,0.0,0.0,0.0,0.0
step_18_q_6,0.000766754150390625,0.953125,0.000530242919921875,0.01025390625,0.0087890625,0.0087890625,0.019775390625,0.0,0.0,0.0,0.0,0.0,0.0,0.0
step_18_q_7,0.000644683837890625,0.93359375,9.632110595703125e-05,0.01007080078125,0.006500244140625,0.01214599609375,0.0234375,0.01251220703125,0.0,0.0,0.0,0.0,0.0,0.0
step_18_q_8,0.0012664794921875,0.94140625,0.0020599365234375,0.018310546875,0.007171630859375,0.00469970703125,0.003448486328125,0.00921630859375,0.0142822265625,0.0,0.0,0.0,0.0,0.0
step_18_q_9,0.00138092041015625,0.95703125,0.009521484375,0.00933837890625,0.00494384765625,0.0013427734375,0.000507354736328125,0.0026397705078125,0.0019683837890625,0.0128173828125,0.0,0.0,0.0,0.0
step_18_q_10,0.00121307373046875,0.9296875,0.0038604736328125,0.017578125,0.005523681640625,0.002410888671875,0.000759124755859375,0.003448486328125,0.00885009765625,0.023193359375,0.0048828125,0.0,0.0,0.0
step_18_q_11,0.0021514892578125,0.96484375,0.00038909912109375,0.0025482177734375,0.0015716552734375,0.00112152099609375,0.0026702880859375,0.007049560546875,0.0042724609375,0.00075531005859375,0.003936767578125,0.00738525390625,0.0,0.0
step_18_q_12,0.0042724609375,0.921875,0.003997802734375,0.0203857421875,0.003936767578125,0.0057373046875,0.00177764892578125,0.0035400390625,0.000873565673828125,0.007598876953125,0.00124359130859375,0.009765625,0.016357421875,0.0
step_18_q_13,0.004180908203125,0.84765625,0.005126953125,0.0263671875,0.00872802734375,0.006256103515625,0.0027008056640625,0.00909423828125,0.008544921875,0.0150146484375,0.01171875,0.006072998046875,0.03173828125,0.01708984375
step_19_q_0,1.0,0.0,0.0,0.0,0.0,0.0,0.0,0.0,0.0,0.0,0.0,0.0,0.0,0.0
step_19_q_1,0.5078125,0.494140625,0.0,0.0,0.0,0.0,0.0,0.0,0.0,0.0,0.0,0.0,0.0,0.0
step_19_q_2,0.341796875,0.314453125,0.34375,0.0,0.0,0.0,0.0,0.0,0.0,0.0,0.0,0.0,0.0,0.0
step_19_q_3,0.002227783203125,0.56640625,0.08837890625,0.34375,0.0,0.0,0.0,0.0,0.0,0.0,0.0,0.0,0.0,0.0
step_19_q_4,0.001922607421875,0.50390625,0.078125,0.2373046875,0.1796875,0.0,0.0,0.0,0.0,0.0,0.0,0.0,0.0,0.0
step_19_q_5,0.000827789306640625,0.35546875,0.0927734375,0.2294921875,0.138671875,0.18359375,0.0,0.0,0.0,0.0,0.0,0.0,0.0,0.0
step_19_q_6,0.00020503997802734375,0.205078125,0.01483154296875,0.0966796875,0.060546875,0.11669921875,0.5078125,0.0,0.0,0.0,0.0,0.0,0.0,0.0
step_19_q_7,7.82012939453125e-05,0.29296875,0.017822265625,0.10791015625,0.051025390625,0.09814453125,0.0673828125,0.365234375,0.0,0.0,0.0,0.0,0.0,0.0
step_19_q_8,9.393692016601562e-05,0.21484375,0.01458740234375,0.0673828125,0.0634765625,0.1298828125,0.0595703125,0.21484375,0.2353515625,0.0,0.0,0.0,0.0,0.0
step_19_q_9,0.0001888275146484375,0.0166015625,0.267578125,0.16796875,0.031982421875,0.08984375,0.00787353515625,0.0291748046875,0.07470703125,0.314453125,0.0,0.0,0.0,0.0
step_19_q_10,0.00012302398681640625,0.228515625,0.0164794921875,0.052490234375,0.038330078125,0.0693359375,0.0225830078125,0.09814453125,0.10107421875,0.0084228515625,0.365234375,0.0,0.0,0.0
step_19_q_11,0.0004730224609375,0.19140625,0.068359375,0.0849609375,0.03759765625,0.06396484375,0.006134033203125,0.029296875,0.02587890625,0.058349609375,0.23046875,0.203125,0.0,0.0
step_19_q_12,0.00011110305786132812,0.09375,0.0260009765625,0.0260009765625,0.01190185546875,0.03564453125,0.007476806640625,0.031494140625,0.047119140625,0.02294921875,0.279296875,0.169921875,0.2470703125,0.0
step_19_q_13,2.8133392333984375e-05,0.041259765625,0.0067138671875,0.01513671875,0.006500244140625,0.01422119140625,0.0032806396484375,0.02197265625,0.031982421875,0.003173828125,0.1962890625,0.251953125,0.1630859375,0.244140625
step_20_q_0,1.0,0.0,0.0,0.0,0.0,0.0,0.0,0.0,0.0,0.0,0.0,0.0,0.0,0.0
step_20_q_1,0.5078125,0.494140625,0.0,0.0,0.0,0.0,0.0,0.0,0.0,0.0,0.0,0.0,0.0,0.0
step_20_q_2,0.32421875,0.3515625,0.32421875,0.0,0.0,0.0,0.0,0.0,0.0,0.0,0.0,0.0,0.0,0.0
step_20_q_3,0.01019287109375,0.859375,0.054931640625,0.0751953125,0.0,0.0,0.0,0.0,0.0,0.0,0.0,0.0,0.0,0.0
step_20_q_4,0.01611328125,0.66796875,0.126953125,0.10546875,0.0849609375,0.0,0.0,0.0,0.0,0.0,0.0,0.0,0.0,0.0
step_20_q_5,0.0098876953125,0.515625,0.1728515625,0.1435546875,0.134765625,0.0223388671875,0.0,0.0,0.0,0.0,0.0,0.0,0.0,0.0
step_20_q_6,0.012451171875,0.6796875,0.1669921875,0.04931640625,0.07861328125,0.01080322265625,0.001922607421875,0.0,0.0,0.0,0.0,0.0,0.0,0.0
step_20_q_7,0.0089111328125,0.451171875,0.2412109375,0.07373046875,0.1826171875,0.03173828125,0.00121307373046875,0.00933837890625,0.0,0.0,0.0,0.0,0.0,0.0
step_20_q_8,0.00665283203125,0.474609375,0.1748046875,0.1318359375,0.1162109375,0.050048828125,0.006439208984375,0.0228271484375,0.017578125,0.0,0.0,0.0,0.0,0.0
step_20_q_9,0.00823974609375,0.37890625,0.09033203125,0.1357421875,0.07958984375,0.0439453125,0.03759765625,0.0498046875,0.09326171875,0.08203125,0.0,0.0,0.0,0.0
step_20_q_10,0.0027923583984375,0.70703125,0.03857421875,0.06787109375,0.059814453125,0.0203857421875,0.005828857421875,0.0252685546875,0.0234375,0.0009765625,0.049560546875,0.0,0.0,0.0
step_20_q_11,0.0020904541015625,0.359375,0.1064453125,0.10986328125,0.0908203125,0.058837890625,0.0057373046875,0.0252685546875,0.040283203125,0.006591796875,0.1650390625,0.029541015625,0.0,0.0
step_20_q_12,0.00092315673828125,0.498046875,0.033935546875,0.107421875,0.07373046875,0.03173828125,0.0059814453125,0.0225830078125,0.0289306640625,0.0081787109375,0.1376953125,0.0186767578125,0.03173828125,0.0
step_20_q_13,0.001373291015625,0.63671875,0.017333984375,0.055908203125,0.04345703125,0.0205078125,0.00494384765625,0.01348876953125,0.0240478515625,0.004638671875,0.0654296875,0.01226806640625,0.017333984375,0.0810546875
step_21_q_0,1.0,0.0,0.0,0.0,0.0,0.0,0.0,0.0,0.0,0.0,0.0,0.0,0.0,0.0
step_21_q_1,0.54296875,0.458984375,0.0,0.0,0.0,0.0,0.0,0.0,0.0,0.0,0.0,0.0,0.0,0.0
step_21_q_2,0.34765625,0.33203125,0.3203125,0.0,0.0,0.0,0.0,0.0,0.0,0.0,0.0,0.0,0.0,0.0
step_21_q_3,0.0002231597900390625,0.98046875,0.0036468505859375,0.014892578125,0.0,0.0,0.0,0.0,0.0,0.0,0.0,0.0,0.0,0.0
step_21_q_4,0.00016117095947265625,0.9765625,0.003204345703125,0.01531982421875,0.005126953125,0.0,0.0,0.0,0.0,0.0,0.0,0.0,0.0,0.0
step_21_q_5,0.0002422332763671875,0.9765625,0.003753662109375,0.00848388671875,0.0035247802734375,0.006011962890625,0.0,0.0,0.0,0.0,0.0,0.0,0.0,0.0
step_21_q_6,6.818771362304688e-05,0.98046875,0.00311279296875,0.005462646484375,0.004669189453125,0.0032196044921875,0.00439453125,0.0,0.0,0.0,0.0,0.0,0.0,0.0
step_21_q_7,3.886222839355469e-05,0.98828125,0.0012664794921875,0.0036773681640625,0.002685546875,0.001678466796875,0.00135040283203125,0.0029449462890625,0.0,0.0,0.0,0.0,0.0,0.0
step_21_q_8,0.00012302398681640625,0.953125,0.0013275146484375,0.0050048828125,0.00323486328125,0.004547119140625,0.007080078125,0.01544189453125,0.008544921875,0.0,0.0,0.0,0.0,0.0
step_21_q_9,0.0002536773681640625,0.94921875,0.0223388671875,0.007476806640625,0.0027923583984375,0.0030670166015625,0.0022125244140625,0.003265380859375,0.005279541015625,0.00579833984375,0.0,0.0,0.0,0.0
step_21_q_10,0.00025177001953125,0.97265625,0.0028228759765625,0.00408935546875,0.00115966796875,0.0011749267578125,0.00122833251953125,0.004791259765625,0.0032958984375,0.0003986358642578125,0.0086669921875,0.0,0.0,0.0
step_21_q_11,0.00177764892578125,0.9609375,0.0035400390625,0.0038909912109375,0.002410888671875,0.00125885009765625,0.00133514404296875,0.006561279296875,0.003082275390625,0.00099945068359375,0.00457763671875,0.01116943359375,0.0,0.0
step_21_q_12,0.0004367828369140625,0.97265625,0.002227783203125,0.002777099609375,0.00133514404296875,0.0009765625,0.00099945068359375,0.002655029296875,0.002777099609375,0.000766754150390625,0.005035400390625,0.0030975341796875,0.0025634765625,0.0
step_21_q_13,0.00022125244140625,0.9609375,0.00171661376953125,0.005706787109375,0.0020294189453125,0.002105712890625,0.00133514404296875,0.00191497802734375,0.006256103515625,0.000591278076171875,0.00885009765625,0.001251220703125,0.00144195556640625,0.006683349609375
step_22_q_0,1.0,0.0,0.0,0.0,0.0,0.0,0.0,0.0,0.0,0.0,0.0,0.0,0.0,0.0
step_22_q_1,0.51953125,0.482421875,0.0,0.0,0.0,0.0,0.0,0.0,0.0,0.0,0.0,0.0,0.0,0.0
step_22_q_2,0.310546875,0.349609375,0.341796875,0.0,0.0,0.0,0.0,0.0,0.0,0.0,0.0,0.0,0.0,0.0
step_22_q_3,0.004852294921875,0.81640625,0.037109375,0.1416015625,0.0,0.0,0.0,0.0,0.0,0.0,0.0,0.0,0.0,0.0
step_22_q_4,0.004150390625,0.7421875,0.03173828125,0.10693359375,0.11376953125,0.0,0.0,0.0,0.0,0.0,0.0,0.0,0.0,0.0
step_22_q_5,0.0036773681640625,0.74609375,0.0225830078125,0.11083984375,0.061279296875,0.05419921875,0.0,0.0,0.0,0.0,0.0,0.0,0.0,0.0
step_22_q_6,0.0009613037109375,0.72265625,0.0113525390625,0.04931640625,0.037109375,0.034912109375,0.142578125,0.0,0.0,0.0,0.0,0.0,0.0,0.0
step_22_q_7,0.0036468505859375,0.67578125,0.011962890625,0.025390625,0.031494140625,0.01318359375,0.0458984375,0.193359375,0.0,0.0,0.0,0.0,0.0,0.0
step_22_q_8,0.00130462646484375,0.48046875,0.00909423828125,0.02978515625,0.03271484375,0.02978515625,0.03369140625,0.053955078125,0.330078125,0.0,0.0,0.0,0.0,0.0
step_22_q_9,0.00714111328125,0.68359375,0.0927734375,0.0264892578125,0.009765625,0.00506591796875,0.0047607421875,0.00946044921875,0.0166015625,0.1435546875,0.0,0.0,0.0,0.0
step_22_q_10,0.00140380859375,0.57421875,0.01483154296875,0.02685546875,0.01483154296875,0.01483154296875,0.0157470703125,0.031494140625,0.1279296875,0.01348876953125,0.1640625,0.0,0.0,0.0
step_22_q_11,0.03466796875,0.5078125,0.01092529296875,0.02783203125,0.0223388671875,0.00872802734375,0.005401611328125,0.06494140625,0.0191650390625,0.00640869140625,0.0269775390625,0.263671875,0.0,0.0
step_22_q_12,0.045166015625,0.55078125,0.054443359375,0.0166015625,0.01336669921875,0.00439453125,0.005218505859375,0.031005859375,0.015625,0.015625,0.022705078125,0.072265625,0.1533203125,0.0
step_22_q_13,0.0079345703125,0.4765625,0.02294921875,0.023681640625,0.01483154296875,0.00958251953125,0.0108642578125,0.0303955078125,0.045654296875,0.01483154296875,0.05859375,0.0294189453125,0.023681640625,0.2314453125
step_23_q_0,1.0,0.0,0.0,0.0,0.0,0.0,0.0,0.0,0.0,0.0,0.0,0.0,0.0,0.0
step_23_q_1,0.494140625,0.5078125,0.0,0.0,0.0,0.0,0.0,0.0,0.0,0.0,0.0,0.0,0.0,0.0
step_23_q_2,0.32421875,0.341796875,0.333984375,0.0,0.0,0.0,0.0,0.0,0.0,0.0,0.0,0.0,0.0,0.0
step_23_q_3,0.009765625,0.828125,0.134765625,0.0269775390625,0.0,0.0,0.0,0.0,0.0,0.0,0.0,0.0,0.0,0.0
step_23_q_4,0.00738525390625,0.87890625,0.048095703125,0.043701171875,0.02099609375,0.0,0.0,0.0,0.0,0.0,0.0,0.0,0.0,0.0
step_23_q_5,0.0035247802734375,0.70703125,0.052978515625,0.10546875,0.1123046875,0.0177001953125,0.0,0.0,0.0,0.0,0.0,0.0,0.0,0.0
step_23_q_6,0.00188446044921875,0.73046875,0.01007080078125,0.06982421875,0.130859375,0.049560546875,0.00762939453125,0.0,0.0,0.0,0.0,0.0,0.0,0.0
step_23_q_7,0.000873565673828125,0.88671875,0.003448486328125,0.023193359375,0.035400390625,0.03173828125,0.01324462890625,0.007293701171875,0.0,0.0,0.0,0.0,0.0,0.0
step_23_q_8,0.006744384765625,0.66796875,0.0302734375,0.058349609375,0.07470703125,0.058349609375,0.0498046875,0.0419921875,0.01318359375,0.0,0.0,0.0,0.0,0.0
step_23_q_9,0.0019989013671875,0.93359375,0.0181884765625,0.0103759765625,0.00131988525390625,0.003875732421875,0.0019683837890625,0.0023956298828125,0.0047607421875,0.0206298828125,0.0,0.0,0.0,0.0
step_23_q_10,0.00787353515625,0.58984375,0.046142578125,0.04931640625,0.0299072265625,0.037841796875,0.0167236328125,0.0267333984375,0.03125,0.1357421875,0.028076171875,0.0,0.0,0.0
step_23_q_11,0.001678466796875,0.90625,0.00830078125,0.007293701171875,0.002044677734375,0.003692626953125,0.006805419921875,0.0103759765625,0.01177978515625,0.0179443359375,0.01312255859375,0.0111083984375,0.0,0.0
step_23_q_12,0.000850677490234375,0.828125,0.0087890625,0.0040283203125,0.00072479248046875,0.001953125,0.000904083251953125,0.001007080078125,0.003662109375,0.0986328125,0.00787353515625,0.0050048828125,0.038818359375,0.0
step_23_q_13,0.0012969970703125,0.66796875,0.01544189453125,0.01544189453125,0.005340576171875,0.0118408203125,0.0036163330078125,0.0035247802734375,0.01300048828125,0.1123046875,0.01544189453125,0.010009765625,0.08203125,0.042724609375
step_24_q_0,1.0,0.0,0.0,0.0,0.0,0.0,0.0,0.0,0.0,0.0,0.0,0.0,0.0,0.0
step_24_q_1,0.498046875,0.5,0.0,0.0,0.0,0.0,0.0,0.0,0.0,0.0,0.0,0.0,0.0,0.0
step_24_q_2,0.357421875,0.302734375,0.337890625,0.0,0.0,0.0,0.0,0.0,0.0,0.0,0.0,0.0,0.0,0.0
step_24_q_3,0.0006103515625,0.94140625,0.0235595703125,0.0341796875,0.0,0.0,0.0,0.0,0.0,0.0,0.0,0.0,0.0,0.0
step_24_q_4,0.000591278076171875,0.890625,0.023681640625,0.07275390625,0.013916015625,0.0,0.0,0.0,0.0,0.0,0.0,0.0,0.0,0.0
step_24_q_5,0.001129150390625,0.625,0.04248046875,0.2158203125,0.05810546875,0.05810546875,0.0,0.0,0.0,0.0,0.0,0.0,0.0,0.0
step_24_q_6,0.00061798095703125,0.48046875,0.002227783203125,0.08349609375,0.1298828125,0.1884765625,0.1142578125,0.0,0.0,0.0,0.0,0.0,0.0,0.0
step_24_q_7,0.000545501708984375,0.6171875,0.002593994140625,0.044677734375,0.07373046875,0.1005859375,0.07373046875,0.0888671875,0.0,0.0,0.0,0.0,0.0,0.0
step_24_q_8,0.000774383544921875,0.66015625,0.0120849609375,0.138671875,0.051025390625,0.0615234375,0.01068115234375,0.0166015625,0.0478515625,0.0,0.0,0.0,0.0,0.0
step_24_q_9,0.0011138916015625,0.578125,0.166015625,0.166015625,0.023193359375,0.0169677734375,0.0040283203125,0.00909423828125,0.0203857421875,0.01495361328125,0.0,0.0,0.0,0.0
step_24_q_10,0.0009765625,0.5234375,0.0751953125,0.1494140625,0.035400390625,0.042724609375,0.004791259765625,0.0167236328125,0.05859375,0.003631591796875,0.0908203125,0.0,0.0,0.0
step_24_q_11,0.000507354736328125,0.73828125,0.00482177734375,0.01904296875,0.01531982421875,0.01531982421875,0.00897216796875,0.064453125,0.023681640625,0.01531982421875,0.03564453125,0.060546875,0.0,0.0
step_24_q_12,0.00067138671875,0.5546875,0.1025390625,0.1025390625,0.0244140625,0.0157470703125,0.0009918212890625,0.004669189453125,0.017333984375,0.0208740234375,0.062255859375,0.0167236328125,0.0751953125,0.0
step_24_q_13,0.000579833984375,0.609375,0.060302734375,0.06396484375,0.0208740234375,0.0208740234375,0.002410888671875,0.01080322265625,0.03125,0.0147705078125,0.087890625,0.0081787109375,0.0294189453125,0.0400390625
step_25_q_0,1.0,0.0,0.0,0.0,0.0,0.0,0.0,0.0,0.0,0.0,0.0,0.0,0.0,0.0
step_25_q_1,0.51171875,0.48828125,0.0,0.0,0.0,0.0,0.0,0.0,0.0,0.0,0.0,0.0,0.0,0.0
step_25_q_2,0.33984375,0.3359375,0.32421875,0.0,0.0,0.0,0.0,0.0,0.0,0.0,0.0,0.0,0.0,0.0
step_25_q_3,0.00946044921875,0.90625,0.04638671875,0.039794921875,0.0,0.0,0.0,0.0,0.0,0.0,0.0,0.0,0.0,0.0
step_25_q_4,0.01019287109375,0.9453125,0.0155029296875,0.0244140625,0.0040283203125,0.0,0.0,0.0,0.0,0.0,0.0,0.0,0.0,0.0
step_25_q_5,0.013427734375,0.87109375,0.027587890625,0.0654296875,0.0145263671875,0.006927490234375,0.0,0.0,0.0,0.0,0.0,0.0,0.0,0.0
step_25_q_6,0.013671875,0.76953125,0.021240234375,0.1181640625,0.03955078125,0.0303955078125,0.00616455078125,0.0,0.0,0.0,0.0,0.0,0.0,0.0
step_25_q_7,0.007781982421875,0.78125,0.017578125,0.1025390625,0.033935546875,0.04345703125,0.0084228515625,0.004364013671875,0.0,0.0,0.0,0.0,0.0,0.0
step_25_q_8,0.021240234375,0.90234375,0.009765625,0.03125,0.0072021484375,0.0068359375,0.0068359375,0.0113525390625,0.003753662109375,0.0,0.0,0.0,0.0,0.0
step_25_q_9,0.00390625,0.8515625,0.030517578125,0.05029296875,0.01507568359375,0.01104736328125,0.006195068359375,0.00823974609375,0.01556396484375,0.009033203125,0.0,0.0,0.0,0.0
step_25_q_10,0.0062255859375,0.921875,0.0115966796875,0.02099609375,0.0054931640625,0.004547119140625,0.002471923828125,0.006103515625,0.002899169921875,0.0103759765625,0.00714111328125,0.0,0.0,0.0
step_25_q_11,0.0035552978515625,0.796875,0.01519775390625,0.034912109375,0.01263427734375,0.00836181640625,0.017578125,0.0179443359375,0.026123046875,0.01123046875,0.05029296875,0.00408935546875,0.0,0.0
step_25_q_12,0.004150390625,0.78125,0.047607421875,0.046875,0.014892578125,0.005584716796875,0.0040283203125,0.005157470703125,0.01409912109375,0.023193359375,0.0289306640625,0.008056640625,0.01513671875,0.0
step_25_q_13,0.00244140625,0.8359375,0.022216796875,0.0303955078125,0.0081787109375,0.00445556640625,0.0026092529296875,0.005401611328125,0.008056640625,0.01708984375,0.0186767578125,0.00921630859375,0.0162353515625,0.020263671875
step_26_q_0,1.0,0.0,0.0,0.0,0.0,0.0,0.0,0.0,0.0,0.0,0.0,0.0,0.0,0.0
step_26_q_1,0.52734375,0.47265625,0.0,0.0,0.0,0.0,0.0,0.0,0.0,0.0,0.0,0.0,0.0,0.0
step_26_q_2,0.326171875,0.326171875,0.349609375,0.0,0.0,0.0,0.0,0.0,0.0,0.0,0.0,0.0,0.0,0.0
step_26_q_3,0.0003032684326171875,0.671875,0.007720947265625,0.318359375,0.0,0.0,0.0,0.0,0.0,0.0,0.0,0.0,0.0,0.0
step_26_q_4,0.000644683837890625,0.51953125,0.00225830078125,0.123046875,0.35546875,0.0,0.0,0.0,0.0,0.0,0.0,0.0,0.0,0.0
step_26_q_5,0.00109100341796875,0.427734375,0.00058746337890625,0.031005859375,0.054443359375,0.484375,0.0,0.0,0.0,0.0,0.0,0.0,0.0,0.0
step_26_q_6,0.00010251998901367188,0.33984375,4.839897155761719e-05,0.001434326171875,0.0030364990234375,0.0191650390625,0.63671875,0.0,0.0,0.0,0.0,0.0,0.0,0.0
step_26_q_7,0.00041961669921875,0.3359375,0.00035858154296875,0.0032958984375,0.003204345703125,0.0072021484375,0.05859375,0.58984375,0.0,0.0,0.0,0.0,0.0,0.0
step_26_q_8,7.2479248046875e-05,0.296875,0.000629425048828125,0.0201416015625,0.01300048828125,0.017822265625,0.0189208984375,0.07958984375,0.5546875,0.0,0.0,0.0,0.0,0.0
step_26_q_9,0.0004138946533203125,0.78515625,0.006378173828125,0.01190185546875,0.0038604736328125,0.002777099609375,0.00055694580078125,0.00191497802734375,0.0130615234375,0.1748046875,0.0,0.0,0.0,0.0
step_26_q_10,3.8623809814453125e-05,0.328125,0.000255584716796875,0.005126953125,0.01055908203125,0.01531982421875,0.004547119140625,0.007476806640625,0.05029296875,0.0025787353515625,0.57421875,0.0,0.0,0.0
step_26_q_11,0.0003757476806640625,0.1142578125,0.000118255615234375,0.0012359619140625,0.00115966796875,0.0032501220703125,0.0007476806640625,0.00830078125,0.00335693359375,0.000274658203125,0.0211181640625,0.84375,0.0,0.0
step_26_q_12,0.00011157989501953125,0.34375,0.0022430419921875,0.00262451171875,0.000850677490234375,0.00238037109375,0.0004405975341796875,0.002166748046875,0.00262451171875,0.002044677734375,0.00885009765625,0.030029296875,0.6015625,0.0
step_26_q_13,1.9788742065429688e-05,0.11376953125,0.0004100799560546875,0.0026702880859375,0.0004367828369140625,0.00098419189453125,0.0008697509765625,0.003662109375,0.00439453125,0.0002727508544921875,0.00604248046875,0.00640869140625,0.019775390625,0.83984375
step_27_q_0,1.0,0.0,0.0,0.0,0.0,0.0,0.0,0.0,0.0,0.0,0.0,0.0,0.0,0.0
step_27_q_1,0.5,0.498046875,0.0,0.0,0.0,0.0,0.0,0.0,0.0,0.0,0.0,0.0,0.0,0.0
step_27_q_2,0.32421875,0.345703125,0.330078125,0.0,0.0,0.0,0.0,0.0,0.0,0.0,0.0,0.0,0.0,0.0
step_27_q_3,0.000934600830078125,0.91796875,0.0157470703125,0.06640625,0.0,0.0,0.0,0.0,0.0,0.0,0.0,0.0,0.0,0.0
step_27_q_4,0.0015106201171875,0.8359375,0.00958251953125,0.08544921875,0.068359375,0.0,0.0,0.0,0.0,0.0,0.0,0.0,0.0,0.0
step_27_q_5,0.00147247314453125,0.7734375,0.00628662109375,0.07666015625,0.07421875,0.0673828125,0.0,0.0,0.0,0.0,0.0,0.0,0.0,0.0
step_27_q_6,0.0004024505615234375,0.80078125,0.00099945068359375,0.0341796875,0.054443359375,0.05810546875,0.05126953125,0.0,0.0,0.0,0.0,0.0,0.0,0.0
step_27_q_7,0.0023956298828125,0.67578125,0.0036468505859375,0.04052734375,0.06494140625,0.060791015625,0.07568359375,0.078125,0.0,0.0,0.0,0.0,0.0,0.0
step_27_q_8,0.0007781982421875,0.486328125,0.00421142578125,0.048095703125,0.07958984375,0.07958984375,0.095703125,0.11572265625,0.08984375,0.0,0.0,0.0,0.0,0.0
step_27_q_9,0.001220703125,0.75,0.15234375,0.031982421875,0.008056640625,0.00555419921875,0.00090789794921875,0.003692626953125,0.0032196044921875,0.042236328125,0.0,0.0,0.0,0.0
step_27_q_10,0.0005340576171875,0.5859375,0.01336669921875,0.052978515625,0.08740234375,0.046630859375,0.0177001953125,0.03515625,0.0546875,0.0257568359375,0.07958984375,0.0,0.0,0.0
step_27_q_11,0.008544921875,0.72265625,0.0033416748046875,0.012451171875,0.010009765625,0.00799560546875,0.00909423828125,0.061279296875,0.012451171875,0.004730224609375,0.0263671875,0.12158203125,0.0,0.0
step_27_q_12,0.0012054443359375,0.828125,0.01141357421875,0.022705078125,0.0107421875,0.007171630859375,0.00506591796875,0.01141357421875,0.006317138671875,0.0201416015625,0.01141357421875,0.00836181640625,0.056396484375,0.0
step_27_q_13,0.0022430419921875,0.244140625,0.002105712890625,0.0213623046875,0.0634765625,0.032958984375,0.06982421875,0.1787109375,0.0986328125,0.012939453125,0.08984375,0.01251220703125,0.0634765625,0.1083984375
step_28_q_0,1.0,0.0,0.0,0.0,0.0,0.0,0.0,0.0,0.0,0.0,0.0,0.0,0.0,0.0
step_28_q_1,0.58203125,0.416015625,0.0,0.0,0.0,0.0,0.0,0.0,0.0,0.0,0.0,0.0,0.0,0.0
step_28_q_2,0.298828125,0.375,0.32421875,0.0,0.0,0.0,0.0,0.0,0.0,0.0,0.0,0.0,0.0,0.0
step_28_q_3,0.00173187255859375,0.76953125,0.1005859375,0.12890625,0.0,0.0,0.0,0.0,0.0,0.0,0.0,0.0,0.0,0.0
step_28_q_4,0.0028076171875,0.63671875,0.1103515625,0.2001953125,0.050537109375,0.0,0.0,0.0,0.0,0.0,0.0,0.0,0.0,0.0
step_28_q_5,0.002471923828125,0.64453125,0.0400390625,0.1787109375,0.0341796875,0.09912109375,0.0,0.0,0.0,0.0,0.0,0.0,0.0,0.0
step_28_q_6,0.0012054443359375,0.8203125,0.00518798828125,0.0218505859375,0.008056640625,0.0186767578125,0.1259765625,0.0,0.0,0.0,0.0,0.0,0.0,0.0
step_28_q_7,0.00141143798828125,0.85546875,0.00494384765625,0.01519775390625,0.004791259765625,0.01300048828125,0.0703125,0.035400390625,0.0,0.0,0.0,0.0,0.0,0.0
step_28_q_8,0.0019989013671875,0.482421875,0.05078125,0.1181640625,0.0272216796875,0.040771484375,0.1337890625,0.07177734375,0.07373046875,0.0,0.0,0.0,0.0,0.0
step_28_q_9,0.00124359130859375,0.8046875,0.0250244140625,0.0322265625,0.00762939453125,0.006744384765625,0.00836181640625,0.0118408203125,0.0101318359375,0.09326171875,0.0,0.0,0.0,0.0
step_28_q_10,0.0005645751953125,0.86328125,0.006805419921875,0.011962890625,0.004669189453125,0.0042724609375,0.0185546875,0.03564453125,0.009033203125,0.005645751953125,0.0390625,0.0,0.0,0.0
step_28_q_11,0.000263214111328125,0.8125,0.003997802734375,0.005828857421875,0.003875732421875,0.004547119140625,0.00531005859375,0.06640625,0.005828857421875,0.007232666015625,0.037841796875,0.047119140625,0.0,0.0
step_28_q_12,0.000244140625,0.921875,0.0040283203125,0.00567626953125,0.001983642578125,0.00201416015625,0.00180816650390625,0.00775146484375,0.0028533935546875,0.01025390625,0.00726318359375,0.01092529296875,0.021728515625,0.0
step_28_q_13,0.0002536773681640625,0.796875,0.0025482177734375,0.00946044921875,0.0023956298828125,0.0033111572265625,0.00836181640625,0.043701171875,0.009765625,0.00311279296875,0.033935546875,0.01007080078125,0.031982421875,0.042236328125
step_29_q_0,1.0,0.0,0.0,0.0,0.0,0.0,0.0,0.0,0.0,0.0,0.0,0.0,0.0,0.0
step_29_q_1,0.490234375,0.5078125,0.0,0.0,0.0,0.0,0.0,0.0,0.0,0.0,0.0,0.0,0.0,0.0
step_29_q_2,0.34375,0.33203125,0.32421875,0.0,0.0,0.0,0.0,0.0,0.0,0.0,0.0,0.0,0.0,0.0
step_29_q_3,0.0015716552734375,0.94921875,0.0191650390625,0.0286865234375,0.0,0.0,0.0,0.0,0.0,0.0,0.0,0.0,0.0,0.0
step_29_q_4,0.00112152099609375,0.9453125,0.008056640625,0.03125,0.0152587890625,0.0,0.0,0.0,0.0,0.0,0.0,0.0,0.0,0.0
step_29_q_5,0.00098419189453125,0.921875,0.00750732421875,0.02783203125,0.0238037109375,0.0179443359375,0.0,0.0,0.0,0.0,0.0,0.0,0.0,0.0
step_29_q_6,0.00098419189453125,0.89453125,0.0017547607421875,0.01092529296875,0.0223388671875,0.030517578125,0.04052734375,0.0,0.0,0.0,0.0,0.0,0.0,0.0
step_29_q_7,0.0015411376953125,0.86328125,0.0025482177734375,0.01397705078125,0.015869140625,0.014404296875,0.0252685546875,0.0625,0.0,0.0,0.0,0.0,0.0,0.0
step_29_q_8,0.00156402587890625,0.82421875,0.003753662109375,0.0194091796875,0.0181884765625,0.02490234375,0.03515625,0.041015625,0.031982421875,0.0,0.0,0.0,0.0,0.0
step_29_q_9,0.0015106201171875,0.87890625,0.03857421875,0.01055908203125,0.00457763671875,0.004791259765625,0.0020751953125,0.009765625,0.00848388671875,0.041015625,0.0,0.0,0.0,0.0
step_29_q_10,0.0017242431640625,0.8125,0.0115966796875,0.0238037109375,0.0230712890625,0.01531982421875,0.0223388671875,0.029541015625,0.031494140625,0.01019287109375,0.01904296875,0.0,0.0,0.0
step_29_q_11,0.0024871826171875,0.74609375,0.005096435546875,0.03173828125,0.0064697265625,0.006988525390625,0.001556396484375,0.0233154296875,0.0081787109375,0.004180908203125,0.01190185546875,0.1513671875,0.0,0.0
step_29_q_12,0.000782012939453125,0.90625,0.0047607421875,0.006103515625,0.0036468505859375,0.0023193359375,0.00055694580078125,0.00098419189453125,0.003265380859375,0.0137939453125,0.00726318359375,0.00592041015625,0.043701171875,0.0
step_29_q_13,0.006591796875,0.5859375,0.0042724609375,0.0166015625,0.01177978515625,0.01336669921875,0.037353515625,0.061767578125,0.030029296875,0.0146484375,0.02197265625,0.01513671875,0.0791015625,0.1015625
step_30_q_0,1.0,0.0,0.0,0.0,0.0,0.0,0.0,0.0,0.0,0.0,0.0,0.0,0.0,0.0
step_30_q_1,0.58203125,0.41796875,0.0,0.0,0.0,0.0,0.0,0.0,0.0,0.0,0.0,0.0,0.0,0.0
step_30_q_2,0.322265625,0.326171875,0.3515625,0.0,0.0,0.0,0.0,0.0,0.0,0.0,0.0,0.0,0.0,0.0
step_30_q_3,0.000522613525390625,0.9296875,0.028076171875,0.04345703125,0.0,0.0,0.0,0.0,0.0,0.0,0.0,0.0,0.0,0.0
step_30_q_4,0.000606536865234375,0.828125,0.035400390625,0.07958984375,0.0546875,0.0,0.0,0.0,0.0,0.0,0.0,0.0,0.0,0.0
step_30_q_5,0.00099945068359375,0.8828125,0.0086669921875,0.0311279296875,0.0201416015625,0.056396484375,0.0,0.0,0.0,0.0,0.0,0.0,0.0,0.0
step_30_q_6,7.677078247070312e-05,0.90234375,0.00286865234375,0.00909423828125,0.007537841796875,0.0205078125,0.059326171875,0.0,0.0,0.0,0.0,0.0,0.0,0.0
step_30_q_7,0.0004787445068359375,0.83984375,0.004547119140625,0.01123046875,0.00872802734375,0.01123046875,0.04443359375,0.08056640625,0.0,0.0,0.0,0.0,0.0,0.0
step_30_q_8,0.0005340576171875,0.828125,0.00762939453125,0.0400390625,0.031982421875,0.0172119140625,0.015625,0.012939453125,0.046630859375,0.0,0.0,0.0,0.0,0.0
step_30_q_9,0.005615234375,0.74609375,0.1220703125,0.03173828125,0.013671875,0.0045166015625,0.00102996826171875,0.004241943359375,0.003631591796875,0.0654296875,0.0,0.0,0.0,0.0
step_30_q_10,0.00115203857421875,0.7890625,0.0096435546875,0.0732421875,0.036865234375,0.004486083984375,0.00396728515625,0.00469970703125,0.031494140625,0.01275634765625,0.031494140625,0.0,0.0,0.0
step_30_q_11,0.006103515625,0.90625,0.0091552734375,0.00433349609375,0.003326416015625,0.0027923583984375,0.00067901611328125,0.0067138671875,0.00311279296875,0.004547119140625,0.0032196044921875,0.049560546875,0.0,0.0
step_30_q_12,0.00823974609375,0.83984375,0.014404296875,0.030517578125,0.01275634765625,0.016845703125,0.003021240234375,0.01025390625,0.00701904296875,0.01025390625,0.00482177734375,0.009033203125,0.03466796875,0.0
step_30_q_13,0.007598876953125,0.75,0.00482177734375,0.0595703125,0.033935546875,0.01177978515625,0.00946044921875,0.02001953125,0.0281982421875,0.007598876953125,0.018798828125,0.00482177734375,0.02001953125,0.0233154296875
step_31_q_0,1.0,0.0,0.0,0.0,0.0,0.0,0.0,0.0,0.0,0.0,0.0,0.0,0.0,0.0
step_31_q_1,0.494140625,0.5078125,0.0,0.0,0.0,0.0,0.0,0.0,0.0,0.0,0.0,0.0,0.0,0.0
step_31_q_2,0.345703125,0.32421875,0.330078125,0.0,0.0,0.0,0.0,0.0,0.0,0.0,0.0,0.0,0.0,0.0
step_31_q_3,0.000598907470703125,0.609375,0.1123046875,0.279296875,0.0,0.0,0.0,0.0,0.0,0.0,0.0,0.0,0.0,0.0
step_31_q_4,0.0003643035888671875,0.44921875,0.038818359375,0.330078125,0.181640625,0.0,0.0,0.0,0.0,0.0,0.0,0.0,0.0,0.0
step_31_q_5,0.0003871917724609375,0.1796875,0.04833984375,0.27734375,0.1796875,0.314453125,0.0,0.0,0.0,0.0,0.0,0.0,0.0,0.0
step_31_q_6,0.00011491775512695312,0.049072265625,0.007537841796875,0.10400390625,0.1767578125,0.330078125,0.330078125,0.0,0.0,0.0,0.0,0.0,0.0,0.0
step_31_q_7,0.00013637542724609375,0.09130859375,0.00933837890625,0.09423828125,0.07568359375,0.240234375,0.19921875,0.2890625,0.0,0.0,0.0,0.0,0.0,0.0
step_31_q_8,4.315376281738281e-05,0.10009765625,0.00823974609375,0.150390625,0.09130859375,0.193359375,0.08056640625,0.13671875,0.240234375,0.0,0.0,0.0,0.0,0.0
step_31_q_9,0.000659942626953125,0.023193359375,0.482421875,0.076171875,0.004425048828125,0.006439208984375,0.000568389892578125,0.00179290771484375,0.006072998046875,0.3984375,0.0,0.0,0.0,0.0
step_31_q_10,0.00013065338134765625,0.3203125,0.002593994140625,0.02880859375,0.019775390625,0.023193359375,0.0419921875,0.15625,0.06689453125,0.01129150390625,0.330078125,0.0,0.0,0.0
step_31_q_11,0.00141143798828125,0.3046875,0.01953125,0.068359375,0.00994873046875,0.0167236328125,0.0037841796875,0.01220703125,0.007659912109375,0.06005859375,0.036376953125,0.458984375,0.0,0.0
step_31_q_12,0.00091552734375,0.302734375,0.0233154296875,0.0576171875,0.0240478515625,0.0247802734375,0.01409912109375,0.019287109375,0.0361328125,0.076171875,0.0810546875,0.1513671875,0.1884765625,0.0
step_31_q_13,0.000560760498046875,0.12451171875,0.0007171630859375,0.007720947265625,0.00701904296875,0.00958251953125,0.0203857421875,0.078125,0.0238037109375,0.004119873046875,0.0732421875,0.240234375,0.12060546875,0.2890625
step_32_q_0,1.0,0.0,0.0,0.0,0.0,0.0,0.0,0.0,0.0,0.0,0.0,0.0,0.0,0.0
step_32_q_1,0.51953125,0.478515625,0.0,0.0,0.0,0.0,0.0,0.0,0.0,0.0,0.0,0.0,0.0,0.0
step_32_q_2,0.33984375,0.3203125,0.33984375,0.0,0.0,0.0,0.0,0.0,0.0,0.0,0.0,0.0,0.0,0.0
step_32_q_3,0.00860595703125,0.69921875,0.146484375,0.146484375,0.0,0.0,0.0,0.0,0.0,0.0,0.0,0.0,0.0,0.0
step_32_q_4,0.004547119140625,0.81640625,0.0712890625,0.06298828125,0.044677734375,0.0,0.0,0.0,0.0,0.0,0.0,0.0,0.0,0.0
step_32_q_5,0.006683349609375,0.74609375,0.0693359375,0.083984375,0.04638671875,0.04638671875,0.0,0.0,0.0,0.0,0.0,0.0,0.0,0.0
step_32_q_6,0.007293701171875,0.578125,0.053955078125,0.1005859375,0.08349609375,0.125,0.050537109375,0.0,0.0,0.0,0.0,0.0,0.0,0.0
step_32_q_7,0.00799560546875,0.4296875,0.0400390625,0.095703125,0.07958984375,0.16796875,0.048095703125,0.130859375,0.0,0.0,0.0,0.0,0.0,0.0
step_32_q_8,0.004730224609375,0.484375,0.041015625,0.1259765625,0.083984375,0.1044921875,0.043701171875,0.0595703125,0.052490234375,0.0,0.0,0.0,0.0,0.0
step_32_q_9,0.0091552734375,0.271484375,0.12890625,0.07080078125,0.060791015625,0.0181884765625,0.0108642578125,0.015869140625,0.041748046875,0.37109375,0.0,0.0,0.0,0.0
step_32_q_10,0.0012359619140625,0.2109375,0.0081787109375,0.09375,0.05859375,0.05859375,0.109375,0.224609375,0.1318359375,0.0076904296875,0.09375,0.0,0.0,0.0
step_32_q_11,0.0023345947265625,0.67578125,0.06689453125,0.0556640625,0.02392578125,0.023193359375,0.005401611328125,0.00604248046875,0.019775390625,0.04052734375,0.027099609375,0.05224609375,0.0,0.0
step_32_q_12,0.001983642578125,0.74609375,0.0198974609375,0.03955078125,0.01708984375,0.017578125,0.0155029296875,0.0218505859375,0.029052734375,0.00872802734375,0.0308837890625,0.010498046875,0.03955078125,0.0
step_32_q_13,0.000949859619140625,0.427734375,0.008056640625,0.037353515625,0.0264892578125,0.032958984375,0.0361328125,0.1044921875,0.051025390625,0.00946044921875,0.037353515625,0.045166015625,0.052734375,0.1298828125
step_33_q_0,1.0,0.0,0.0,0.0,0.0,0.0,0.0,0.0,0.0,0.0,0.0,0.0,0.0,0.0
step_33_q_1,0.54296875,0.45703125,0.0,0.0,0.0,0.0,0.0,0.0,0.0,0.0,0.0,0.0,0.0,0.0
step_33_q_2,0.33203125,0.32421875,0.34375,0.0,0.0,0.0,0.0,0.0,0.0,0.0,0.0,0.0,0.0,0.0
step_33_q_3,9.393692016601562e-05,0.94921875,0.0108642578125,0.041748046875,0.0,0.0,0.0,0.0,0.0,0.0,0.0,0.0,0.0,0.0
step_33_q_4,6.103515625e-05,0.87109375,0.0054931640625,0.076171875,0.049072265625,0.0,0.0,0.0,0.0,0.0,0.0,0.0,0.0,0.0
step_33_q_5,0.00018978118896484375,0.91796875,0.00677490234375,0.040283203125,0.0162353515625,0.020263671875,0.0,0.0,0.0,0.0,0.0,0.0,0.0,0.0
step_33_q_6,0.000141143798828125,0.875,0.002105712890625,0.05615234375,0.0233154296875,0.0133056640625,0.0281982421875,0.0,0.0,0.0,0.0,0.0,0.0,0.0
step_33_q_7,0.000217437744140625,0.76953125,0.00885009765625,0.11083984375,0.04345703125,0.01409912109375,0.0255126953125,0.0263671875,0.0,0.0,0.0,0.0,0.0,0.0
step_33_q_8,0.00022602081298828125,0.62109375,0.00714111328125,0.115234375,0.0654296875,0.032958984375,0.054443359375,0.037353515625,0.0654296875,0.0,0.0,0.0,0.0,0.0
step_33_q_9,0.0015716552734375,0.83984375,0.078125,0.0296630859375,0.00640869140625,0.00142669677734375,0.00096893310546875,0.0026702880859375,0.005645751953125,0.03466796875,0.0,0.0,0.0,0.0
step_33_q_10,0.0006561279296875,0.67578125,0.009033203125,0.05908203125,0.0296630859375,0.00848388671875,0.015380859375,0.0174560546875,0.0380859375,0.0050048828125,0.1416015625,0.0,0.0,0.0
step_33_q_11,0.0006256103515625,0.921875,0.0037689208984375,0.0135498046875,0.005828857421875,0.00116729736328125,0.00093841552734375,0.00225830078125,0.0031280517578125,0.001953125,0.0096435546875,0.03466796875,0.0,0.0
step_33_q_12,0.000762939453125,0.578125,0.006805419921875,0.06884765625,0.03466796875,0.006011962890625,0.01025390625,0.0174560546875,0.032470703125,0.00726318359375,0.1455078125,0.0203857421875,0.0732421875,0.0
step_33_q_13,0.0002307891845703125,0.63671875,0.0020904541015625,0.05224609375,0.035888671875,0.01165771484375,0.040771484375,0.03369140625,0.035888671875,0.002593994140625,0.0556640625,0.01092529296875,0.0262451171875,0.0556640625
step_34_q_0,1.0,0.0,0.0,0.0,0.0,0.0,0.0,0.0,0.0,0.0,0.0,0.0,0.0,0.0
step_34_q_1,0.421875,0.578125,0.0,0.0,0.0,0.0,0.0,0.0,0.0,0.0,0.0,0.0,0.0,0.0
step_34_q_2,0.28515625,0.365234375,0.349609375,0.0,0.0,0.0,0.0,0.0,0.0,0.0,0.0,0.0,0.0,0.0
step_34_q_3,0.0004520416259765625,0.87109375,0.035888671875,0.091796875,0.0,0.0,0.0,0.0,0.0,0.0,0.0,0.0,0.0,0.0
step_34_q_4,0.0004634857177734375,0.78515625,0.0252685546875,0.08837890625,0.10009765625,0.0,0.0,0.0,0.0,0.0,0.0,0.0,0.0,0.0
step_34_q_5,0.0004482269287109375,0.8359375,0.01153564453125,0.04150390625,0.017333984375,0.09375,0.0,0.0,0.0,0.0,0.0,0.0,0.0,0.0
step_34_q_6,9.250640869140625e-05,0.796875,0.0057373046875,0.01373291015625,0.00885009765625,0.03515625,0.138671875,0.0,0.0,0.0,0.0,0.0,0.0,0.0
step_34_q_7,7.2479248046875e-05,0.84375,0.007293701171875,0.0174560546875,0.01361083984375,0.0164794921875,0.03271484375,0.0693359375,0.0,0.0,0.0,0.0,0.0,0.0
step_34_q_8,0.00012111663818359375,0.80078125,0.01470947265625,0.0291748046875,0.02001953125,0.0177001953125,0.0166015625,0.015625,0.08447265625,0.0,0.0,0.0,0.0,0.0
step_34_q_9,0.00194549560546875,0.76171875,0.140625,0.0157470703125,0.0059814453125,0.00171661376953125,0.0009613037109375,0.002410888671875,0.002349853515625,0.068359375,0.0,0.0,0.0,0.0
step_34_q_10,0.00023174285888671875,0.640625,0.04931640625,0.0595703125,0.033935546875,0.0155029296875,0.0120849609375,0.01416015625,0.0673828125,0.0159912109375,0.09228515625,0.0,0.0,0.0
step_34_q_11,0.000640869140625,0.875,0.01171875,0.01556396484375,0.00689697265625,0.0027923583984375,0.002166748046875,0.0078125,0.004180908203125,0.00238037109375,0.00592041015625,0.0634765625,0.0,0.0
step_34_q_12,0.0012359619140625,0.703125,0.08935546875,0.025634765625,0.01214599609375,0.0030670166015625,0.002532958984375,0.00946044921875,0.01104736328125,0.029052734375,0.02490234375,0.031005859375,0.05615234375,0.0
step_34_q_13,0.0003833770751953125,0.76171875,0.0244140625,0.04296875,0.02294921875,0.0079345703125,0.005126953125,0.0081787109375,0.0157470703125,0.0126953125,0.029541015625,0.006591796875,0.013916015625,0.048583984375
step_35_q_0,1.0,0.0,0.0,0.0,0.0,0.0,0.0,0.0,0.0,0.0,0.0,0.0,0.0,0.0
step_35_q_1,0.53125,0.466796875,0.0,0.0,0.0,0.0,0.0,0.0,0.0,0.0,0.0,0.0,0.0,0.0
step_35_q_2,0.35546875,0.345703125,0.298828125,0.0,0.0,0.0,0.0,0.0,0.0,0.0,0.0,0.0,0.0,0.0
step_35_q_3,0.00762939453125,0.91015625,0.048095703125,0.03515625,0.0,0.0,0.0,0.0,0.0,0.0,0.0,0.0,0.0,0.0
step_35_q_4,0.0019683837890625,0.8046875,0.0228271484375,0.1396484375,0.029296875,0.0,0.0,0.0,0.0,0.0,0.0,0.0,0.0,0.0
step_35_q_5,0.00164794921875,0.6640625,0.0137939453125,0.1435546875,0.1630859375,0.012939453125,0.0,0.0,0.0,0.0,0.0,0.0,0.0,0.0
step_35_q_6,0.00104522705078125,0.72265625,0.0030975341796875,0.038330078125,0.07177734375,0.1513671875,0.01019287109375,0.0,0.0,0.0,0.0,0.0,0.0,0.0
step_35_q_7,0.00115203857421875,0.421875,0.00762939453125,0.0712890625,0.1171875,0.255859375,0.1103515625,0.01318359375,0.0,0.0,0.0,0.0,0.0,0.0
step_35_q_8,0.001739501953125,0.51171875,0.0186767578125,0.1376953125,0.10400390625,0.1181640625,0.0556640625,0.03271484375,0.0186767578125,0.0,0.0,0.0,0.0,0.0
step_35_q_9,0.0002307891845703125,0.9140625,0.003143310546875,0.0064697265625,0.002777099609375,0.00634765625,0.0028228759765625,0.0059814453125,0.040283203125,0.0167236328125,0.0,0.0,0.0,0.0
step_35_q_10,0.0022430419921875,0.65234375,0.0277099609375,0.053466796875,0.031494140625,0.06884765625,0.02099609375,0.017333984375,0.05517578125,0.047119140625,0.0238037109375,0.0,0.0,0.0
step_35_q_11,0.00048065185546875,0.89453125,0.00069427490234375,0.0014801025390625,0.000736236572265625,0.00162506103515625,0.001373291015625,0.00131988525390625,0.00531005859375,0.007171630859375,0.04443359375,0.04052734375,0.0,0.0
step_35_q_12,0.00057220458984375,0.76953125,0.00098419189453125,0.00109100341796875,0.00078582763671875,0.0022735595703125,0.00124359130859375,0.00060272216796875,0.006683349609375,0.07177734375,0.0634765625,0.0289306640625,0.05078125,0.0
step_35_q_13,0.000804901123046875,0.58984375,0.01031494140625,0.0167236328125,0.00982666015625,0.0106201171875,0.004638671875,0.00653076171875,0.03125,0.1357421875,0.0849609375,0.004852294921875,0.052978515625,0.042724609375
step_36_q_0,1.0,0.0,0.0,0.0,0.0,0.0,0.0,0.0,0.0,0.0,0.0,0.0,0.0,0.0
step_36_q_1,0.44921875,0.55078125,0.0,0.0,0.0,0.0,0.0,0.0,0.0,0.0,0.0,0.0,0.0,0.0
step_36_q_2,0.40625,0.283203125,0.310546875,0.0,0.0,0.0,0.0,0.0,0.0,0.0,0.0,0.0,0.0,0.0
step_36_q_3,0.0002613067626953125,0.96484375,0.00860595703125,0.02490234375,0.0,0.0,0.0,0.0,0.0,0.0,0.0,0.0,0.0,0.0
step_36_q_4,0.0002765655517578125,0.93359375,0.005218505859375,0.041015625,0.018798828125,0.0,0.0,0.0,0.0,0.0,0.0,0.0,0.0,0.0
step_36_q_5,0.0003261566162109375,0.9140625,0.0030059814453125,0.040283203125,0.01904296875,0.02294921875,0.0,0.0,0.0,0.0,0.0,0.0,0.0,0.0
step_36_q_6,0.0002422332763671875,0.79296875,0.000331878662109375,0.034912109375,0.03076171875,0.057373046875,0.08349609375,0.0,0.0,0.0,0.0,0.0,0.0,0.0
step_36_q_7,0.0003566741943359375,0.37890625,0.0023193359375,0.158203125,0.10205078125,0.1396484375,0.095703125,0.123046875,0.0,0.0,0.0,0.0,0.0,0.0
step_36_q_8,0.00058746337890625,0.6875,0.031982421875,0.126953125,0.0439453125,0.049560546875,0.00921630859375,0.015625,0.036376953125,0.0,0.0,0.0,0.0,0.0
step_36_q_9,0.0025482177734375,0.640625,0.2216796875,0.041015625,0.006683349609375,0.004180908203125,0.00119781494140625,0.0033721923828125,0.00537109375,0.07177734375,0.0,0.0,0.0,0.0
step_36_q_10,0.00135040283203125,0.38671875,0.234375,0.091796875,0.03369140625,0.0186767578125,0.008544921875,0.0247802734375,0.0218505859375,0.0673828125,0.11083984375,0.0,0.0,0.0
step_36_q_11,0.0002841949462890625,0.8203125,0.0240478515625,0.019287109375,0.00970458984375,0.0064697265625,0.00286865234375,0.003692626953125,0.00885009765625,0.032958984375,0.04931640625,0.0206298828125,0.0,0.0
step_36_q_12,0.00061798095703125,0.51171875,0.0947265625,0.047607421875,0.017578125,0.010009765625,0.0037994384765625,0.010009765625,0.01409912109375,0.08935546875,0.1298828125,0.0120849609375,0.0576171875,0.0
step_36_q_13,0.000553131103515625,0.6171875,0.0205078125,0.035888671875,0.024658203125,0.023193359375,0.0150146484375,0.03173828125,0.0224609375,0.038330078125,0.07861328125,0.0145263671875,0.019287109375,0.057373046875
step_37_q_0,1.0,0.0,0.0,0.0,0.0,0.0,0.0,0.0,0.0,0.0,0.0,0.0,0.0,0.0
step_37_q_1,0.515625,0.484375,0.0,0.0,0.0,0.0,0.0,0.0,0.0,0.0,0.0,0.0,0.0,0.0
step_37_q_2,0.328125,0.330078125,0.341796875,0.0,0.0,0.0,0.0,0.0,0.0,0.0,0.0,0.0,0.0,0.0
step_37_q_3,0.0022735595703125,0.9296875,0.0263671875,0.042236328125,0.0,0.0,0.0,0.0,0.0,0.0,0.0,0.0,0.0,0.0
step_37_q_4,0.0016326904296875,0.88671875,0.0172119140625,0.0703125,0.0255126953125,0.0,0.0,0.0,0.0,0.0,0.0,0.0,0.0,0.0
step_37_q_5,0.0013885498046875,0.8515625,0.01422119140625,0.07421875,0.032470703125,0.025390625,0.0,0.0,0.0,0.0,0.0,0.0,0.0,0.0
step_37_q_6,0.00113677978515625,0.60546875,0.0201416015625,0.1796875,0.09033203125,0.06396484375,0.03759765625,0.0,0.0,0.0,0.0,0.0,0.0,0.0
step_37_q_7,0.002716064453125,0.609375,0.0186767578125,0.1591796875,0.068359375,0.054931640625,0.046875,0.040283203125,0.0,0.0,0.0,0.0,0.0,0.0
step_37_q_8,0.002197265625,0.43359375,0.00860595703125,0.10009765625,0.04052734375,0.058837890625,0.12060546875,0.1064453125,0.12890625,0.0,0.0,0.0,0.0,0.0
step_37_q_9,0.00213623046875,0.6171875,0.058349609375,0.056396484375,0.0419921875,0.0145263671875,0.0111083984375,0.0191650390625,0.02880859375,0.1513671875,0.0,0.0,0.0,0.0
step_37_q_10,0.00135040283203125,0.8359375,0.01251220703125,0.032470703125,0.0157470703125,0.0103759765625,0.0108642578125,0.01348876953125,0.01373291015625,0.018798828125,0.034423828125,0.0,0.0,0.0
step_37_q_11,0.004669189453125,0.6875,0.0162353515625,0.0242919921875,0.01300048828125,0.01239013671875,0.010986328125,0.033203125,0.01129150390625,0.0262451171875,0.027587890625,0.1318359375,0.0,0.0
step_37_q_12,0.00177001953125,0.8046875,0.01092529296875,0.0101318359375,0.00390625,0.0031280517578125,0.00238037109375,0.00836181640625,0.004150390625,0.0283203125,0.0174560546875,0.0213623046875,0.08447265625,0.0
step_37_q_13,0.0010528564453125,0.78515625,0.006683349609375,0.018798828125,0.00872802734375,0.01123046875,0.0126953125,0.0230712890625,0.0079345703125,0.031494140625,0.015869140625,0.0098876953125,0.029541015625,0.036865234375
step_38_q_0,1.0,0.0,0.0,0.0,0.0,0.0,0.0,0.0,0.0,0.0,0.0,0.0,0.0,0.0
step_38_q_1,0.62109375,0.380859375,0.0,0.0,0.0,0.0,0.0,0.0,0.0,0.0,0.0,0.0,0.0,0.0
step_38_q_2,0.263671875,0.3671875,0.3671875,0.0,0.0,0.0,0.0,0.0,0.0,0.0,0.0,0.0,0.0,0.0
step_38_q_3,0.00103759765625,0.66796875,0.034423828125,0.296875,0.0,0.0,0.0,0.0,0.0,0.0,0.0,0.0,0.0,0.0
step_38_q_4,0.000537872314453125,0.46484375,0.00665283203125,0.03173828125,0.49609375,0.0,0.0,0.0,0.0,0.0,0.0,0.0,0.0,0.0
step_38_q_5,0.00390625,0.3203125,0.00518798828125,0.0255126953125,0.046142578125,0.59765625,0.0,0.0,0.0,0.0,0.0,0.0,0.0,0.0
step_38_q_6,0.00116729736328125,0.3671875,0.000579833984375,0.0107421875,0.002471923828125,0.0118408203125,0.60546875,0.0,0.0,0.0,0.0,0.0,0.0,0.0
step_38_q_7,0.000499725341796875,0.271484375,0.00104522705078125,0.011962890625,0.00118255615234375,0.0004024505615234375,0.060791015625,0.65234375,0.0,0.0,0.0,0.0,0.0,0.0
step_38_q_8,0.0002536773681640625,0.494140625,0.01092529296875,0.048828125,0.015380859375,0.0011138916015625,0.00640869140625,0.0625,0.361328125,0.0,0.0,0.0,0.0,0.0
step_38_q_9,0.0004062652587890625,0.337890625,0.0162353515625,0.0074462890625,0.00543212890625,0.00023937225341796875,0.000110626220703125,0.00213623046875,0.00146484375,0.62890625,0.0,0.0,0.0,0.0
step_38_q_10,0.0002422332763671875,0.2421875,0.00323486328125,0.013671875,0.03173828125,0.006866455078125,0.00390625,0.023193359375,0.035888671875,0.0218505859375,0.6171875,0.0,0.0,0.0
step_38_q_11,0.000667572021484375,0.75,0.000728607177734375,0.0027923583984375,0.0022125244140625,0.0035858154296875,0.000865936279296875,0.0022125244140625,0.001953125,0.001220703125,0.02490234375,0.2080078125,0.0,0.0
step_38_q_12,0.000453948974609375,0.453125,0.0037994384765625,0.010009765625,0.00238037109375,0.0012969970703125,0.0016632080078125,0.0032501220703125,0.003692626953125,0.0048828125,0.0272216796875,0.0048828125,0.482421875,0.0
step_38_q_13,0.0003261566162109375,0.1591796875,0.00179290771484375,0.01116943359375,0.00213623046875,0.0014190673828125,0.01116943359375,0.0152587890625,0.0162353515625,0.002655029296875,0.048583984375,0.0016326904296875,0.0162353515625,0.7109375
step_39_q_0,1.0,0.0,0.0,0.0,0.0,0.0,0.0,0.0,0.0,0.0,0.0,0.0,0.0,0.0
step_39_q_1,0.490234375,0.51171875,0.0,0.0,0.0,0.0,0.0,0.0,0.0,0.0,0.0,0.0,0.0,0.0
step_39_q_2,0.265625,0.44921875,0.287109375,0.0,0.0,0.0,0.0,0.0,0.0,0.0,0.0,0.0,0.0,0.0
step_39_q_3,0.0022430419921875,0.8515625,0.0194091796875,0.126953125,0.0,0.0,0.0,0.0,0.0,0.0,0.0,0.0,0.0,0.0
step_39_q_4,0.003997802734375,0.5078125,0.01373291015625,0.349609375,0.12451171875,0.0,0.0,0.0,0.0,0.0,0.0,0.0,0.0,0.0
step_39_q_5,0.00408935546875,0.6875,0.00653076171875,0.158203125,0.0703125,0.07275390625,0.0,0.0,0.0,0.0,0.0,0.0,0.0,0.0
step_39_q_6,0.00157928466796875,0.62890625,0.005096435546875,0.07958984375,0.03759765625,0.07958984375,0.1689453125,0.0,0.0,0.0,0.0,0.0,0.0,0.0
step_39_q_7,0.0028839111328125,0.44140625,0.0166015625,0.0869140625,0.039794921875,0.0869140625,0.1953125,0.1298828125,0.0,0.0,0.0,0.0,0.0,0.0
step_39_q_8,0.002777099609375,0.203125,0.00811767578125,0.07470703125,0.0498046875,0.1318359375,0.26953125,0.1630859375,0.09619140625,0.0,0.0,0.0,0.0,0.0
step_39_q_9,0.0020751953125,0.5234375,0.07275390625,0.01153564453125,0.0035247802734375,0.001739501953125,0.00069427490234375,0.0013580322265625,0.0022735595703125,0.3828125,0.0,0.0,0.0,0.0
step_39_q_10,0.0040283203125,0.294921875,0.119140625,0.095703125,0.03515625,0.024169921875,0.020751953125,0.0283203125,0.0234375,0.32421875,0.0301513671875,0.0,0.0,0.0
step_39_q_11,0.002716064453125,0.85546875,0.0111083984375,0.0050048828125,0.0026397705078125,0.0028533935546875,0.0020751953125,0.0035400390625,0.0026702880859375,0.08203125,0.01361083984375,0.0177001953125,0.0,0.0
step_39_q_12,0.0022430419921875,0.6953125,0.0203857421875,0.0380859375,0.0179443359375,0.0174560546875,0.0103759765625,0.00872802734375,0.01397705078125,0.103515625,0.0223388671875,0.0025482177734375,0.04736328125,0.0
step_39_q_13,0.0010528564453125,0.40625,0.005615234375,0.07275390625,0.0390625,0.03125,0.1279296875,0.10595703125,0.050048828125,0.02294921875,0.040283203125,0.0024566650390625,0.01190185546875,0.08251953125
step_40_q_0,1.0,0.0,0.0,0.0,0.0,0.0,0.0,0.0,0.0,0.0,0.0,0.0,0.0,0.0
step_40_q_1,0.5625,0.4375,0.0,0.0,0.0,0.0,0.0,0.0,0.0,0.0,0.0,0.0,0.0,0.0
step_40_q_2,0.326171875,0.353515625,0.3203125,0.0,0.0,0.0,0.0,0.0,0.0,0.0,0.0,0.0,0.0,0.0
step_40_q_3,0.005889892578125,0.40625,0.0966796875,0.490234375,0.0,0.0,0.0,0.0,0.0,0.0,0.0,0.0,0.0,0.0
step_40_q_4,0.0032501220703125,0.2314453125,0.1357421875,0.4609375,0.1689453125,0.0,0.0,0.0,0.0,0.0,0.0,0.0,0.0,0.0
step_40_q_5,0.0018157958984375,0.2392578125,0.0830078125,0.087890625,0.205078125,0.3828125,0.0,0.0,0.0,0.0,0.0,0.0,0.0,0.0
step_40_q_6,0.00089263916015625,0.158203125,0.06396484375,0.0771484375,0.1435546875,0.443359375,0.1123046875,0.0,0.0,0.0,0.0,0.0,0.0,0.0
step_40_q_7,0.0211181640625,0.1611328125,0.361328125,0.1005859375,0.1376953125,0.09765625,0.044677734375,0.07568359375,0.0,0.0,0.0,0.0,0.0,0.0
step_40_q_8,0.0032501220703125,0.10302734375,0.447265625,0.0244140625,0.07080078125,0.087890625,0.006591796875,0.0390625,0.2177734375,0.0,0.0,0.0,0.0,0.0
step_40_q_9,0.0002994537353515625,0.75,0.01708984375,0.0031585693359375,0.002349853515625,0.00142669677734375,0.00167083740234375,0.003814697265625,0.004913330078125,0.21484375,0.0,0.0,0.0,0.0
step_40_q_10,0.000270843505859375,0.89453125,0.00933837890625,0.004150390625,0.00110626220703125,0.00107574462890625,0.0013275146484375,0.004852294921875,0.002288818359375,0.04736328125,0.03271484375,0.0,0.0,0.0
step_40_q_11,3.981590270996094e-05,0.9296875,0.00628662109375,0.004730224609375,0.00185394287109375,0.00168609619140625,0.0004482269287109375,0.01507568359375,0.006683349609375,0.00885009765625,0.01708984375,0.005889892578125,0.0,0.0
step_40_q_12,5.650520324707031e-05,0.91015625,0.0021209716796875,0.00079345703125,0.00083160400390625,0.00128936767578125,0.00066375732421875,0.0018463134765625,0.00165557861328125,0.00836181640625,0.0283203125,0.0018463134765625,0.041259765625,0.0
step_40_q_13,0.00010824203491210938,0.69921875,0.00384521484375,0.0024871826171875,0.000850677490234375,0.00136566162109375,0.00167083740234375,0.005035400390625,0.0026092529296875,0.006988525390625,0.0576171875,0.004791259765625,0.0235595703125,0.1884765625
step_41_q_0,1.0,0.0,0.0,0.0,0.0,0.0,0.0,0.0,0.0,0.0,0.0,0.0,0.0,0.0
step_41_q_1,0.44140625,0.55859375,0.0,0.0,0.0,0.0,0.0,0.0,0.0,0.0,0.0,0.0,0.0,0.0
step_41_q_2,0.322265625,0.345703125,0.33203125,0.0,0.0,0.0,0.0,0.0,0.0,0.0,0.0,0.0,0.0,0.0
step_41_q_3,0.007598876953125,0.83984375,0.0291748046875,0.12451171875,0.0,0.0,0.0,0.0,0.0,0.0,0.0,0.0,0.0,0.0
step_41_q_4,0.00994873046875,0.53515625,0.043212890625,0.294921875,0.11572265625,0.0,0.0,0.0,0.0,0.0,0.0,0.0,0.0,0.0
step_41_q_5,0.00616455078125,0.470703125,0.01507568359375,0.18359375,0.162109375,0.162109375,0.0,0.0,0.0,0.0,0.0,0.0,0.0,0.0
step_41_q_6,0.0033721923828125,0.41796875,0.00677490234375,0.07958984375,0.09619140625,0.31640625,0.07958984375,0.0,0.0,0.0,0.0,0.0,0.0,0.0
step_41_q_7,0.0019989013671875,0.333984375,0.006622314453125,0.0291748046875,0.036376953125,0.1787109375,0.208984375,0.203125,0.0,0.0,0.0,0.0,0.0,0.0
step_41_q_8,0.004302978515625,0.30859375,0.0380859375,0.05908203125,0.06298828125,0.0859375,0.10009765625,0.19921875,0.1416015625,0.0,0.0,0.0,0.0,0.0
step_41_q_9,0.0006103515625,0.69140625,0.0908203125,0.007232666015625,0.005096435546875,0.001983642578125,0.00130462646484375,0.0078125,0.01104736328125,0.1806640625,0.0,0.0,0.0,0.0
step_41_q_10,0.00145721435546875,0.46875,0.1044921875,0.025634765625,0.01531982421875,0.00689697265625,0.0027008056640625,0.008056640625,0.01153564453125,0.322265625,0.033447265625,0.0,0.0,0.0
step_41_q_11,0.0020904541015625,0.7421875,0.008544921875,0.0072021484375,0.005096435546875,0.00555419921875,0.00173187255859375,0.005584716796875,0.004241943359375,0.1650390625,0.032470703125,0.02099609375,0.0,0.0
step_41_q_12,0.00156402587890625,0.81640625,0.00836181640625,0.00469970703125,0.004425048828125,0.00799560546875,0.004791259765625,0.003692626953125,0.00567626953125,0.053955078125,0.03369140625,0.00384521484375,0.050537109375,0.0
step_41_q_13,0.00179290771484375,0.6953125,0.005157470703125,0.006805419921875,0.0057373046875,0.00933837890625,0.00946044921875,0.0286865234375,0.01708984375,0.0181884765625,0.0458984375,0.005157470703125,0.0264892578125,0.12451171875
step_42_q_0,1.0,0.0,0.0,0.0,0.0,0.0,0.0,0.0,0.0,0.0,0.0,0.0,0.0,0.0
step_42_q_1,0.2734375,0.7265625,0.0,0.0,0.0,0.0,0.0,0.0,0.0,0.0,0.0,0.0,0.0,0.0
step_42_q_2,0.70703125,0.1376953125,0.15625,0.0,0.0,0.0,0.0,0.0,0.0,0.0,0.0,0.0,0.0,0.0
step_42_q_3,0.000888824462890625,0.80859375,0.048583984375,0.140625,0.0,0.0,0.0,0.0,0.0,0.0,0.0,0.0,0.0,0.0
step_42_q_4,0.0004673004150390625,0.51171875,0.091796875,0.1376953125,0.2578125,0.0,0.0,0.0,0.0,0.0,0.0,0.0,0.0,0.0
step_42_q_5,0.0005950927734375,0.515625,0.059814453125,0.04638671875,0.1015625,0.275390625,0.0,0.0,0.0,0.0,0.0,0.0,0.0,0.0
step_42_q_6,0.0003871917724609375,0.482421875,0.01324462890625,0.01324462890625,0.0205078125,0.046142578125,0.42578125,0.0,0.0,0.0,0.0,0.0,0.0,0.0
step_42_q_7,0.0006256103515625,0.515625,0.019287109375,0.031982421875,0.0240478515625,0.0240478515625,0.1015625,0.283203125,0.0,0.0,0.0,0.0,0.0,0.0
step_42_q_8,0.00106048583984375,0.390625,0.1083984375,0.04248046875,0.059814453125,0.0133056640625,0.01513671875,0.11865234375,0.251953125,0.0,0.0,0.0,0.0,0.0
step_42_q_9,0.001556396484375,0.431640625,0.0302734375,0.00897216796875,0.0018463134765625,0.000629425048828125,0.00077056884765625,0.0026397705078125,0.0018463134765625,0.51953125,0.0,0.0,0.0,0.0
step_42_q_10,0.0027923583984375,0.0869140625,0.119140625,0.0137939453125,0.0067138671875,0.00136566162109375,0.00262451171875,0.01007080078125,0.01422119140625,0.208984375,0.53515625,0.0,0.0,0.0
step_42_q_11,0.004486083984375,0.384765625,0.02783203125,0.01275634765625,0.0089111328125,0.005401611328125,0.006103515625,0.025390625,0.015869140625,0.0123291015625,0.060791015625,0.435546875,0.0,0.0
step_42_q_12,0.00182342529296875,0.50390625,0.01953125,0.00897216796875,0.004364013671875,0.0020599365234375,0.0025634765625,0.010498046875,0.00982666015625,0.0157470703125,0.04541015625,0.04833984375,0.326171875,0.0
step_42_q_13,0.000255584716796875,0.62890625,0.00897216796875,0.00872802734375,0.005615234375,0.00121307373046875,0.003204345703125,0.0076904296875,0.010498046875,0.00579833984375,0.020263671875,0.00677490234375,0.044189453125,0.2470703125
step_43_q_0,1.0,0.0,0.0,0.0,0.0,0.0,0.0,0.0,0.0,0.0,0.0,0.0,0.0,0.0
step_43_q_1,0.65234375,0.349609375,0.0,0.0,0.0,0.0,0.0,0.0,0.0,0.0,0.0,0.0,0.0,0.0
step_43_q_2,0.326171875,0.306640625,0.3671875,0.0,0.0,0.0,0.0,0.0,0.0,0.0,0.0,0.0,0.0,0.0
step_43_q_3,3.170967102050781e-05,0.91796875,0.037841796875,0.045654296875,0.0,0.0,0.0,0.0,0.0,0.0,0.0,0.0,0.0,0.0
step_43_q_4,3.266334533691406e-05,0.65625,0.050537109375,0.166015625,0.12890625,0.0,0.0,0.0,0.0,0.0,0.0,0.0,0.0,0.0
step_43_q_5,0.0001201629638671875,0.9296875,0.035888671875,0.017578125,0.012451171875,0.006072998046875,0.0,0.0,0.0,0.0,0.0,0.0,0.0,0.0
step_43_q_6,0.000133514404296875,0.8828125,0.0498046875,0.0283203125,0.026611328125,0.00360107421875,0.0086669921875,0.0,0.0,0.0,0.0,0.0,0.0,0.0
step_43_q_7,0.0001316070556640625,0.828125,0.038818359375,0.0322265625,0.06396484375,0.001983642578125,0.00433349609375,0.0301513671875,0.0,0.0,0.0,0.0,0.0,0.0
step_43_q_8,0.0002613067626953125,0.2236328125,0.60546875,0.0771484375,0.07275390625,0.002197265625,0.00165557861328125,0.0019989013671875,0.013427734375,0.0,0.0,0.0,0.0,0.0
step_43_q_9,0.0125732421875,0.75390625,0.07958984375,0.0189208984375,0.005584716796875,0.001373291015625,0.00098419189453125,0.00049591064453125,0.0018157958984375,0.12353515625,0.0,0.0,0.0,0.0
step_43_q_10,0.0096435546875,0.039306640625,0.7890625,0.02880859375,0.00933837890625,0.0002231597900390625,0.000579833984375,0.0012664794921875,0.00092315673828125,0.01361083984375,0.10693359375,0.0,0.0,0.0
step_43_q_11,0.0089111328125,0.333984375,0.1904296875,0.0869140625,0.0234375,0.000675201416015625,0.0013427734375,0.00421142578125,0.0022430419921875,0.054443359375,0.06396484375,0.2294921875,0.0,0.0
step_43_q_12,0.001922607421875,0.68359375,0.0234375,0.048095703125,0.039794921875,0.003936767578125,0.006500244140625,0.009765625,0.036376953125,0.032958984375,0.061767578125,0.03515625,0.01513671875,0.0
step_43_q_13,0.000244140625,0.53125,0.0091552734375,0.1962890625,0.043701171875,0.003936767578125,0.002044677734375,0.00860595703125,0.00787353515625,0.01007080078125,0.02197265625,0.00860595703125,0.01104736328125,0.1435546875
step_44_q_0,1.0,0.0,0.0,0.0,0.0,0.0,0.0,0.0,0.0,0.0,0.0,0.0,0.0,0.0
step_44_q_1,0.314453125,0.68359375,0.0,0.0,0.0,0.0,0.0,0.0,0.0,0.0,0.0,0.0,0.0,0.0
step_44_q_2,0.1806640625,0.3203125,0.5,0.0,0.0,0.0,0.0,0.0,0.0,0.0,0.0,0.0,0.0,0.0
step_44_q_3,0.000164031982421875,0.98046875,0.007049560546875,0.011962890625,0.0,0.0,0.0,0.0,0.0,0.0,0.0,0.0,0.0,0.0
step_44_q_4,0.0002841949462890625,0.97265625,0.005615234375,0.01019287109375,0.00982666015625,0.0,0.0,0.0,0.0,0.0,0.0,0.0,0.0,0.0
step_44_q_5,0.0003948211669921875,0.96484375,0.02197265625,0.00555419921875,0.00531005859375,0.0035858154296875,0.0,0.0,0.0,0.0,0.0,0.0,0.0,0.0
step_44_q_6,0.0001316070556640625,0.96875,0.007293701171875,0.005767822265625,0.0052490234375,0.005584716796875,0.00762939453125,0.0,0.0,0.0,0.0,0.0,0.0,0.0
step_44_q_7,0.000186920166015625,0.9765625,0.005279541015625,0.00482177734375,0.0076904296875,0.00182342529296875,0.001068115234375,0.00311279296875,0.0,0.0,0.0,0.0,0.0,0.0
step_44_q_8,0.0005340576171875,0.95703125,0.00909423828125,0.01031494140625,0.010986328125,0.0030059814453125,0.000972747802734375,0.002166748046875,0.005706787109375,0.0,0.0,0.0,0.0,0.0
step_44_q_9,0.0001354217529296875,0.98828125,0.00238037109375,0.002960205078125,0.00238037109375,0.00025177001953125,0.0002880096435546875,0.00022411346435546875,0.00144195556640625,0.0020599365234375,0.0,0.0,0.0,0.0
step_44_q_10,0.000568389892578125,0.9375,0.005401611328125,0.0111083984375,0.005584716796875,0.00146484375,0.00042724609375,0.0013275146484375,0.005584716796875,0.0026397705078125,0.0283203125,0.0,0.0,0.0
step_44_q_11,0.00012493133544921875,0.9609375,0.00238037109375,0.006011962890625,0.0022430419921875,0.000568389892578125,0.00043487548828125,0.000732421875,0.00191497802734375,0.000858306884765625,0.01214599609375,0.009765625,0.0,0.0
step_44_q_12,0.0003566741943359375,0.9453125,0.0023345947265625,0.004364013671875,0.004364013671875,0.0008544921875,0.00049591064453125,0.000507354736328125,0.004241943359375,0.00179290771484375,0.01953125,0.005035400390625,0.01263427734375,0.0
step_44_q_13,0.0002422332763671875,0.9453125,0.00107574462890625,0.0084228515625,0.004730224609375,0.00142669677734375,0.0004405975341796875,0.000797271728515625,0.0016632080078125,0.000904083251953125,0.0108642578125,0.0035247802734375,0.0079345703125,0.01116943359375
step_45_q_0,1.0,0.0,0.0,0.0,0.0,0.0,0.0,0.0,0.0,0.0,0.0,0.0,0.0,0.0
step_45_q_1,0.50390625,0.49609375,0.0,0.0,0.0,0.0,0.0,0.0,0.0,0.0,0.0,0.0,0.0,0.0
step_45_q_2,0.349609375,0.423828125,0.2265625,0.0,0.0,0.0,0.0,0.0,0.0,0.0,0.0,0.0,0.0,0.0
step_45_q_3,0.0031890869140625,0.96875,0.0235595703125,0.00396728515625,0.0,0.0,0.0,0.0,0.0,0.0,0.0,0.0,0.0,0.0
step_45_q_4,0.0031280517578125,0.90625,0.059814453125,0.00762939453125,0.0213623046875,0.0,0.0,0.0,0.0,0.0,0.0,0.0,0.0,0.0
step_45_q_5,0.0010986328125,0.96875,0.0228271484375,0.00154876708984375,0.00360107421875,0.0016021728515625,0.0,0.0,0.0,0.0,0.0,0.0,0.0,0.0
step_45_q_6,0.0002593994140625,0.9609375,0.01031494140625,0.00179290771484375,0.004730224609375,0.0016326904296875,0.0218505859375,0.0,0.0,0.0,0.0,0.0,0.0,0.0
step_45_q_7,0.0021820068359375,0.8828125,0.08740234375,0.004638671875,0.01470947265625,0.00099945068359375,0.006744384765625,0.0020599365234375,0.0,0.0,0.0,0.0,0.0,0.0
step_45_q_8,0.000698089599609375,0.291015625,0.69921875,0.0035400390625,0.004425048828125,0.0002613067626953125,0.0006561279296875,0.0002193450927734375,0.00201416015625,0.0,0.0,0.0,0.0,0.0
step_45_q_9,0.00013446807861328125,0.99609375,0.00131988525390625,0.0001392364501953125,6.580352783203125e-05,6.3478946685791016e-06,6.580352783203125e-05,6.866455078125e-05,8.58306884765625e-05,0.003814697265625,0.0,0.0,0.0,0.0
step_45_q_10,0.000324249267578125,0.8125,0.16015625,0.0029296875,0.00151824951171875,5.626678466796875e-05,0.0004215240478515625,0.000186920166015625,0.000286102294921875,0.014892578125,0.00726318359375,0.0,0.0,0.0
step_45_q_11,0.000919342041015625,0.9453125,0.01190185546875,0.0035247802734375,0.002655029296875,8.678436279296875e-05,0.0002841949462890625,0.000400543212890625,0.000888824462890625,0.01348876953125,0.00958251953125,0.010498046875,0.0,0.0
step_45_q_12,0.00010251998901367188,0.98828125,0.0033416748046875,0.0007476806640625,0.0003871917724609375,6.341934204101562e-05,0.000171661376953125,0.00012159347534179688,0.0003757476806640625,0.0035552978515625,0.0028533935546875,0.0004119873046875,0.0009002685546875,0.0
step_45_q_13,6.103515625e-05,0.94140625,0.005767822265625,0.00921630859375,0.0072021484375,0.0005035400390625,0.00396728515625,0.000858306884765625,0.001708984375,0.011474609375,0.0101318359375,0.001708984375,0.0021209716796875,0.0031890869140625
step_46_q_0,1.0,0.0,0.0,0.0,0.0,0.0,0.0,0.0,0.0,0.0,0.0,0.0,0.0,0.0
step_46_q_1,0.58984375,0.41015625,0.0,0.0,0.0,0.0,0.0,0.0,0.0,0.0,0.0,0.0,0.0,0.0
step_46_q_2,0.26953125,0.53125,0.19921875,0.0,0.0,0.0,0.0,0.0,0.0,0.0,0.0,0.0,0.0,0.0
step_46_q_3,0.0021209716796875,0.97265625,0.01153564453125,0.013427734375,0.0,0.0,0.0,0.0,0.0,0.0,0.0,0.0,0.0,0.0
step_46_q_4,0.003814697265625,0.93359375,0.0181884765625,0.01556396484375,0.030029296875,0.0,0.0,0.0,0.0,0.0,0.0,0.0,0.0,0.0
step_46_q_5,0.0024261474609375,0.98046875,0.0126953125,0.0018310546875,0.003021240234375,0.0003662109375,0.0,0.0,0.0,0.0,0.0,0.0,0.0,0.0
step_46_q_6,0.000965118408203125,0.94921875,0.0098876953125,0.01055908203125,0.0245361328125,0.00201416015625,0.003997802734375,0.0,0.0,0.0,0.0,0.0,0.0,0.0
step_46_q_7,0.0030975341796875,0.9140625,0.0228271484375,0.0147705078125,0.02587890625,0.007415771484375,0.005584716796875,0.00787353515625,0.0,0.0,0.0,0.0,0.0,0.0
step_46_q_8,0.0023651123046875,0.76953125,0.1943359375,0.0128173828125,0.0145263671875,0.00165557861328125,0.00112152099609375,0.0014801025390625,0.004150390625,0.0,0.0,0.0,0.0,0.0
step_46_q_9,3.24249267578125e-05,0.99609375,0.00093841552734375,0.0002651214599609375,0.0002727508544921875,1.0311603546142578e-05,2.384185791015625e-05,2.3126602172851562e-05,0.00012302398681640625,0.001861572265625,0.0,0.0,0.0,0.0
step_46_q_10,0.000362396240234375,0.94140625,0.01611328125,0.005950927734375,0.00173187255859375,0.00013637542724609375,0.00052642822265625,0.0004119873046875,0.0021514892578125,0.00372314453125,0.029296875,0.0,0.0,0.0
step_46_q_11,0.0005340576171875,0.890625,0.007476806640625,0.003021240234375,0.003753662109375,0.00131988525390625,0.000949859619140625,0.001129150390625,0.005645751953125,0.031494140625,0.030517578125,0.0223388671875,0.0,0.0
step_46_q_12,0.000659942626953125,0.9296875,0.004180908203125,0.0020294189453125,0.002685546875,0.000392913818359375,0.001007080078125,0.0005645751953125,0.0020294189453125,0.00457763671875,0.0272216796875,0.005706787109375,0.0205078125,0.0
step_46_q_13,0.000415802001953125,0.921875,0.0042724609375,0.011962890625,0.0035247802734375,0.000255584716796875,0.000774383544921875,0.0002117156982421875,0.00118255615234375,0.006805419921875,0.0203857421875,0.006011962890625,0.0115966796875,0.0126953125
step_47_q_0,1.0,0.0,0.0,0.0,0.0,0.0,0.0,0.0,0.0,0.0,0.0,0.0,0.0,0.0
step_47_q_1,0.6015625,0.3984375,0.0,0.0,0.0,0.0,0.0,0.0,0.0,0.0,0.0,0.0,0.0,0.0
step_47_q_2,0.341796875,0.41796875,0.2392578125,0.0,0.0,0.0,0.0,0.0,0.0,0.0,0.0,0.0,0.0,0.0
step_47_q_3,0.005950927734375,0.91015625,0.0177001953125,0.06591796875,0.0,0.0,0.0,0.0,0.0,0.0,0.0,0.0,0.0,0.0
step_47_q_4,0.0047607421875,0.73828125,0.0213623046875,0.08837890625,0.1455078125,0.0,0.0,0.0,0.0,0.0,0.0,0.0,0.0,0.0
step_47_q_5,0.002532958984375,0.82421875,0.0033111572265625,0.018798828125,0.037353515625,0.11474609375,0.0,0.0,0.0,0.0,0.0,0.0,0.0,0.0
step_47_q_6,0.0037994384765625,0.53515625,0.025390625,0.0791015625,0.115234375,0.1435546875,0.0986328125,0.0,0.0,0.0,0.0,0.0,0.0,0.0
step_47_q_7,0.007415771484375,0.345703125,0.027099609375,0.072265625,0.11962890625,0.158203125,0.11572265625,0.1533203125,0.0,0.0,0.0,0.0,0.0,0.0
step_47_q_8,0.004486083984375,0.47265625,0.09912109375,0.046875,0.07958984375,0.03125,0.018310546875,0.03759765625,0.2099609375,0.0,0.0,0.0,0.0,0.0
step_47_q_9,0.0003757476806640625,0.93359375,0.0036468505859375,0.00885009765625,0.00555419921875,0.0022430419921875,0.00070953369140625,0.00122833251953125,0.0206298828125,0.0233154296875,0.0,0.0,0.0,0.0
step_47_q_10,0.0003414154052734375,0.88671875,0.006072998046875,0.007537841796875,0.00616455078125,0.010009765625,0.0025634765625,0.002227783203125,0.0157470703125,0.0157470703125,0.04833984375,0.0,0.0,0.0
step_47_q_11,0.020751953125,0.54296875,0.00946044921875,0.020751953125,0.0230712890625,0.03759765625,0.0137939453125,0.0032501220703125,0.01513671875,0.103515625,0.103515625,0.10693359375,0.0,0.0
step_47_q_12,0.001129150390625,0.6953125,0.0042724609375,0.0223388671875,0.04052734375,0.0185546875,0.01275634765625,0.0038299560546875,0.03564453125,0.0185546875,0.055419921875,0.015869140625,0.07568359375,0.0
step_47_q_13,0.0003108978271484375,0.7109375,0.002655029296875,0.002410888671875,0.01226806640625,0.00176239013671875,0.002410888671875,0.002410888671875,0.02294921875,0.00176239013671875,0.0260009765625,0.0019378662109375,0.00677490234375,0.2041015625
step_48_q_0,1.2516975402832031e-05,0.00083160400390625,0.000446319580078125,0.00144195556640625,0.8984375,0.00135040283203125,0.0010833740234375,0.006439208984375,0.0031890869140625,5.698204040527344e-05,0.0004558563232421875,3.7997961044311523e-06,0.0810546875,0.0003910064697265625,0.004302978515625
step_49_q_0,7.486343383789062e-05,0.0002689361572265625,0.00093841552734375,0.0006866455078125,0.00093841552734375,0.0021209716796875,0.00225830078125,0.0057373046875,0.01141357421875,0.0047607421875,0.04248046875,0.06591796875,0.115234375,0.70703125,0.039794921875
step_50_q_0,0.0005035400390625,0.478515625,0.035888671875,0.035888671875,0.0419921875,0.0296630859375,0.0296630859375,0.0169677734375,0.044677734375,0.039306640625,0.043212890625,0.05908203125,0.09130859375,0.0419921875,0.0106201171875
step_51_q_0,0.0010986328125,0.51171875,0.027099609375,0.021728515625,0.013427734375,0.005767822265625,0.004058837890625,0.005401611328125,0.0228271484375,0.00799560546875,0.0810546875,0.0125732421875,0.0107421875,0.2578125,0.0185546875
step_52_q_0,0.002227783203125,0.8828125,0.0031890869140625,0.01202392578125,0.00775146484375,0.0054931640625,0.00408935546875,0.004638671875,0.005584716796875,0.0031890869140625,0.0037841796875,0.00201416015625,0.00165557861328125,0.0050048828125,0.056396484375
step_53_q_0,0.00151824951171875,0.48046875,0.0126953125,0.11572265625,0.052978515625,0.0400390625,0.0179443359375,0.0546875,0.0390625,0.0120849609375,0.05224609375,0.0013275146484375,0.01708984375,0.046875,0.0546875
step_54_q_0,0.000896453857421875,0.8515625,0.0172119140625,0.00811767578125,0.0089111328125,0.00506591796875,0.00131988525390625,0.01043701171875,0.01007080078125,0.00592041015625,0.0107421875,0.00095367431640625,0.0311279296875,0.01336669921875,0.022705078125
step_55_q_0,0.00170135498046875,0.28515625,0.0174560546875,0.052978515625,0.048095703125,0.0291748046875,0.0098876953125,0.05908203125,0.06005859375,0.0220947265625,0.072265625,0.005523681640625,0.1787109375,0.0830078125,0.0732421875
step_56_q_0,0.004180908203125,0.48828125,0.01080322265625,0.04541015625,0.0498046875,0.027587890625,0.01385498046875,0.041259765625,0.06591796875,0.0033111572265625,0.1162109375,0.011474609375,0.013427734375,0.0771484375,0.03125
step_57_q_0,0.0002803802490234375,0.78515625,0.0016937255859375,0.0108642578125,0.060546875,0.03564453125,0.0130615234375,0.0074462890625,0.045654296875,0.00019741058349609375,0.034423828125,0.0003376007080078125,0.00017547607421875,0.00238037109375,0.0025787353515625
step_58_q_0,0.010986328125,0.376953125,0.01416015625,0.189453125,0.0791015625,0.0218505859375,0.0181884765625,0.042236328125,0.0595703125,0.00457763671875,0.0478515625,0.007568359375,0.017578125,0.031982421875,0.0791015625
step_59_q_0,0.0003528594970703125,0.80078125,0.0028533935546875,0.000759124755859375,0.00040435791015625,0.00080108642578125,0.0022125244140625,0.000732421875,0.0040283203125,0.0400390625,0.0062255859375,0.0213623046875,0.06005859375,0.041259765625,0.0166015625
step_60_q_0,0.00433349609375,0.75,0.0091552734375,0.01507568359375,0.01416015625,0.01556396484375,0.00836181640625,0.01373291015625,0.024169921875,0.012939453125,0.02734375,0.0027923583984375,0.031982421875,0.03515625,0.03515625
step_61_q_0,0.0022430419921875,0.87109375,0.003875732421875,0.00921630859375,0.004364013671875,0.0032958984375,0.00142669677734375,0.0032958984375,0.002471923828125,0.003448486328125,0.00823974609375,0.01080322265625,0.013671875,0.03271484375,0.02978515625
step_62_q_0,5.602836608886719e-05,0.10009765625,0.00099945068359375,0.00177764892578125,0.00063323974609375,0.00102996826171875,0.003021240234375,0.006805419921875,0.002349853515625,0.001220703125,0.003326416015625,0.0006256103515625,0.002838134765625,0.036865234375,0.83984375
step_63_q_0,0.00148773193359375,0.66015625,0.004180908203125,0.0211181640625,0.0233154296875,0.019287109375,0.04345703125,0.0693359375,0.059326171875,0.00144195556640625,0.040771484375,0.0037994384765625,0.002960205078125,0.028076171875,0.0225830078125
step_64_q_0,6.151199340820312e-05,0.796875,0.003631591796875,0.004608154296875,0.00127410888671875,0.0009002685546875,0.000762939453125,0.005218505859375,0.01287841796875,0.00118255615234375,0.0478515625,0.0019073486328125,0.005401611328125,0.0732421875,0.04296875
step_65_q_0,0.00015354156494140625,0.9453125,0.00121307373046875,0.00182342529296875,0.002105712890625,0.002777099609375,0.000476837158203125,0.0012969970703125,0.00121307373046875,0.000202178955078125,0.0037994384765625,0.003997802734375,0.003631591796875,0.0208740234375,0.01116943359375
step_66_q_0,0.000644683837890625,0.8828125,0.000598907470703125,0.015625,0.0031890869140625,0.006134033203125,0.002471923828125,0.009521484375,0.018310546875,0.01043701171875,0.01336669921875,0.00225830078125,0.01300048828125,0.00921630859375,0.01300048828125
step_67_q_0,1.9311904907226562e-05,0.047119140625,0.00035858154296875,0.0028228759765625,0.004119873046875,0.006988525390625,0.022216796875,0.09375,0.09375,0.0004405975341796875,0.306640625,0.064453125,0.028564453125,0.0751953125,0.25390625
step_68_q_0,0.000949859619140625,0.546875,0.0064697265625,0.0361328125,0.0281982421875,0.0194091796875,0.017578125,0.052490234375,0.0478515625,0.00119781494140625,0.10791015625,0.01068115234375,0.00848388671875,0.08935546875,0.02490234375
step_69_q_0,6.437301635742188e-05,0.96484375,0.0004558563232421875,0.0017242431640625,0.00109100341796875,0.001983642578125,0.0029754638671875,0.003173828125,0.00433349609375,0.00066375732421875,0.00555419921875,0.00128173828125,0.0016937255859375,0.0037078857421875,0.0067138671875
step_70_q_0,0.00494384765625,0.34765625,0.013427734375,0.046875,0.0322265625,0.0189208984375,0.034423828125,0.05322265625,0.09033203125,0.0201416015625,0.044189453125,0.0189208984375,0.0189208984375,0.1201171875,0.1357421875
step_71_q_0,0.00142669677734375,0.859375,0.00390625,0.0034027099609375,0.00107574462890625,0.0031890869140625,0.0015716552734375,0.002471923828125,0.0064697265625,0.0064697265625,0.0130615234375,0.007659912109375,0.01806640625,0.04541015625,0.0267333984375
step_72_q_0,0.0002841949462890625,0.58984375,0.00982666015625,0.0400390625,0.0201416015625,0.025146484375,0.006744384765625,0.029296875,0.033203125,0.0147705078125,0.0703125,0.027587890625,0.0400390625,0.06591796875,0.0267333984375
step_73_q_0,0.0036773681640625,0.625,0.025390625,0.03466796875,0.01446533203125,0.01336669921875,0.0137939453125,0.0283203125,0.023193359375,0.01129150390625,0.0498046875,0.019775390625,0.033203125,0.072265625,0.0311279296875
step_74_q_0,1.895427703857422e-05,0.1123046875,0.0001735687255859375,0.00360107421875,0.0006866455078125,0.0006256103515625,0.0023345947265625,0.00299072265625,0.007171630859375,0.00057220458984375,0.0038299560546875,0.0006866455078125,0.0023345947265625,0.0341796875,0.828125
step_75_q_0,0.000698089599609375,0.64453125,0.00140380859375,0.01251220703125,0.0181884765625,0.0103759765625,0.04248046875,0.06591796875,0.03857421875,0.0067138671875,0.0341796875,0.00811767578125,0.022705078125,0.04248046875,0.052734375
step_76_q_0,0.00023365020751953125,0.83203125,0.005279541015625,0.009521484375,0.0020904541015625,0.0028228759765625,0.0045166015625,0.01385498046875,0.006988525390625,0.004638671875,0.0162353515625,0.010498046875,0.04150390625,0.0302734375,0.01953125
step_77_q_0,0.00077056884765625,0.828125,0.002716064453125,0.0022125244140625,0.00141143798828125,0.001953125,0.004608154296875,0.0107421875,0.006317138671875,0.0029296875,0.00640869140625,0.005157470703125,0.0213623046875,0.06591796875,0.041259765625
step_78_q_0,0.00116729736328125,0.515625,0.00408935546875,0.130859375,0.08984375,0.01611328125,0.0146484375,0.01177978515625,0.0869140625,0.006500244140625,0.046630859375,0.00167083740234375,0.00433349609375,0.006317138671875,0.061767578125
step_79_q_0,0.000171661376953125,0.2265625,0.0003662109375,0.00640869140625,0.00762939453125,0.0068359375,0.024658203125,0.06884765625,0.0306396484375,0.000396728515625,0.1171875,0.166015625,0.0238037109375,0.1875,0.1328125
step_80_q_0,0.0008697509765625,0.30859375,0.0036468505859375,0.05712890625,0.0269775390625,0.0458984375,0.11376953125,0.13671875,0.09130859375,0.00408935546875,0.052001953125,0.01123046875,0.0380859375,0.078125,0.0306396484375
step_81_q_0,0.0002193450927734375,0.62109375,0.000751495361328125,0.0291748046875,0.032958984375,0.0107421875,0.048095703125,0.0291748046875,0.0291748046875,0.00102996826171875,0.037353515625,0.00946044921875,0.00860595703125,0.0257568359375,0.115234375
step_82_q_0,0.000507354736328125,0.359375,0.01153564453125,0.2314453125,0.1318359375,0.0277099609375,0.03564453125,0.033447265625,0.045654296875,0.007232666015625,0.0277099609375,0.005615234375,0.006591796875,0.016845703125,0.05859375
step_83_q_0,0.000301361083984375,0.56640625,0.00095367431640625,0.001617431640625,0.00026702880859375,0.00018310546875,0.00021076202392578125,0.00093841552734375,0.003997802734375,0.00482177734375,0.022705078125,0.00095367431640625,0.012939453125,0.259765625,0.12255859375
step_84_q_0,8.726119995117188e-05,0.74609375,0.0007476806640625,0.008544921875,0.0064697265625,0.00518798828125,0.0064697265625,0.01324462890625,0.0120849609375,0.005889892578125,0.044921875,0.008056640625,0.0093994140625,0.07177734375,0.061279296875
step_85_q_0,0.000904083251953125,0.859375,0.00168609619140625,0.01165771484375,0.0042724609375,0.003936767578125,0.00634765625,0.01324462890625,0.00616455078125,0.008056640625,0.01385498046875,0.008056640625,0.0169677734375,0.0201416015625,0.02587890625
step_86_q_0,3.9577484130859375e-05,0.09765625,0.000545501708984375,0.005889892578125,0.00115966796875,0.0002536773681640625,0.0030517578125,0.00732421875,0.003143310546875,0.0005645751953125,0.013671875,0.000453948974609375,0.0030517578125,0.04345703125,0.8203125
step_87_q_0,0.000606536865234375,0.35546875,0.00372314453125,0.036376953125,0.0166015625,0.00921630859375,0.036376953125,0.036376953125,0.018310546875,0.01513671875,0.01953125,0.0023651123046875,0.01611328125,0.0771484375,0.35546875
step_88_q_0,5.507469177246094e-05,0.765625,0.000732421875,0.00086212158203125,0.00058746337890625,0.00038909912109375,0.000713348388671875,0.00119781494140625,0.00162506103515625,0.006134033203125,0.01361083984375,0.00145721435546875,0.0296630859375,0.13671875,0.04052734375
step_89_q_0,0.0008392333984375,0.5546875,0.0017547607421875,0.0023345947265625,0.00128173828125,0.0017547607421875,0.0020294189453125,0.007080078125,0.005889892578125,0.0048828125,0.010009765625,0.0030975341796875,0.0162353515625,0.1494140625,0.23828125
step_90_q_0,6.723403930664062e-05,0.73828125,0.001739501953125,0.02294921875,0.004119873046875,0.00112152099609375,0.0016326904296875,0.00579833984375,0.0028228759765625,0.0030059814453125,0.005126953125,0.00579833984375,0.02294921875,0.022216796875,0.1640625
step_91_q_0,4.410743713378906e-05,0.58203125,0.0040283203125,0.0198974609375,0.0693359375,0.00173187255859375,0.0021514892578125,0.00518798828125,0.03271484375,0.047607421875,0.0198974609375,0.01202392578125,0.007781982421875,0.1884765625,0.00909423828125
step_92_q_0,0.000102996826171875,0.9375,0.000896453857421875,0.00469970703125,0.00836181640625,0.000492095947265625,0.00025177001953125,0.0003814697265625,0.0023193359375,0.000827789306640625,0.0125732421875,0.003997802734375,0.01007080078125,0.0107421875,0.00811767578125
step_93_q_0,8.821487426757812e-06,0.9765625,0.000865936279296875,0.00118255615234375,0.0016632080078125,0.000408172607421875,0.0018310546875,0.00054168701171875,0.00250244140625,0.00341796875,0.00482177734375,0.0003604888916015625,0.000232696533203125,0.0035247802734375,0.000255584716796875
step_94_q_0,5.698204040527344e-05,0.98046875,0.0003337860107421875,0.00010156631469726562,0.00052642822265625,7.43865966796875e-05,0.00014781951904296875,5.364418029785156e-05,0.00025177001953125,0.003021240234375,0.004119873046875,0.0032196044921875,0.0033111572265625,0.0042724609375,0.00142669677734375
step_95_q_0,0.0003299713134765625,0.53515625,0.003326416015625,0.004547119140625,0.00787353515625,0.00148773193359375,0.0024261474609375,0.0025482177734375,0.0125732421875,0.003326416015625,0.02490234375,0.006011962890625,0.0087890625,0.3046875,0.08447265625
step_96_q_0,0.00634765625,0.007415771484375,0.50390625,0.00927734375,0.000583648681640625,0.0023345947265625,0.000820159912109375,0.004241943359375,0.0235595703125,8.869171142578125e-05,0.287109375,0.002960205078125,0.00133514404296875,0.1318359375,0.00927734375,0.007415771484375
step_97_q_0,0.0003032684326171875,0.0004024505615234375,0.00164031982421875,0.000751495361328125,0.000644683837890625,0.000514984130859375,0.0004863739013671875,0.000850677490234375,0.003814697265625,0.0035858154296875,0.01007080078125,0.0194091796875,0.07666015625,0.6015625,0.1962890625,0.08154296875
step_98_q_0,0.000331878662109375,0.30859375,0.055419921875,0.048828125,0.04052734375,0.0230712890625,0.02783203125,0.01025390625,0.04736328125,0.055419921875,0.06298828125,0.07568359375,0.10693359375,0.09130859375,0.00799560546875,0.036865234375
step_99_q_0,0.00078582763671875,0.4921875,0.01458740234375,0.0108642578125,0.007568359375,0.00323486328125,0.0026397705078125,0.0033416748046875,0.01416015625,0.0064697265625,0.056884765625,0.01507568359375,0.01416015625,0.271484375,0.02685546875,0.060546875
step_100_q_0,0.00173187255859375,0.5546875,0.022216796875,0.0281982421875,0.048583984375,0.023681640625,0.0098876953125,0.01708984375,0.0281982421875,0.01116943359375,0.0281982421875,0.01068115234375,0.01904296875,0.060546875,0.056884765625,0.07763671875
step_101_q_0,0.0009307861328125,0.51953125,0.019287109375,0.09033203125,0.040771484375,0.03076171875,0.0162353515625,0.040771484375,0.034912109375,0.005035400390625,0.05322265625,0.000698089599609375,0.005523681640625,0.058349609375,0.0322265625,0.050048828125
step_102_q_0,0.00021266937255859375,0.80859375,0.00494384765625,0.005279541015625,0.01116943359375,0.002197265625,0.00110626220703125,0.00543212890625,0.003631591796875,0.000797271728515625,0.002532958984375,0.00022792816162109375,0.0152587890625,0.005615234375,0.109375,0.0244140625
step_103_q_0,0.000370025634765625,0.1494140625,0.02001953125,0.06884765625,0.0732421875,0.056884765625,0.01312255859375,0.060546875,0.0751953125,0.010498046875,0.0908203125,0.004119873046875,0.0966796875,0.06884765625,0.0908203125,0.12060546875
step_104_q_0,0.00506591796875,0.7734375,0.01190185546875,0.025634765625,0.01458740234375,0.01251220703125,0.00482177734375,0.00848388671875,0.0179443359375,0.0024566650390625,0.0634765625,0.00555419921875,0.01007080078125,0.025634765625,0.0081787109375,0.01019287109375
step_105_q_0,8.296966552734375e-05,0.96484375,0.000152587890625,0.00106048583984375,0.0031585693359375,0.004058837890625,0.0030670166015625,0.00156402587890625,0.006500244140625,4.553794860839844e-05,0.0035858154296875,0.0001239776611328125,0.00010728836059570312,0.00089263916015625,0.0012359619140625,0.01141357421875
step_106_q_0,0.0068359375,0.55859375,0.01446533203125,0.048828125,0.09716796875,0.024658203125,0.00823974609375,0.03369140625,0.09130859375,0.0014801025390625,0.07568359375,0.0010833740234375,0.0017852783203125,0.0238037109375,0.0054931640625,0.00531005859375
step_107_q_0,7.82012939453125e-05,0.7265625,0.003936767578125,0.000736236572265625,0.0003147125244140625,0.0001926422119140625,0.00021076202392578125,0.00014591217041015625,0.0012054443359375,0.06982421875,0.006072998046875,0.010986328125,0.0673828125,0.04345703125,0.029052734375,0.041015625
step_108_q_0,0.0023193359375,0.494140625,0.015380859375,0.035888671875,0.0224609375,0.0169677734375,0.005157470703125,0.01055908203125,0.0380859375,0.00726318359375,0.052001953125,0.0035400390625,0.05712890625,0.1171875,0.0712890625,0.050537109375
step_109_q_0,0.001068115234375,0.859375,0.0020294189453125,0.01068115234375,0.0052490234375,0.005889892578125,0.0022125244140625,0.003936767578125,0.004119873046875,0.0035247802734375,0.01019287109375,0.007110595703125,0.01068115234375,0.0196533203125,0.03955078125,0.0130615234375
step_110_q_0,7.009506225585938e-05,0.08203125,0.00030517578125,0.000804901123046875,0.0004291534423828125,0.000335693359375,0.00021266937255859375,0.002044677734375,0.00299072265625,0.0001354217529296875,0.0067138671875,0.000457763671875,0.00030517578125,0.0067138671875,0.015625,0.8828125
step_111_q_0,0.00119781494140625,0.263671875,0.006378173828125,0.04443359375,0.0625,0.036865234375,0.0216064453125,0.08544921875,0.10302734375,0.0003662109375,0.060546875,0.00872802734375,0.004119873046875,0.01904296875,0.140625,0.140625
step_112_q_0,2.0742416381835938e-05,0.80078125,0.0026397705078125,0.005889892578125,0.0020599365234375,0.0006256103515625,0.000423431396484375,0.002777099609375,0.00787353515625,0.0003261566162109375,0.04443359375,0.0009307861328125,0.0031890869140625,0.06982421875,0.026123046875,0.031494140625
step_113_q_0,0.0003414154052734375,0.796875,0.002105712890625,0.00433349609375,0.0022430419921875,0.0045166015625,0.0018310546875,0.003021240234375,0.0035858154296875,0.00112152099609375,0.00439453125,0.00174713134765625,0.006683349609375,0.07177734375,0.04638671875,0.0478515625
step_114_q_0,0.00086212158203125,0.93359375,0.0003490447998046875,0.005889892578125,0.00238037109375,0.002105712890625,0.001495361328125,0.007568359375,0.004730224609375,0.00119781494140625,0.004058837890625,0.0022430419921875,0.00201416015625,0.00335693359375,0.018798828125,0.01068115234375
step_115_q_0,3.7997961044311523e-06,0.0118408203125,0.0021209716796875,0.01385498046875,0.01116943359375,0.01385498046875,0.007659912109375,0.060302734375,0.0439453125,0.00011920928955078125,0.23046875,0.12353515625,0.07470703125,0.2041015625,0.1318359375,0.0703125
step_116_q_0,0.00174713134765625,0.78515625,0.01416015625,0.0216064453125,0.0126953125,0.007232666015625,0.002685546875,0.009033203125,0.00927734375,0.0025482177734375,0.0286865234375,0.00823974609375,0.00823974609375,0.058837890625,0.009765625,0.0185546875
step_117_q_0,1.5616416931152344e-05,0.9765625,0.00016880035400390625,0.00147247314453125,0.00060272216796875,0.001007080078125,0.0015411376953125,0.0022430419921875,0.0024566650390625,8.869171142578125e-05,0.003204345703125,0.00054168701171875,0.00034332275390625,0.00156402587890625,0.003631591796875,0.004119873046875
step_118_q_0,0.005767822265625,0.41796875,0.0069580078125,0.0228271484375,0.02587890625,0.017822265625,0.0242919921875,0.06591796875,0.08740234375,0.00494384765625,0.058349609375,0.0201416015625,0.0084228515625,0.09912109375,0.03125,0.1025390625
step_119_q_0,0.000545501708984375,0.7109375,0.0036773681640625,0.007080078125,0.0022735595703125,0.0034637451171875,0.0017242431640625,0.002410888671875,0.00665283203125,0.010498046875,0.0147705078125,0.0048828125,0.023681640625,0.051513671875,0.1201171875,0.034423828125
step_120_q_0,0.0003795623779296875,0.443359375,0.0172119140625,0.038818359375,0.0189208984375,0.0257568359375,0.009521484375,0.06396484375,0.056396484375,0.0167236328125,0.10546875,0.0189208984375,0.06005859375,0.08740234375,0.01611328125,0.0213623046875
step_121_q_0,0.0020904541015625,0.78515625,0.012451171875,0.0179443359375,0.005615234375,0.00390625,0.00439453125,0.00665283203125,0.007781982421875,0.01220703125,0.0150146484375,0.007293701171875,0.01556396484375,0.0291748046875,0.054443359375,0.0185546875
step_122_q_0,6.079673767089844e-05,0.0537109375,4.744529724121094e-05,0.002838134765625,0.00092315673828125,0.0004634857177734375,0.001617431640625,0.002349853515625,0.00439453125,9.1552734375e-05,0.004150390625,0.000766754150390625,0.000560760498046875,0.006011962890625,0.0286865234375,0.89453125
step_123_q_0,0.0003261566162109375,0.10107421875,0.0001010894775390625,0.0035552978515625,0.0205078125,0.01202392578125,0.146484375,0.2421875,0.0947265625,0.00115966796875,0.05078125,0.00457763671875,0.006256103515625,0.03076171875,0.15625,0.1298828125
step_124_q_0,0.0001201629638671875,0.7890625,0.000698089599609375,0.0036468505859375,0.00081634521484375,0.0021514892578125,0.007720947265625,0.04443359375,0.00531005859375,0.00150299072265625,0.026123046875,0.01055908203125,0.0223388671875,0.04052734375,0.026123046875,0.0185546875
step_125_q_0,0.002716064453125,0.578125,0.0035552978515625,0.007293701171875,0.00299072265625,0.0054931640625,0.01806640625,0.06103515625,0.021728515625,0.00299072265625,0.01129150390625,0.01361083984375,0.027099609375,0.08349609375,0.06298828125,0.09765625
step_126_q_0,0.00177001953125,0.8359375,0.00191497802734375,0.01019287109375,0.0081787109375,0.00439453125,0.01531982421875,0.028564453125,0.01904296875,0.00274658203125,0.014404296875,0.003204345703125,0.00445556640625,0.0126953125,0.0184326171875,0.01904296875
step_127_q_0,0.000152587890625,0.080078125,0.00055694580078125,0.00872802734375,0.006195068359375,0.00579833984375,0.01483154296875,0.068359375,0.01483154296875,0.003875732421875,0.080078125,0.224609375,0.05517578125,0.1865234375,0.13671875,0.11328125
step_128_q_0,0.000698089599609375,0.431640625,0.004730224609375,0.0130615234375,0.0079345703125,0.01904296875,0.017333984375,0.060302734375,0.01116943359375,0.0029144287109375,0.013916015625,0.0849609375,0.060302734375,0.11279296875,0.068359375,0.09033203125
step_129_q_0,0.000217437744140625,0.734375,0.00128936767578125,0.021484375,0.01385498046875,0.00787353515625,0.03125,0.02587890625,0.0152587890625,0.0019378662109375,0.01385498046875,0.01263427734375,0.0101318359375,0.0228271484375,0.034423828125,0.05322265625
step_130_q_0,0.0001239776611328125,0.796875,0.004180908203125,0.01287841796875,0.00970458984375,0.005035400390625,0.00628662109375,0.01458740234375,0.01458740234375,0.004058837890625,0.0155029296875,0.01068115234375,0.00970458984375,0.0240478515625,0.01068115234375,0.0615234375
step_131_q_0,8.869171142578125e-05,0.3671875,0.00136566162109375,0.01177978515625,0.0022125244140625,0.001617431640625,0.000728607177734375,0.00124359130859375,0.00738525390625,0.0125732421875,0.02490234375,0.00116729736328125,0.01611328125,0.11181640625,0.416015625,0.02490234375
step_132_q_0,0.0002288818359375,0.6015625,0.003936767578125,0.018798828125,0.0146484375,0.0103759765625,0.006683349609375,0.018798828125,0.01507568359375,0.0103759765625,0.059814453125,0.01507568359375,0.02001953125,0.10498046875,0.0634765625,0.03515625
step_133_q_0,0.00116729736328125,0.5625,0.0067138671875,0.0289306640625,0.01129150390625,0.01043701171875,0.0198974609375,0.0172119140625,0.0172119140625,0.0235595703125,0.034423828125,0.005767822265625,0.0189208984375,0.044677734375,0.1376953125,0.059326171875
step_134_q_0,0.000335693359375,0.0849609375,0.00049591064453125,0.0021209716796875,0.00064849853515625,0.00022029876708984375,0.001708984375,0.005096435546875,0.001556396484375,0.00061798095703125,0.007415771484375,0.001068115234375,0.0019378662109375,0.01300048828125,0.021484375,0.85546875
step_135_q_0,0.00066375732421875,0.30859375,0.0027008056640625,0.0252685546875,0.01397705078125,0.00872802734375,0.0908203125,0.07568359375,0.0277099609375,0.01055908203125,0.020263671875,0.0035247802734375,0.00701904296875,0.04443359375,0.298828125,0.0625
step_136_q_0,7.772445678710938e-05,0.7734375,0.000484466552734375,0.000579833984375,0.0003986358642578125,0.002044677734375,0.00142669677734375,0.004180908203125,0.0035247802734375,0.0014495849609375,0.018798828125,0.007354736328125,0.0084228515625,0.07177734375,0.01708984375,0.08935546875
step_137_q_0,0.00040435791015625,0.23828125,0.00157928466796875,0.00177764892578125,0.0015411376953125,0.00128173828125,0.0023956298828125,0.0201416015625,0.0152587890625,0.0093994140625,0.025146484375,0.00921630859375,0.007781982421875,0.2236328125,0.3359375,0.10595703125
step_138_q_0,3.886222839355469e-05,0.5703125,0.00128936767578125,0.004486083984375,0.0034942626953125,0.0006561279296875,0.00150299072265625,0.006134033203125,0.00543212890625,0.0016021728515625,0.0027313232421875,0.00396728515625,0.00921630859375,0.038818359375,0.04541015625,0.3046875
step_139_q_0,8.392333984375e-05,0.7265625,0.0048828125,0.0673828125,0.03857421875,0.00555419921875,0.00286865234375,0.0206298828125,0.0133056640625,0.031982421875,0.006683349609375,0.01171875,0.0034637451171875,0.043701171875,0.006683349609375,0.01708984375
step_140_q_0,0.00024318695068359375,0.93359375,0.00131988525390625,0.007110595703125,0.003936767578125,0.00060272216796875,0.00023365020751953125,0.00043487548828125,0.0009918212890625,0.00140380859375,0.0120849609375,0.0045166015625,0.01104736328125,0.007354736328125,0.007568359375,0.00885009765625
step_141_q_0,2.491474151611328e-05,0.94921875,0.000652313232421875,0.000614166259765625,0.000762939453125,0.000339508056640625,0.00341796875,0.000652313232421875,0.002288818359375,0.0286865234375,0.005462646484375,0.000949859619140625,0.00069427490234375,0.004974365234375,4.2438507080078125e-05,0.000652313232421875
step_142_q_0,0.0002613067626953125,0.83984375,0.001068115234375,0.002288818359375,0.00095367431640625,9.822845458984375e-05,0.00010585784912109375,3.743171691894531e-05,0.000431060791015625,0.0038909912109375,0.01025390625,0.0062255859375,0.01165771484375,0.019775390625,0.09130859375,0.0096435546875
step_143_q_0,0.00025177001953125,0.4609375,0.00115966796875,0.00396728515625,0.0081787109375,0.0023345947265625,0.0015106201171875,0.00148773193359375,0.01080322265625,0.00286865234375,0.01116943359375,0.0024871826171875,0.0059814453125,0.1494140625,0.099609375,0.23828125
step_144_q_0,1.0132789611816406e-06,7.486343383789062e-05,0.0002231597900390625,0.001983642578125,0.91015625,0.00021266937255859375,0.000278472900390625,0.012939453125,0.0037078857421875,3.2335519790649414e-06,0.0004100799560546875,1.6093254089355469e-06,0.00180816650390625,0.0002918243408203125,0.003173828125,0.020751953125,0.045166015625
step_145_q_0,0.00010251998901367188,0.0003070831298828125,0.0014190673828125,0.0019378662109375,0.0023345947265625,0.0021209716796875,0.0016021728515625,0.0016021728515625,0.004241943359375,0.005767822265625,0.0242919921875,0.017822265625,0.0400390625,0.216796875,0.31640625,0.279296875,0.0849609375
step_146_q_0,0.0003490447998046875,0.49609375,0.049072265625,0.02978515625,0.0255126953125,0.019287109375,0.02392578125,0.0087890625,0.03369140625,0.035888671875,0.049072265625,0.035888671875,0.0673828125,0.0556640625,0.007080078125,0.02978515625,0.03271484375
step_147_q_0,0.00086212158203125,0.7109375,0.0147705078125,0.010009765625,0.005859375,0.00244140625,0.00168609619140625,0.0028533935546875,0.008544921875,0.00396728515625,0.0322265625,0.006134033203125,0.007080078125,0.126953125,0.0201416015625,0.034912109375,0.01043701171875
step_148_q_0,0.0025177001953125,0.73046875,0.0035552978515625,0.01495361328125,0.0172119140625,0.0164794921875,0.0096435546875,0.013427734375,0.01202392578125,0.003662109375,0.00909423828125,0.005767822265625,0.002716064453125,0.00836181640625,0.0242919921875,0.0050048828125,0.11962890625
step_149_q_0,0.0016326904296875,0.6875,0.005340576171875,0.03955078125,0.0111083984375,0.012451171875,0.005462646484375,0.0196533203125,0.01385498046875,0.001953125,0.0234375,0.000782012939453125,0.005035400390625,0.029052734375,0.024658203125,0.0211181640625,0.09619140625
step_150_q_0,0.0012359619140625,0.82421875,0.007110595703125,0.01708984375,0.025634765625,0.002349853515625,0.0013580322265625,0.0120849609375,0.017578125,0.002166748046875,0.008056640625,0.0003108978271484375,0.01373291015625,0.00830078125,0.0240478515625,0.0299072265625,0.006683349609375
step_151_q_0,0.00054931640625,0.06640625,0.048583984375,0.06640625,0.019287109375,0.033447265625,0.0037078857421875,0.021240234375,0.0322265625,0.025146484375,0.1640625,0.00494384765625,0.185546875,0.1201171875,0.06640625,0.064453125,0.07763671875
step_152_q_0,0.00921630859375,0.828125,0.01300048828125,0.0235595703125,0.00762939453125,0.005462646484375,0.002532958984375,0.007293701171875,0.0087890625,0.0020904541015625,0.0311279296875,0.00433349609375,0.00823974609375,0.015625,0.00634765625,0.0068359375,0.01806640625
step_153_q_0,0.0019378662109375,0.97265625,0.0001544952392578125,0.000701904296875,0.0018768310546875,0.0019378662109375,0.00238037109375,0.00286865234375,0.00543212890625,8.702278137207031e-06,0.0059814453125,0.00020313262939453125,5.8650970458984375e-05,0.00018215179443359375,0.0004024505615234375,0.000736236572265625,0.0019378662109375
step_154_q_0,0.003875732421875,0.73828125,0.0126953125,0.053466796875,0.01123046875,0.006011962890625,0.001953125,0.016357421875,0.00872802734375,0.001953125,0.011962890625,0.003875732421875,0.0079345703125,0.0252685546875,0.01123046875,0.006011962890625,0.078125
step_155_q_0,0.0002193450927734375,0.423828125,0.0128173828125,0.013427734375,0.00830078125,0.00543212890625,0.0006103515625,0.00066375732421875,0.01165771484375,0.0289306640625,0.06103515625,0.03955078125,0.027099609375,0.0810546875,0.047607421875,0.20703125,0.03076171875
step_156_q_0,0.001434326171875,0.7421875,0.0062255859375,0.01446533203125,0.0096435546875,0.008544921875,0.003662109375,0.01361083984375,0.03173828125,0.0025177001953125,0.05224609375,0.0021514892578125,0.01092529296875,0.0380859375,0.025390625,0.019775390625,0.016357421875
step_157_q_0,0.00133514404296875,0.69921875,0.02392578125,0.040771484375,0.0228271484375,0.0145263671875,0.0037841796875,0.003753662109375,0.01092529296875,0.004852294921875,0.0169677734375,0.00347900390625,0.0033111572265625,0.0164794921875,0.0712890625,0.06005859375,0.0026702880859375
step_158_q_0,0.000217437744140625,0.046142578125,0.0003261566162109375,0.00179290771484375,0.00135040283203125,0.00112152099609375,0.000545501708984375,0.0026092529296875,0.00115203857421875,4.38690185546875e-05,0.004150390625,0.010986328125,0.0019073486328125,0.0033416748046875,0.004150390625,0.049072265625,0.87109375
step_159_q_0,0.006134033203125,0.294921875,0.004913330078125,0.033203125,0.06005859375,0.018310546875,0.0341796875,0.2158203125,0.173828125,0.00170135498046875,0.0927734375,0.006744384765625,0.0029449462890625,0.01300048828125,0.00762939453125,0.0177001953125,0.01519775390625
step_160_q_0,5.173683166503906e-05,0.53125,0.003265380859375,0.01263427734375,0.0034027099609375,0.0020751953125,0.000835418701171875,0.03955078125,0.0289306640625,0.000621795654296875,0.15234375,0.003753662109375,0.00726318359375,0.07177734375,0.037841796875,0.056640625,0.04931640625
step_161_q_0,0.00154876708984375,0.8671875,0.00360107421875,0.00726318359375,0.0052490234375,0.0032806396484375,0.004150390625,0.0096435546875,0.00299072265625,0.001800537109375,0.002288818359375,0.0023193359375,0.025390625,0.0296630859375,0.0096435546875,0.01202392578125,0.01129150390625
step_162_q_0,0.00579833984375,0.9453125,9.870529174804688e-05,0.00250244140625,0.00109100341796875,0.00171661376953125,0.0035247802734375,0.0098876953125,0.004974365234375,0.00055694580078125,0.0033111572265625,0.0028228759765625,0.003204345703125,0.002349853515625,0.003204345703125,0.004669189453125,0.004241943359375
step_163_q_0,2.0712614059448242e-06,0.0042724609375,0.006591796875,0.003875732421875,0.0013427734375,0.0036468505859375,0.000186920166015625,0.0035247802734375,0.00213623046875,0.0004634857177734375,0.047119140625,0.1279296875,0.2255859375,0.2255859375,0.0223388671875,0.017333984375,0.30859375
step_164_q_0,0.0004787445068359375,0.66796875,0.0262451171875,0.0250244140625,0.0235595703125,0.0125732421875,0.0029449462890625,0.01385498046875,0.01025390625,0.0014495849609375,0.06787109375,0.029296875,0.01953125,0.0439453125,0.0106201171875,0.01129150390625,0.03466796875
step_165_q_0,0.00014781951904296875,0.94921875,0.00020503997802734375,0.001617431640625,0.00092315673828125,0.000774383544921875,0.00122833251953125,0.00482177734375,0.0022430419921875,8.630752563476562e-05,0.0022430419921875,0.003936767578125,0.00084686279296875,0.0022125244140625,0.005218505859375,0.007476806640625,0.016845703125
step_166_q_0,0.009765625,0.51953125,0.005401611328125,0.01141357421875,0.00836181640625,0.0034942626953125,0.005584716796875,0.041259765625,0.01220703125,0.0038299560546875,0.01141357421875,0.07470703125,0.03515625,0.041259765625,0.01220703125,0.048095703125,0.158203125
step_167_q_0,0.000705718994140625,0.8671875,0.003082275390625,0.0050048828125,0.0034637451171875,0.002960205078125,0.002532958984375,0.00469970703125,0.00531005859375,0.0062255859375,0.00738525390625,0.0038909912109375,0.0086669921875,0.0169677734375,0.0230712890625,0.0262451171875,0.01239013671875
step_168_q_0,0.0004425048828125,0.6953125,0.0012969970703125,0.006591796875,0.0079345703125,0.0098876953125,0.011962890625,0.078125,0.0230712890625,0.004547119140625,0.0252685546875,0.026123046875,0.01397705078125,0.0223388671875,0.0123291015625,0.0238037109375,0.0380859375
step_169_q_0,0.0023651123046875,0.703125,0.009521484375,0.021240234375,0.0118408203125,0.00872802734375,0.029052734375,0.02490234375,0.02685546875,0.00750732421875,0.03515625,0.00396728515625,0.006195068359375,0.0206298828125,0.05859375,0.0244140625,0.00494384765625
step_170_q_0,0.00019359588623046875,0.09423828125,4.38690185546875e-05,0.0011444091796875,0.000812530517578125,0.0005950927734375,0.000614166259765625,0.00250244140625,0.00177764892578125,2.7418136596679688e-05,0.0031280517578125,0.0269775390625,0.006011962890625,0.00531005859375,0.00823974609375,0.060791015625,0.7890625
step_171_q_0,0.002044677734375,0.294921875,0.000209808349609375,0.0107421875,0.018310546875,0.015625,0.10205078125,0.294921875,0.061767578125,0.00164794921875,0.0301513671875,0.015625,0.00836181640625,0.02001953125,0.036376953125,0.054443359375,0.032958984375
step_172_q_0,0.000171661376953125,0.6796875,0.00122833251953125,0.004302978515625,0.0018463134765625,0.0037841796875,0.01129150390625,0.049072265625,0.007781982421875,0.0023651123046875,0.03271484375,0.038330078125,0.0224609375,0.05078125,0.019287109375,0.0262451171875,0.05078125
step_173_q_0,0.002777099609375,0.6484375,0.00238037109375,0.005523681640625,0.002777099609375,0.002532958984375,0.0030975341796875,0.03662109375,0.005615234375,0.0021209716796875,0.005767822265625,0.017822265625,0.03125,0.044189453125,0.025146484375,0.07958984375,0.0849609375
step_174_q_0,0.002288818359375,0.8515625,0.00136566162109375,0.0089111328125,0.00445556640625,0.00714111328125,0.0067138671875,0.0291748046875,0.005401611328125,0.00092315673828125,0.0028839111328125,0.022705078125,0.0107421875,0.00433349609375,0.0027923583984375,0.00506591796875,0.033935546875
step_175_q_0,0.0003986358642578125,0.234375,0.0030364990234375,0.0211181640625,0.00457763671875,0.00567626953125,0.003662109375,0.01165771484375,0.005859375,0.00775146484375,0.0211181640625,0.1416015625,0.0810546875,0.1943359375,0.0947265625,0.0556640625,0.1142578125
step_176_q_0,0.00119781494140625,0.703125,0.010009765625,0.0093994140625,0.00286865234375,0.005035400390625,0.003143310546875,0.005889892578125,0.00179290771484375,0.003143310546875,0.004180908203125,0.0693359375,0.0240478515625,0.033935546875,0.021240234375,0.0247802734375,0.07861328125
step_177_q_0,0.00014209747314453125,0.94140625,0.0002918243408203125,0.005615234375,0.0027313232421875,0.0016021728515625,0.00408935546875,0.005615234375,0.0030975341796875,0.0003261566162109375,0.0027313232421875,0.0072021484375,0.002197265625,0.0034027099609375,0.0023345947265625,0.0069580078125,0.00982666015625
step_178_q_0,0.0001544952392578125,0.859375,0.0027313232421875,0.0084228515625,0.004241943359375,0.0024871826171875,0.0019989013671875,0.01080322265625,0.00408935546875,0.0018768310546875,0.005615234375,0.02587890625,0.00897216796875,0.0079345703125,0.0019378662109375,0.01385498046875,0.040283203125
step_179_q_0,0.00014209747314453125,0.66015625,0.0006103515625,0.012451171875,0.00286865234375,0.00139617919921875,0.0003070831298828125,0.000156402587890625,0.000782012939453125,0.0038604736328125,0.0064697265625,0.0004024505615234375,0.002197265625,0.0247802734375,0.11083984375,0.146484375,0.0272216796875
step_180_q_0,0.000396728515625,0.6328125,0.002593994140625,0.01123046875,0.007049560546875,0.0054931640625,0.005157470703125,0.01275634765625,0.00872802734375,0.00823974609375,0.0245361328125,0.005157470703125,0.007476806640625,0.06884765625,0.078125,0.09130859375,0.0296630859375
step_181_q_0,0.00177764892578125,0.52734375,0.005401611328125,0.03466796875,0.01239013671875,0.015625,0.04736328125,0.03369140625,0.016845703125,0.00762939453125,0.022705078125,0.0024566650390625,0.005584716796875,0.0380859375,0.13671875,0.06884765625,0.0238037109375
step_182_q_0,9.918212890625e-05,0.07373046875,0.00016117095947265625,0.00049591064453125,0.00037384033203125,0.00016117095947265625,0.000579833984375,0.0026702880859375,0.000385284423828125,8.344650268554688e-05,0.0030364990234375,0.00122833251953125,0.00104522705078125,0.0011138916015625,0.000896453857421875,0.0185546875,0.89453125
step_183_q_0,0.000888824462890625,0.3203125,0.002410888671875,0.0169677734375,0.010009765625,0.006072998046875,0.04931640625,0.052490234375,0.0225830078125,0.007080078125,0.0218505859375,0.0028228759765625,0.006866455078125,0.083984375,0.15625,0.220703125,0.0186767578125
step_184_q_0,0.000377655029296875,0.75390625,0.002044677734375,0.001953125,0.002044677734375,0.003021240234375,0.003173828125,0.00439453125,0.01104736328125,0.0028839111328125,0.0091552734375,0.00640869140625,0.00799560546875,0.06591796875,0.03515625,0.072265625,0.02001953125
step_185_q_0,0.0003108978271484375,0.455078125,0.003173828125,0.001861572265625,0.0016021728515625,0.00151824951171875,0.00070953369140625,0.0033721923828125,0.003326416015625,0.00439453125,0.005401611328125,0.00311279296875,0.005462646484375,0.054443359375,0.11181640625,0.275390625,0.06787109375
step_186_q_0,0.0001277923583984375,0.41796875,0.000553131103515625,0.00145721435546875,0.0021209716796875,0.00130462646484375,0.00157928466796875,0.00360107421875,0.0013885498046875,0.000957489013671875,0.0011138916015625,0.0024871826171875,0.002716064453125,0.006134033203125,0.01043701171875,0.0439453125,0.50390625
step_187_q_0,0.00010919570922851562,0.8984375,0.0029449462890625,0.00994873046875,0.00469970703125,0.00162506103515625,0.00933837890625,0.01129150390625,0.004547119140625,0.01129150390625,0.004150390625,0.00665283203125,0.00244140625,0.0174560546875,0.002227783203125,0.00775146484375,0.006439208984375
step_188_q_0,0.0002899169921875,0.93359375,0.002838134765625,0.00701904296875,0.0025787353515625,0.00028228759765625,0.00164031982421875,0.000911712646484375,0.000858306884765625,0.0014801025390625,0.00885009765625,0.005218505859375,0.01068115234375,0.00885009765625,0.006591796875,0.00579833984375,0.0034637451171875
step_189_q_0,1.9788742065429688e-05,0.984375,0.0003986358642578125,0.00024127960205078125,0.00020599365234375,0.0001373291015625,0.009033203125,0.00052642822265625,0.00048065185546875,0.0015716552734375,0.00201416015625,0.0004367828369140625,0.0002651214599609375,0.00104522705078125,1.9788742065429688e-05,0.00012111663818359375,0.0002918243408203125
step_190_q_0,0.0002422332763671875,0.95703125,0.000530242919921875,0.00016689300537109375,0.0003986358642578125,5.364418029785156e-05,0.00019168853759765625,9.489059448242188e-05,0.0004596710205078125,0.000820159912109375,0.007293701171875,0.005523681640625,0.004302978515625,0.0128173828125,0.00604248046875,0.00244140625,0.0020294189453125
step_191_q_0,8.0108642578125e-05,0.578125,0.0003833770751953125,0.0018157958984375,0.0023651123046875,0.001190185546875,0.00052642822265625,0.000461578369140625,0.0013885498046875,0.00183868408203125,0.005157470703125,0.00193023681640625,0.002685546875,0.039306640625,0.044677734375,0.09130859375,0.2265625
step_192_q_0,0.00074005126953125,0.007354736328125,0.054443359375,0.049560546875,0.059814453125,0.0181884765625,0.0098876953125,0.1083984375,0.049560546875,7.009506225585938e-05,0.043701171875,0.00048065185546875,0.02490234375,0.033447265625,0.061767578125,0.095703125,0.130859375,0.251953125
step_193_q_0,2.205371856689453e-05,5.435943603515625e-05,0.00038909912109375,0.001922607421875,0.004913330078125,0.0027923583984375,0.00159454345703125,0.000514984130859375,0.0031585693359375,0.004913330078125,0.0281982421875,0.01708984375,0.01104736328125,0.059814453125,0.1728515625,0.5,0.15234375,0.03857421875
step_194_q_0,0.00022983551025390625,0.38671875,0.053955078125,0.03955078125,0.03955078125,0.019287109375,0.0211181640625,0.006866455078125,0.03173828125,0.03076171875,0.044677734375,0.04345703125,0.10107421875,0.061279296875,0.007781982421875,0.05224609375,0.03076171875,0.0289306640625
step_195_q_0,0.000926971435546875,0.31640625,0.0164794921875,0.0184326171875,0.00970458984375,0.004608154296875,0.0031585693359375,0.0048828125,0.029541015625,0.00830078125,0.05859375,0.0157470703125,0.01373291015625,0.337890625,0.04150390625,0.087890625,0.0225830078125,0.0091552734375
step_196_q_0,0.00075531005859375,0.77734375,0.00506591796875,0.00738525390625,0.01104736328125,0.006317138671875,0.00860595703125,0.0181884765625,0.014404296875,0.0014495849609375,0.006500244140625,0.0027923583984375,0.00250244140625,0.012939453125,0.02197265625,0.00799560546875,0.05126953125,0.045166015625
step_197_q_0,0.000972747802734375,0.462890625,0.0101318359375,0.095703125,0.0257568359375,0.0245361328125,0.01385498046875,0.054443359375,0.0223388671875,0.003936767578125,0.0291748046875,0.0006866455078125,0.005889892578125,0.0269775390625,0.037353515625,0.036376953125,0.07080078125,0.078125
step_198_q_0,0.0002040863037109375,0.8359375,0.00147247314453125,0.005462646484375,0.005462646484375,0.0012054443359375,0.000751495361328125,0.0017242431640625,0.005126953125,0.001495361328125,0.0033111572265625,0.0003604888916015625,0.005645751953125,0.004974365234375,0.053466796875,0.053466796875,0.00872802734375,0.00927734375
step_199_q_0,0.0011138916015625,0.09228515625,0.017333984375,0.04345703125,0.022216796875,0.040283203125,0.00732421875,0.042236328125,0.03173828125,0.012451171875,0.09814453125,0.00732421875,0.201171875,0.0634765625,0.1044921875,0.0693359375,0.09521484375,0.05078125
step_200_q_0,0.0040283203125,0.9140625,0.009521484375,0.00799560546875,0.0050048828125,0.0019073486328125,0.00139617919921875,0.0028533935546875,0.0036773681640625,0.000701904296875,0.01385498046875,0.0030517578125,0.0037841796875,0.0069580078125,0.0025634765625,0.004486083984375,0.0142822265625,0.00103759765625
step_201_q_0,7.963180541992188e-05,0.99609375,9.298324584960938e-05,8.392333984375e-05,0.0001010894775390625,0.00015544891357421875,0.0002689361572265625,0.00024127960205078125,0.0003910064697265625,1.1205673217773438e-05,0.0001659393310546875,8.916854858398438e-05,4.1484832763671875e-05,3.7670135498046875e-05,8.869171142578125e-05,0.00022983551025390625,0.00028228759765625,0.00011920928955078125
step_202_q_0,8.96453857421875e-05,0.90234375,0.00238037109375,0.0048828125,0.00112152099609375,0.0004825592041015625,0.00153350830078125,0.00689697265625,0.001312255859375,0.00022792816162109375,0.001312255859375,0.000453948974609375,0.00238037109375,0.0048828125,0.00077056884765625,0.000701904296875,0.007568359375,0.061279296875
step_203_q_0,2.0116567611694336e-06,0.875,0.00012493133544921875,0.000701904296875,0.0005950927734375,0.00018596649169921875,3.528594970703125e-05,6.586313247680664e-06,6.628036499023438e-05,0.0019378662109375,0.00110626220703125,0.005523681640625,0.0027313232421875,0.00445556640625,0.007781982421875,0.076171875,0.019287109375,0.005706787109375
step_204_q_0,0.0004329681396484375,0.78125,0.001312255859375,0.004241943359375,0.004241943359375,0.005279541015625,0.005096435546875,0.0086669921875,0.01153564453125,0.00182342529296875,0.010498046875,0.00128936767578125,0.0130615234375,0.01434326171875,0.05322265625,0.042724609375,0.0201416015625,0.0201416015625
step_205_q_0,0.00054931640625,0.69140625,0.005218505859375,0.0303955078125,0.0133056640625,0.0078125,0.002532958984375,0.0018463134765625,0.003814697265625,0.003662109375,0.00628662109375,0.0033111572265625,0.004180908203125,0.01708984375,0.12060546875,0.07763671875,0.005889892578125,0.002960205078125
step_206_q_0,0.0001583099365234375,0.13671875,0.000354766845703125,0.0013885498046875,0.000881195068359375,0.00118255615234375,0.003021240234375,0.001861572265625,0.000698089599609375,3.719329833984375e-05,0.001495361328125,0.002838134765625,0.000675201416015625,0.00250244140625,0.009033203125,0.015380859375,0.033447265625,0.7890625
step_207_q_0,0.0023345947265625,0.41796875,0.004241943359375,0.017822265625,0.0260009765625,0.0157470703125,0.051513671875,0.2109375,0.1201171875,0.0025634765625,0.062255859375,0.00897216796875,0.000820159912109375,0.0072021484375,0.022216796875,0.017822265625,0.006561279296875,0.004638671875
step_208_q_0,0.0001087188720703125,0.443359375,0.0035400390625,0.01470947265625,0.002471923828125,0.00225830078125,0.0012664794921875,0.0142822265625,0.01446533203125,0.000713348388671875,0.05908203125,0.003326416015625,0.006591796875,0.130859375,0.1904296875,0.05908203125,0.0311279296875,0.021728515625
step_209_q_0,0.0002765655517578125,0.71875,0.00225830078125,0.0038909912109375,0.0012359619140625,0.0028076171875,0.00113677978515625,0.00323486328125,0.000946044921875,0.00077056884765625,0.001678466796875,0.003387451171875,0.007171630859375,0.044677734375,0.0279541015625,0.02880859375,0.11376953125,0.035888671875
step_210_q_0,0.00124359130859375,0.93359375,5.53131103515625e-05,0.0014495849609375,0.00063323974609375,0.000934600830078125,0.007354736328125,0.0177001953125,0.008056640625,0.00054168701171875,0.00347900390625,0.001495361328125,0.000751495361328125,0.00174713134765625,0.008056640625,0.007598876953125,0.002105712890625,0.0021820068359375
step_211_q_0,7.7858567237854e-07,0.0012054443359375,0.00024127960205078125,0.000553131103515625,0.0002899169921875,0.0006866455078125,0.0032806396484375,0.039794921875,0.01422119140625,1.4781951904296875e-05,0.048095703125,0.158203125,0.1083984375,0.095703125,0.06591796875,0.039794921875,0.333984375,0.08984375
step_212_q_0,0.00091552734375,0.80078125,0.02197265625,0.0050048828125,0.005645751953125,0.00165557861328125,0.0004520416259765625,0.0032958984375,0.000614166259765625,0.0014495849609375,0.0032501220703125,0.03857421875,0.014892578125,0.01336669921875,0.0021514892578125,0.01092529296875,0.072265625,0.00286865234375
step_213_q_0,5.364418029785156e-05,0.953125,8.344650268554688e-05,0.0007781982421875,0.000453948974609375,0.00058746337890625,0.00183868408203125,0.00323486328125,0.0030364990234375,0.0001239776611328125,0.00164794921875,0.000354766845703125,0.0002803802490234375,0.001190185546875,0.01202392578125,0.00799560546875,0.0021820068359375,0.01092529296875
step_214_q_0,0.0017242431640625,0.421875,0.0026702880859375,0.0062255859375,0.003326416015625,0.0025177001953125,0.0185546875,0.050537109375,0.01129150390625,0.0017242431640625,0.0068359375,0.01092529296875,0.01129150390625,0.02783203125,0.0223388671875,0.048828125,0.09423828125,0.255859375
step_215_q_0,0.00014400482177734375,0.73046875,0.000499725341796875,0.0028076171875,0.002716064453125,0.0021820068359375,0.00075531005859375,0.00145721435546875,0.0030364990234375,0.00299072265625,0.00653076171875,0.0047607421875,0.0032196044921875,0.022705078125,0.07958984375,0.0986328125,0.0220947265625,0.015625
step_216_q_0,0.000179290771484375,0.70703125,0.00128173828125,0.0057373046875,0.006500244140625,0.007598876953125,0.0091552734375,0.05810546875,0.024169921875,0.002471923828125,0.032958984375,0.0125732421875,0.0103759765625,0.018798828125,0.032958984375,0.02197265625,0.024169921875,0.024169921875
step_217_q_0,0.00101470947265625,0.828125,0.00433349609375,0.0155029296875,0.00726318359375,0.005096435546875,0.006866455078125,0.0050048828125,0.0172119140625,0.005126953125,0.02099609375,0.0031280517578125,0.004913330078125,0.0115966796875,0.041259765625,0.01141357421875,0.006378173828125,0.006011962890625
step_218_q_0,0.00026702880859375,0.189453125,5.030632019042969e-05,0.000568389892578125,0.00066375732421875,0.000621795654296875,0.004730224609375,0.0027923583984375,0.001129150390625,2.0265579223632812e-05,0.0009918212890625,0.002166748046875,0.001800537109375,0.00347900390625,0.00347900390625,0.01068115234375,0.02734375,0.75
step_219_q_0,0.0031890869140625,0.296875,0.0002880096435546875,0.01226806640625,0.02587890625,0.0157470703125,0.06640625,0.1796875,0.080078125,0.00165557861328125,0.044189453125,0.01116943359375,0.0130615234375,0.04150390625,0.03662109375,0.0751953125,0.022216796875,0.0751953125
step_220_q_0,0.0001621246337890625,0.5078125,0.00074005126953125,0.0033111572265625,0.00118255615234375,0.0033111572265625,0.0252685546875,0.10009765625,0.00958251953125,0.0020751953125,0.0830078125,0.030517578125,0.02294921875,0.0830078125,0.0223388671875,0.041748046875,0.033447265625,0.030517578125
step_221_q_0,0.00140380859375,0.56640625,0.00213623046875,0.00439453125,0.001800537109375,0.002044677734375,0.004302978515625,0.0264892578125,0.005615234375,0.002105712890625,0.0059814453125,0.01373291015625,0.0198974609375,0.043701171875,0.0247802734375,0.0791015625,0.11865234375,0.0791015625
step_222_q_0,0.001312255859375,0.79296875,0.0008087158203125,0.00909423828125,0.0037994384765625,0.0029144287109375,0.0145263671875,0.061279296875,0.00732421875,0.000591278076171875,0.006866455078125,0.0106201171875,0.0093994140625,0.007781982421875,0.006866455078125,0.012451171875,0.03271484375,0.0169677734375
step_223_q_0,0.0002613067626953125,0.055419921875,0.00170135498046875,0.00823974609375,0.0021514892578125,0.0034332275390625,0.00250244140625,0.0179443359375,0.0038909912109375,0.005645751953125,0.0223388671875,0.30859375,0.1552734375,0.11376953125,0.039306640625,0.048828125,0.17578125,0.03466796875
step_224_q_0,0.0004100799560546875,0.69140625,0.013427734375,0.0084228515625,0.0032501220703125,0.00543212890625,0.00112152099609375,0.0030517578125,0.001068115234375,0.0027313232421875,0.001190185546875,0.1162109375,0.046875,0.0162353515625,0.0152587890625,0.0101318359375,0.051513671875,0.01385498046875
step_225_q_0,0.00014019012451171875,0.92578125,0.000637054443359375,0.006439208984375,0.002288818359375,0.0008697509765625,0.001678466796875,0.0033416748046875,0.003662109375,0.0006561279296875,0.005859375,0.007080078125,0.004852294921875,0.00665283203125,0.00457763671875,0.00909423828125,0.00909423828125,0.007080078125
step_226_q_0,5.078315734863281e-05,0.8984375,0.00135040283203125,0.00799560546875,0.00469970703125,0.0030364990234375,0.00390625,0.007080078125,0.003143310546875,0.00122833251953125,0.003448486328125,0.00909423828125,0.004852294921875,0.0062255859375,0.0042724609375,0.01318359375,0.01361083984375,0.01544189453125
step_227_q_0,1.0609626770019531e-05,0.5,0.0001068115234375,0.0029754638671875,0.00115203857421875,0.00136566162109375,0.00020122528076171875,7.104873657226562e-05,0.000698089599609375,0.0013427734375,0.00714111328125,0.00023746490478515625,0.001953125,0.036376953125,0.0927734375,0.267578125,0.07958984375,0.00433349609375
step_228_q_0,0.0002040863037109375,0.7578125,0.0009002685546875,0.00396728515625,0.0027313232421875,0.0023345947265625,0.0036163330078125,0.007415771484375,0.0036163330078125,0.0025634765625,0.0118408203125,0.00396728515625,0.0034027099609375,0.038818359375,0.041259765625,0.04833984375,0.0167236328125,0.051513671875
step_229_q_0,0.000865936279296875,0.51953125,0.0040283203125,0.0235595703125,0.0089111328125,0.01611328125,0.058349609375,0.04541015625,0.015625,0.009521484375,0.0167236328125,0.0023345947265625,0.00494384765625,0.0439453125,0.07470703125,0.0771484375,0.0169677734375,0.06201171875
step_230_q_0,0.0003376007080078125,0.0908203125,0.00024318695068359375,0.000377655029296875,0.00022125244140625,0.00015926361083984375,0.000728607177734375,0.00156402587890625,0.00025177001953125,7.915496826171875e-05,0.00177001953125,0.00107574462890625,0.00213623046875,0.003997802734375,0.001220703125,0.0038604736328125,0.029541015625,0.86328125
step_231_q_0,0.000812530517578125,0.7265625,0.001495361328125,0.007354736328125,0.00433349609375,0.0030670166015625,0.0234375,0.030029296875,0.007354736328125,0.004058837890625,0.009765625,0.00506591796875,0.007354736328125,0.0234375,0.03857421875,0.045166015625,0.0146484375,0.046630859375
step_232_q_0,0.000286102294921875,0.81640625,0.00225830078125,0.0036163330078125,0.00121307373046875,0.0018768310546875,0.0026092529296875,0.005859375,0.0052490234375,0.0023651123046875,0.01129150390625,0.007080078125,0.01031494140625,0.03173828125,0.007781982421875,0.0289306640625,0.0164794921875,0.04345703125
step_233_q_0,0.00020122528076171875,0.466796875,0.001373291015625,0.000881195068359375,0.000888824462890625,0.0023040771484375,0.000614166259765625,0.0030364990234375,0.0023040771484375,0.00193023681640625,0.004638671875,0.00543212890625,0.0036163330078125,0.0167236328125,0.0262451171875,0.1005859375,0.2412109375,0.12158203125
step_234_q_0,7.534027099609375e-05,0.236328125,0.0003452301025390625,0.000614166259765625,0.00104522705078125,0.000644683837890625,0.00170135498046875,0.003173828125,0.0007171630859375,0.000362396240234375,0.0004367828369140625,0.00147247314453125,0.00180816650390625,0.00433349609375,0.003173828125,0.022705078125,0.15234375,0.56640625
step_235_q_0,0.0001010894775390625,0.95703125,0.0003757476806640625,0.004302978515625,0.0016326904296875,0.00049591064453125,0.000659942626953125,0.0037841796875,0.00144195556640625,0.00122833251953125,0.0012664794921875,0.0023040771484375,0.000873565673828125,0.005523681640625,0.0028533935546875,0.004150390625,0.0028533935546875,0.0093994140625
step_236_q_0,0.0002727508544921875,0.92578125,0.0020294189453125,0.005096435546875,0.0020904541015625,0.000568389892578125,0.000568389892578125,0.00087738037109375,0.00099945068359375,0.0010528564453125,0.0101318359375,0.006866455078125,0.01031494140625,0.01080322265625,0.00665283203125,0.00775146484375,0.0037841796875,0.004364013671875
step_237_q_0,4.0531158447265625e-05,0.96484375,0.000244140625,0.000568389892578125,0.00124359130859375,0.0003337860107421875,0.00421142578125,0.0012054443359375,0.00154876708984375,0.00506591796875,0.0037078857421875,0.0047607421875,0.0022430419921875,0.006103515625,6.580352783203125e-05,0.000728607177734375,0.00099945068359375,0.00106048583984375
step_238_q_0,0.00084686279296875,0.95703125,0.0006103515625,0.00061798095703125,0.000518798828125,0.00012683868408203125,0.0003108978271484375,0.00014019012451171875,0.0010528564453125,0.0014801025390625,0.01544189453125,0.00518798828125,0.0036773681640625,0.003448486328125,0.006256103515625,0.00079345703125,0.0010833740234375,0.002227783203125
step_239_q_0,0.000186920166015625,0.63671875,0.000270843505859375,0.0016021728515625,0.0026092529296875,0.0020294189453125,0.001434326171875,0.000957489013671875,0.001373291015625,0.0010528564453125,0.004150390625,0.0019989013671875,0.002227783203125,0.037109375,0.043212890625,0.06103515625,0.0947265625,0.107421875
step_240_q_0,1.214444637298584e-06,4.220008850097656e-05,0.000118255615234375,0.000640869140625,0.9609375,0.00021457672119140625,0.0001621246337890625,0.004058837890625,0.0016326904296875,8.493661880493164e-07,0.0002498626708984375,1.952052116394043e-06,0.000453948974609375,0.00031280517578125,0.000530242919921875,0.0155029296875,0.0164794921875,9.953975677490234e-06,8.821487426757812e-05
step_241_q_0,0.000835418701171875,0.000736236572265625,0.0012969970703125,0.00250244140625,0.0079345703125,0.0084228515625,0.01019287109375,0.00194549560546875,0.00897216796875,0.0084228515625,0.02294921875,0.037841796875,0.0216064453125,0.080078125,0.0966796875,0.279296875,0.2314453125,0.1591796875,0.01904296875
step_242_q_0,0.0003337860107421875,0.2373046875,0.0498046875,0.06591796875,0.0400390625,0.0341796875,0.038818359375,0.01611328125,0.0498046875,0.0250244140625,0.0498046875,0.05810546875,0.10205078125,0.048095703125,0.0250244140625,0.06005859375,0.04248046875,0.0400390625,0.0172119140625
step_243_q_0,0.000888824462890625,0.212890625,0.015869140625,0.0194091796875,0.011962890625,0.005279541015625,0.0037384033203125,0.004608154296875,0.0245361328125,0.00726318359375,0.043212890625,0.01611328125,0.01336669921875,0.33984375,0.06884765625,0.125,0.04052734375,0.0220947265625,0.025390625
step_244_q_0,0.000774383544921875,0.78515625,0.0033721923828125,0.01214599609375,0.00640869140625,0.003753662109375,0.00555419921875,0.0146484375,0.00872802734375,0.0032196044921875,0.0047607421875,0.0029296875,0.0014801025390625,0.00701904296875,0.04443359375,0.00311279296875,0.04443359375,0.009765625,0.036865234375
step_245_q_0,0.000850677490234375,0.39453125,0.006103515625,0.052490234375,0.01904296875,0.033935546875,0.02685546875,0.054931640625,0.02294921875,0.002685546875,0.0196533203125,0.00131988525390625,0.009765625,0.0137939453125,0.034912109375,0.0208740234375,0.07666015625,0.10107421875,0.10791015625
step_246_q_0,0.0002918243408203125,0.88671875,0.0011749267578125,0.004486083984375,0.0024871826171875,0.0012664794921875,0.000926971435546875,0.0025634765625,0.0023345947265625,0.00083160400390625,0.00122833251953125,0.0011749267578125,0.00244140625,0.00110626220703125,0.03125,0.0111083984375,0.0069580078125,0.00921630859375,0.034423828125
step_247_q_0,0.0035400390625,0.267578125,0.0086669921875,0.015869140625,0.01141357421875,0.041748046875,0.036376953125,0.119140625,0.05712890625,0.00830078125,0.06689453125,0.01318359375,0.03564453125,0.0203857421875,0.06787109375,0.041259765625,0.054443359375,0.055419921875,0.07470703125
step_248_q_0,0.0067138671875,0.671875,0.014892578125,0.019775390625,0.006927490234375,0.004119873046875,0.003265380859375,0.00836181640625,0.016357421875,0.002349853515625,0.058837890625,0.00439453125,0.00811767578125,0.0252685546875,0.0203857421875,0.03564453125,0.07568359375,0.00811767578125,0.00714111328125
step_249_q_0,4.863739013671875e-05,0.99609375,8.344650268554688e-05,8.344650268554688e-05,0.00011730194091796875,0.00022983551025390625,0.00018215179443359375,0.00018787384033203125,0.0004367828369140625,2.014636993408203e-05,0.000614166259765625,0.00020599365234375,5.632638931274414e-06,5.817413330078125e-05,4.291534423828125e-05,9.298324584960938e-05,0.0001506805419921875,4.0531158447265625e-05,0.00066375732421875
step_250_q_0,0.0003814697265625,0.8984375,0.0024566650390625,0.00830078125,0.0009918212890625,0.001312255859375,0.0019683837890625,0.0048828125,0.0009918212890625,0.00084686279296875,0.0009918212890625,0.0024566650390625,0.005340576171875,0.004730224609375,0.007080078125,0.00148773193359375,0.01031494140625,0.0150146484375,0.03076171875
step_251_q_0,4.1961669921875e-05,0.8828125,0.00022125244140625,0.00052642822265625,0.000782012939453125,0.0004520416259765625,0.000118255615234375,9.775161743164062e-05,0.0003986358642578125,0.00035858154296875,0.0021209716796875,0.00567626953125,0.005340576171875,0.0084228515625,0.005096435546875,0.0220947265625,0.02587890625,0.0157470703125,0.0220947265625
step_252_q_0,0.00170135498046875,0.67578125,0.0030364990234375,0.00567626953125,0.006622314453125,0.00775146484375,0.006439208984375,0.01025390625,0.023193359375,0.004425048828125,0.023193359375,0.0035552978515625,0.01361083984375,0.023193359375,0.057373046875,0.053955078125,0.0262451171875,0.023193359375,0.02978515625
step_253_q_0,0.000762939453125,0.76953125,0.0030975341796875,0.017578125,0.00921630859375,0.004638671875,0.000560760498046875,0.00107574462890625,0.0033416748046875,0.001739501953125,0.0059814453125,0.0038604736328125,0.007537841796875,0.01953125,0.04931640625,0.07177734375,0.013671875,0.008544921875,0.0084228515625
step_254_q_0,5.245208740234375e-05,0.1748046875,0.0004329681396484375,0.00128936767578125,0.000713348388671875,0.000782012939453125,0.0020599365234375,0.00084686279296875,0.0003108978271484375,2.7179718017578125e-05,0.0008087158203125,0.0020294189453125,0.0003108978271484375,0.001556396484375,0.002532958984375,0.0014190673828125,0.004364013671875,0.023681640625,0.78125
step_255_q_0,0.000774383544921875,0.7265625,0.00213623046875,0.0093994140625,0.0120849609375,0.0078125,0.019287109375,0.09814453125,0.034912109375,0.0015411376953125,0.0233154296875,0.0093994140625,0.0004367828369140625,0.0027008056640625,0.0103759765625,0.006683349609375,0.01373291015625,0.01287841796875,0.008056640625
step_256_q_0,0.0001678466796875,0.494140625,0.00119781494140625,0.006622314453125,0.001708984375,0.0023345947265625,0.0016632080078125,0.015625,0.01031494140625,0.000423431396484375,0.033447265625,0.0057373046875,0.0025634765625,0.1015625,0.1171875,0.048828125,0.0791015625,0.05029296875,0.02734375
step_257_q_0,0.0002384185791015625,0.6640625,0.00067138671875,0.002899169921875,0.0023651123046875,0.0047607421875,0.002593994140625,0.0069580078125,0.00112152099609375,0.0004596710205078125,0.00152587890625,0.004425048828125,0.0030364990234375,0.01544189453125,0.0213623046875,0.029296875,0.095703125,0.1123046875,0.029296875
step_258_q_0,0.00090789794921875,0.94921875,4.792213439941406e-05,0.00142669677734375,0.0004425048828125,0.0006866455078125,0.003021240234375,0.0096435546875,0.0054931640625,0.000789642333984375,0.003997802734375,0.001617431640625,0.0004711151123046875,0.0011138916015625,0.006195068359375,0.0036468505859375,0.0017242431640625,0.0029296875,0.00531005859375
step_259_q_0,2.205371856689453e-06,0.0019683837890625,0.0001697540283203125,0.000514984130859375,0.000576019287109375,0.00110626220703125,0.005706787109375,0.0263671875,0.012451171875,4.9114227294921875e-05,0.0272216796875,0.142578125,0.0308837890625,0.029052734375,0.052490234375,0.0263671875,0.365234375,0.15234375,0.1259765625
step_260_q_0,0.0008087158203125,0.6875,0.01300048828125,0.007537841796875,0.0106201171875,0.004791259765625,0.0027313232421875,0.0128173828125,0.002105712890625,0.00119781494140625,0.00634765625,0.041259765625,0.0211181640625,0.018310546875,0.00799560546875,0.036376953125,0.09619140625,0.0186767578125,0.0096435546875
step_261_q_0,1.990795135498047e-05,0.98046875,5.245208740234375e-05,0.0004863739013671875,0.000286102294921875,0.000553131103515625,0.0011138916015625,0.001617431640625,0.0013885498046875,0.0001697540283203125,0.00101470947265625,0.00020122528076171875,9.1552734375e-05,0.00045013427734375,0.002838134765625,0.001922607421875,0.000766754150390625,0.001861572265625,0.0037689208984375
step_262_q_0,0.002410888671875,0.6796875,0.00179290771484375,0.0036773681640625,0.00457763671875,0.002197265625,0.012451171875,0.0255126953125,0.01165771484375,0.00153350830078125,0.004302978515625,0.005035400390625,0.00323486328125,0.012451171875,0.0224609375,0.047607421875,0.024658203125,0.08349609375,0.05224609375
step_263_q_0,0.00011444091796875,0.63671875,0.0001697540283203125,0.00069427490234375,0.00201416015625,0.0023651123046875,0.00112152099609375,0.002899169921875,0.0015411376953125,0.000911712646484375,0.005584716796875,0.00994873046875,0.0027618408203125,0.01165771484375,0.02880859375,0.06689453125,0.10693359375,0.08349609375,0.036865234375
step_264_q_0,0.000335693359375,0.828125,0.000804901123046875,0.0023956298828125,0.002288818359375,0.002288818359375,0.005950927734375,0.0201416015625,0.00811767578125,0.001983642578125,0.01220703125,0.005950927734375,0.0047607421875,0.01043701171875,0.018310546875,0.020751953125,0.0172119140625,0.0228271484375,0.01470947265625
step_265_q_0,0.00063323974609375,0.84375,0.002349853515625,0.00848388671875,0.006744384765625,0.004669189453125,0.008056640625,0.0072021484375,0.0135498046875,0.002899169921875,0.01214599609375,0.0029449462890625,0.003448486328125,0.011474609375,0.0267333984375,0.01556396484375,0.007476806640625,0.01519775390625,0.00634765625
step_266_q_0,0.00020503997802734375,0.1591796875,0.00014972686767578125,0.000576019287109375,0.000492095947265625,0.00063323974609375,0.0025787353515625,0.002838134765625,0.00067138671875,1.6570091247558594e-05,0.000492095947265625,0.00147247314453125,0.0011444091796875,0.006195068359375,0.0035247802734375,0.002838134765625,0.00701904296875,0.048583984375,0.76171875
step_267_q_0,0.0020599365234375,0.60546875,0.00083160400390625,0.007171630859375,0.00982666015625,0.0036163330078125,0.01300048828125,0.04833984375,0.0201416015625,0.0025634765625,0.017822265625,0.018310546875,0.0220947265625,0.01953125,0.0274658203125,0.0311279296875,0.0302734375,0.0546875,0.06396484375
step_268_q_0,7.200241088867188e-05,0.734375,0.000308990478515625,0.00084686279296875,0.0003871917724609375,0.00084686279296875,0.007415771484375,0.035400390625,0.0031890869140625,0.0004825592041015625,0.0167236328125,0.021484375,0.0172119140625,0.04541015625,0.0201416015625,0.0201416015625,0.035400390625,0.0284423828125,0.0118408203125
step_269_q_0,0.000598907470703125,0.453125,0.00112152099609375,0.00213623046875,0.00177001953125,0.00133514404296875,0.0023040771484375,0.028076171875,0.0027008056640625,0.000682830810546875,0.0029144287109375,0.010009765625,0.0206298828125,0.021240234375,0.0218505859375,0.0673828125,0.1669921875,0.1669921875,0.0272216796875
step_270_q_0,0.002288818359375,0.73828125,0.001861572265625,0.00872802734375,0.006011962890625,0.00250244140625,0.00848388671875,0.048828125,0.01055908203125,0.00159454345703125,0.0115966796875,0.016845703125,0.015869140625,0.01397705078125,0.0123291015625,0.0185546875,0.05517578125,0.01531982421875,0.0098876953125
step_271_q_0,0.000823974609375,0.169921875,0.00482177734375,0.020263671875,0.0025482177734375,0.004241943359375,0.00201416015625,0.009033203125,0.0035247802734375,0.006378173828125,0.0135498046875,0.263671875,0.0732421875,0.0625,0.036865234375,0.040283203125,0.1591796875,0.04443359375,0.0830078125
step_272_q_0,0.0003871917724609375,0.7421875,0.005584716796875,0.007049560546875,0.0023651123046875,0.0032806396484375,0.00131988525390625,0.001983642578125,0.00125885009765625,0.0028076171875,0.0032196044921875,0.0732421875,0.03369140625,0.01275634765625,0.015380859375,0.0062255859375,0.048828125,0.019775390625,0.019775390625
step_273_q_0,0.0001049041748046875,0.984375,0.000720977783203125,0.00157928466796875,0.0003261566162109375,0.00014019012451171875,0.00017642974853515625,0.0002384185791015625,0.000545501708984375,0.00048828125,0.000957489013671875,0.00390625,0.00112152099609375,0.000690460205078125,0.0002918243408203125,0.00075531005859375,0.00075531005859375,0.0004177093505859375,0.00189971923828125
step_274_q_0,0.00021076202392578125,0.88671875,0.004791259765625,0.006561279296875,0.002655029296875,0.00146484375,0.00182342529296875,0.004791259765625,0.0014190673828125,0.003509521484375,0.002410888671875,0.01904296875,0.0076904296875,0.004364013671875,0.003204345703125,0.005279541015625,0.0157470703125,0.01019287109375,0.017333984375
step_275_q_0,2.753734588623047e-05,0.8984375,6.67572021484375e-05,0.000331878662109375,0.0003681182861328125,0.000690460205078125,0.00055694580078125,0.00021076202392578125,0.00046539306640625,0.00014019012451171875,0.0026397705078125,0.00020694732666015625,0.001190185546875,0.0062255859375,0.01129150390625,0.0174560546875,0.03076171875,0.0186767578125,0.01129150390625
step_276_q_0,7.62939453125e-05,0.859375,0.000331878662109375,0.0022735595703125,0.00115966796875,0.0010528564453125,0.00160980224609375,0.003204345703125,0.0015106201171875,0.00177001953125,0.005126953125,0.0019989013671875,0.0013580322265625,0.01116943359375,0.01904296875,0.017333984375,0.0152587890625,0.028564453125,0.02685546875
step_277_q_0,0.0003814697265625,0.5625,0.0019683837890625,0.007568359375,0.00469970703125,0.004547119140625,0.0184326171875,0.019287109375,0.00634765625,0.0034332275390625,0.01031494140625,0.002777099609375,0.00537109375,0.0240478515625,0.0576171875,0.07177734375,0.0218505859375,0.11474609375,0.061279296875
step_278_q_0,0.00101470947265625,0.287109375,0.0030975341796875,0.001556396484375,0.0004444122314453125,0.0002155303955078125,0.000782012939453125,0.001739501953125,0.000446319580078125,0.0002956390380859375,0.00146484375,0.003204345703125,0.005889892578125,0.01080322265625,0.003631591796875,0.0032501220703125,0.0147705078125,0.050048828125,0.609375
step_279_q_0,0.000591278076171875,0.7578125,0.000759124755859375,0.0048828125,0.0020904541015625,0.00160980224609375,0.01226806640625,0.0172119140625,0.003143310546875,0.004364013671875,0.00677490234375,0.0072021484375,0.005615234375,0.013427734375,0.0400390625,0.033203125,0.01434326171875,0.046875,0.027587890625
step_280_q_0,0.00010251998901367188,0.7265625,0.00180816650390625,0.0035858154296875,0.00092315673828125,0.00124359130859375,0.00106048583984375,0.0012969970703125,0.002716064453125,0.000762939453125,0.00262451171875,0.0067138671875,0.01336669921875,0.0091552734375,0.0035858154296875,0.02001953125,0.022705078125,0.0986328125,0.08154296875
step_281_q_0,0.000400543212890625,0.40234375,0.0003814697265625,0.00091552734375,0.00077056884765625,0.001708984375,0.00115203857421875,0.0045166015625,0.001861572265625,0.0018157958984375,0.003204345703125,0.00506591796875,0.002655029296875,0.01416015625,0.0361328125,0.04638671875,0.15234375,0.2431640625,0.08154296875
step_282_q_0,0.0004863739013671875,0.63671875,0.00121307373046875,0.002197265625,0.00176239013671875,0.00115966796875,0.0019989013671875,0.0037384033203125,0.00110626220703125,0.00133514404296875,0.00146484375,0.0033416748046875,0.0020294189453125,0.0048828125,0.00390625,0.010986328125,0.038330078125,0.15625,0.1259765625
step_283_q_0,0.000308990478515625,0.94921875,0.0004634857177734375,0.01092529296875,0.002349853515625,0.000675201416015625,0.000675201416015625,0.0027618408203125,0.00092315673828125,0.000789642333984375,0.0027618408203125,0.003326416015625,0.00101470947265625,0.003021240234375,0.004547119140625,0.0015716552734375,0.000865936279296875,0.00142669677734375,0.01055908203125
step_284_q_0,0.000286102294921875,0.91015625,0.001312255859375,0.00469970703125,0.0025482177734375,0.000701904296875,0.0002536773681640625,0.0009613037109375,0.0012969970703125,0.00045013427734375,0.01165771484375,0.005859375,0.00848388671875,0.0111083984375,0.00567626953125,0.00994873046875,0.005584716796875,0.0031280517578125,0.0166015625
step_285_q_0,0.0002994537353515625,0.96484375,0.002471923828125,0.000827789306640625,0.000827789306640625,0.00013256072998046875,0.0022430419921875,0.000705718994140625,0.00128173828125,0.01141357421875,0.006927490234375,0.0022430419921875,0.001861572265625,0.0023956298828125,0.00012111663818359375,0.0003910064697265625,0.000186920166015625,0.00017833709716796875,0.000705718994140625
step_286_q_0,0.0003376007080078125,0.9453125,0.00060272216796875,0.000614166259765625,0.0002288818359375,0.00011682510375976562,0.00038909912109375,0.00016498565673828125,0.00031280517578125,0.00174713134765625,0.014404296875,0.004669189453125,0.004119873046875,0.004669189453125,0.01019287109375,0.001129150390625,0.000797271728515625,0.0022735595703125,0.006378173828125
step_287_q_0,9.012222290039062e-05,0.69140625,0.0002841949462890625,0.0007476806640625,0.00179290771484375,0.0019378662109375,0.00128936767578125,0.0011444091796875,0.0011749267578125,0.0016632080078125,0.005706787109375,0.00160980224609375,0.0019989013671875,0.01348876953125,0.01226806640625,0.0322265625,0.027587890625,0.1240234375,0.080078125
step_288_q_0,2.4586915969848633e-06,0.00019741058349609375,0.00102996826171875,0.00099945068359375,0.828125,0.000881195068359375,0.000324249267578125,0.006317138671875,0.00193023681640625,1.3485550880432129e-06,0.00128173828125,4.738569259643555e-06,0.00128173828125,0.00170135498046875,0.00099945068359375,0.01336669921875,0.0220947265625,7.152557373046875e-05,0.0002536773681640625,0.119140625
step_289_q_0,0.00048828125,0.0002460479736328125,0.0002613067626953125,0.000431060791015625,0.00113677978515625,0.0032806396484375,0.005584716796875,0.0013275146484375,0.00186920166015625,0.00154876708984375,0.002899169921875,0.00836181640625,0.00408935546875,0.013427734375,0.0172119140625,0.046875,0.2236328125,0.53515625,0.08203125,0.0498046875
step_290_q_0,0.0002841949462890625,0.337890625,0.048583984375,0.060546875,0.033447265625,0.0245361328125,0.0245361328125,0.0108642578125,0.045654296875,0.028564453125,0.045654296875,0.041748046875,0.0966796875,0.0390625,0.0123291015625,0.048583984375,0.03564453125,0.029541015625,0.0123291015625,0.02294921875
step_291_q_0,0.00092315673828125,0.201171875,0.0159912109375,0.0198974609375,0.01263427734375,0.0074462890625,0.00518798828125,0.005523681640625,0.027587890625,0.0084228515625,0.046142578125,0.017822265625,0.0169677734375,0.283203125,0.0810546875,0.142578125,0.03955078125,0.0263671875,0.03271484375,0.0086669921875
step_292_q_0,0.000537872314453125,0.83203125,0.00299072265625,0.0086669921875,0.005096435546875,0.0023345947265625,0.0021209716796875,0.00604248046875,0.004852294921875,0.0028533935546875,0.0034027099609375,0.00244140625,0.0018463134765625,0.005767822265625,0.0235595703125,0.002777099609375,0.029296875,0.006439208984375,0.0167236328125,0.041259765625
step_293_q_0,0.00122833251953125,0.46875,0.00592041015625,0.044921875,0.01544189453125,0.0137939453125,0.01190185546875,0.03662109375,0.022216796875,0.00136566162109375,0.020263671875,0.00115966796875,0.005218505859375,0.01348876953125,0.0179443359375,0.01116943359375,0.068359375,0.04296875,0.040283203125,0.1572265625
step_294_q_0,0.0002689361572265625,0.79296875,0.00144195556640625,0.00732421875,0.003509521484375,0.000888824462890625,0.00067138671875,0.00168609619140625,0.0023040771484375,0.000507354736328125,0.00112152099609375,0.000797271728515625,0.0030059814453125,0.00160980224609375,0.0218505859375,0.00970458984375,0.007781982421875,0.012451171875,0.076171875,0.052490234375
step_295_q_0,0.003509521484375,0.36328125,0.01397705078125,0.0198974609375,0.008056640625,0.017333984375,0.01080322265625,0.07373046875,0.03369140625,0.01263427734375,0.0888671875,0.00830078125,0.1396484375,0.029296875,0.076171875,0.0211181640625,0.040771484375,0.0169677734375,0.008544921875,0.0133056640625
step_296_q_0,0.0103759765625,0.384765625,0.019775390625,0.030517578125,0.01123046875,0.01312255859375,0.002593994140625,0.0146484375,0.0296630859375,0.002288818359375,0.10009765625,0.00811767578125,0.05029296875,0.0625,0.0269775390625,0.05712890625,0.150390625,0.01123046875,0.00848388671875,0.005645751953125
step_297_q_0,0.0003662109375,0.99609375,0.00013256072998046875,0.00017452239990234375,8.296966552734375e-05,0.00010204315185546875,8.058547973632812e-05,5.936622619628906e-05,0.0003185272216796875,5.888938903808594e-05,0.000240325927734375,0.000881195068359375,0.00010585784912109375,3.123283386230469e-05,4.267692565917969e-05,0.0001068115234375,0.00013065338134765625,2.9921531677246094e-05,0.00025177001953125,0.00104522705078125
step_298_q_0,0.000919342041015625,0.88671875,0.00121307373046875,0.00872802734375,0.0012969970703125,0.00067138671875,0.000537872314453125,0.0035247802734375,0.00121307373046875,0.000919342041015625,0.00188446044921875,0.00194549560546875,0.0035247802734375,0.007232666015625,0.00194549560546875,0.001251220703125,0.0074462890625,0.00311279296875,0.0074462890625,0.056884765625
step_299_q_0,2.6464462280273438e-05,0.84765625,0.00015735626220703125,0.00024127960205078125,0.00035858154296875,0.000530242919921875,0.000110626220703125,0.0001316070556640625,0.0003261566162109375,0.000385284423828125,0.00106048583984375,0.0120849609375,0.0016326904296875,0.006256103515625,0.004119873046875,0.01080322265625,0.01409912109375,0.012451171875,0.07177734375,0.0164794921875
step_300_q_0,0.0018463134765625,0.7578125,0.004241943359375,0.006561279296875,0.004791259765625,0.00396728515625,0.0034027099609375,0.00396728515625,0.01226806640625,0.00494384765625,0.01434326171875,0.00616455078125,0.0072021484375,0.0208740234375,0.033203125,0.0294189453125,0.0284423828125,0.017822265625,0.021484375,0.0172119140625
step_301_q_0,0.000518798828125,0.85546875,0.0042724609375,0.01275634765625,0.006134033203125,0.0050048828125,0.002349853515625,0.00146484375,0.00433349609375,0.00078582763671875,0.0107421875,0.00469970703125,0.0011138916015625,0.0038909912109375,0.0439453125,0.025390625,0.00299072265625,0.004486083984375,0.0089111328125,0.00122833251953125
step_302_q_0,1.609325408935547e-05,0.058349609375,0.0002422332763671875,0.00077056884765625,0.0004177093505859375,0.0003261566162109375,0.000911712646484375,0.000637054443359375,9.107589721679688e-05,2.4318695068359375e-05,8.678436279296875e-05,0.000911712646484375,4.7206878662109375e-05,0.000598907470703125,0.0008697509765625,0.000213623046875,0.0026397705078125,0.0024871826171875,0.0189208984375,0.91015625
step_303_q_0,0.00160980224609375,0.88671875,0.0020294189453125,0.004364013671875,0.00390625,0.002166748046875,0.004791259765625,0.0284423828125,0.017333984375,0.00182342529296875,0.01116943359375,0.00616455078125,0.0011749267578125,0.0025634765625,0.00634765625,0.0032958984375,0.00677490234375,0.005035400390625,0.00225830078125,0.0028228759765625
step_304_q_0,0.00011110305786132812,0.326171875,0.0004062652587890625,0.004974365234375,0.002471923828125,0.0035400390625,0.001434326171875,0.03125,0.00897216796875,0.00049591064453125,0.062255859375,0.008544921875,0.004058837890625,0.03369140625,0.09033203125,0.038818359375,0.26171875,0.060302734375,0.01275634765625,0.047607421875
step_305_q_0,7.677078247070312e-05,0.78515625,0.001678466796875,0.002197265625,0.001220703125,0.00182342529296875,0.000698089599609375,0.0022430419921875,0.000560760498046875,0.0001373291015625,0.001678466796875,0.002349853515625,0.0032501220703125,0.013916015625,0.01226806640625,0.01416015625,0.07763671875,0.0625,0.010498046875,0.0064697265625
step_306_q_0,0.0021514892578125,0.921875,0.0001983642578125,0.0037689208984375,0.00125885009765625,0.00125885009765625,0.0012054443359375,0.00823974609375,0.004150390625,0.00125885009765625,0.0035400390625,0.005645751953125,0.0029296875,0.0015716552734375,0.00531005859375,0.003997802734375,0.00872802734375,0.002288818359375,0.0034332275390625,0.0174560546875
step_307_q_0,2.181529998779297e-05,0.0181884765625,0.00537109375,0.003936767578125,0.001800537109375,0.0032501220703125,0.0001544952392578125,0.0031585693359375,0.00164031982421875,0.00140380859375,0.0247802734375,0.11865234375,0.09228515625,0.162109375,0.0233154296875,0.0233154296875,0.4140625,0.002960205078125,0.002777099609375,0.09814453125
step_308_q_0,0.0004291534423828125,0.55078125,0.00982666015625,0.01025390625,0.013427734375,0.0169677734375,0.00653076171875,0.02587890625,0.013427734375,0.00148773193359375,0.072265625,0.04541015625,0.0301513671875,0.033203125,0.0142822265625,0.01544189453125,0.1123046875,0.006134033203125,0.00372314453125,0.0169677734375
step_309_q_0,0.0002422332763671875,0.9609375,0.00016880035400390625,0.0005035400390625,0.0003261566162109375,0.0002613067626953125,0.00024127960205078125,0.0010223388671875,0.0005340576171875,0.0001163482666015625,0.0005645751953125,0.00185394287109375,0.00054931640625,0.0006866455078125,0.000823974609375,0.003204345703125,0.0084228515625,0.004180908203125,0.00518798828125,0.01031494140625
step_310_q_0,0.006072998046875,0.79296875,0.0019683837890625,0.00157928466796875,0.00213623046875,0.000537872314453125,0.001373291015625,0.008544921875,0.00182342529296875,0.0020904541015625,0.0010528564453125,0.0159912109375,0.0113525390625,0.005523681640625,0.0036773681640625,0.0120849609375,0.037109375,0.0211181640625,0.008544921875,0.06298828125
step_311_q_0,7.009506225585938e-05,0.8984375,0.00020599365234375,0.000415802001953125,0.0003528594970703125,0.0003604888916015625,0.0005645751953125,0.00089263916015625,0.00066375732421875,0.000560760498046875,0.00159454345703125,0.000888824462890625,0.001617431640625,0.00494384765625,0.00982666015625,0.0101318359375,0.009521484375,0.0145263671875,0.0211181640625,0.0218505859375
step_312_q_0,0.0002231597900390625,0.828125,0.00012493133544921875,0.00141143798828125,0.001983642578125,0.000881195068359375,0.0021209716796875,0.005401611328125,0.0017547607421875,0.000827789306640625,0.0022430419921875,0.01007080078125,0.00154876708984375,0.002044677734375,0.0091552734375,0.009765625,0.0194091796875,0.0125732421875,0.024169921875,0.06787109375
step_313_q_0,0.0010223388671875,0.62109375,0.001953125,0.0048828125,0.0045166015625,0.0040283203125,0.037109375,0.0478515625,0.0186767578125,0.00106048583984375,0.0155029296875,0.0023345947265625,0.0023040771484375,0.0159912109375,0.01434326171875,0.03125,0.0062255859375,0.1220703125,0.04345703125,0.005523681640625
step_314_q_0,3.647804260253906e-05,0.058349609375,7.62939453125e-05,0.0004596710205078125,0.0002460479736328125,0.000335693359375,0.0004177093505859375,0.00141143798828125,0.0002689361572265625,5.781650543212891e-06,6.628036499023438e-05,0.00165557861328125,0.0004596710205078125,0.00165557861328125,0.0025634765625,0.0018157958984375,0.005767822265625,0.0027313232421875,0.01080322265625,0.91015625
step_315_q_0,0.0026092529296875,0.69921875,0.0002384185791015625,0.0030364990234375,0.0023651123046875,0.0014801025390625,0.007781982421875,0.0255126953125,0.005859375,0.0004596710205078125,0.00457763671875,0.0198974609375,0.01495361328125,0.0093994140625,0.0174560546875,0.01806640625,0.02978515625,0.046142578125,0.053955078125,0.037109375
step_316_q_0,0.0001068115234375,0.5234375,0.0011444091796875,0.006561279296875,0.0011444091796875,0.0024871826171875,0.004364013671875,0.025146484375,0.003631591796875,0.000690460205078125,0.0162353515625,0.06640625,0.023681640625,0.054931640625,0.00927734375,0.034423828125,0.140625,0.05859375,0.01263427734375,0.0162353515625
step_317_q_0,0.000926971435546875,0.45703125,0.00130462646484375,0.0020904541015625,0.001678466796875,0.0011138916015625,0.000804901123046875,0.01470947265625,0.00173187255859375,0.000911712646484375,0.00173187255859375,0.01519775390625,0.020751953125,0.0189208984375,0.00811767578125,0.05810546875,0.1533203125,0.134765625,0.0400390625,0.06591796875
step_318_q_0,0.004791259765625,0.859375,0.00185394287109375,0.0072021484375,0.002410888671875,0.0023345947265625,0.00133514404296875,0.006561279296875,0.002655029296875,0.0019378662109375,0.0032958984375,0.0322265625,0.017333984375,0.006561279296875,0.0038604736328125,0.0019683837890625,0.0322265625,0.0027313232421875,0.00109100341796875,0.0074462890625
step_319_q_0,0.000789642333984375,0.036376953125,0.01007080078125,0.0257568359375,0.0023193359375,0.0047607421875,0.00093841552734375,0.00555419921875,0.0029754638671875,0.006317138671875,0.018798828125,0.1435546875,0.06787109375,0.11181640625,0.0283203125,0.036376953125,0.1435546875,0.046630859375,0.0986328125,0.208984375
step_320_q_0,0.00058746337890625,0.6953125,0.01446533203125,0.015869140625,0.0040283203125,0.00433349609375,0.0021820068359375,0.003326416015625,0.0023651123046875,0.00506591796875,0.00799560546875,0.048828125,0.0203857421875,0.0191650390625,0.01129150390625,0.01092529296875,0.035888671875,0.015869140625,0.01361083984375,0.06689453125
step_321_q_0,8.487701416015625e-05,0.98828125,0.000537872314453125,0.0003814697265625,0.00010395050048828125,4.57763671875e-05,3.647804260253906e-05,5.412101745605469e-05,0.0001049041748046875,0.000316619873046875,0.0003414154052734375,0.0029449462890625,0.00115203857421875,0.00028228759765625,5.626678466796875e-05,0.0002040863037109375,0.00018024444580078125,0.00014209747314453125,0.0004520416259765625,0.00567626953125
step_322_q_0,0.0003757476806640625,0.92578125,0.004852294921875,0.0035552978515625,0.0014801025390625,0.00077056884765625,0.000370025634765625,0.001190185546875,0.000659942626953125,0.0017852783203125,0.00157928466796875,0.0211181640625,0.00665283203125,0.001434326171875,0.000545501708984375,0.000720977783203125,0.00390625,0.0017852783203125,0.0017852783203125,0.0186767578125
step_323_q_0,8.153915405273438e-05,0.91015625,0.00010585784912109375,0.00023555755615234375,9.965896606445312e-05,0.00019168853759765625,0.0004825592041015625,0.00078582763671875,0.000431060791015625,0.00019741058349609375,0.0018157958984375,0.0003376007080078125,0.00162506103515625,0.00372314453125,0.00909423828125,0.004791259765625,0.00921630859375,0.0101318359375,0.041259765625,0.00372314453125
step_324_q_0,0.000118255615234375,0.875,0.00077056884765625,0.00179290771484375,0.000873565673828125,0.000701904296875,0.000904083251953125,0.00115966796875,0.000797271728515625,0.00168609619140625,0.004180908203125,0.00109100341796875,0.00054931640625,0.00445556640625,0.008544921875,0.0064697265625,0.0078125,0.0186767578125,0.033935546875,0.03173828125
step_325_q_0,0.000675201416015625,0.6953125,0.004791259765625,0.005645751953125,0.0020599365234375,0.0025482177734375,0.009033203125,0.0166015625,0.005096435546875,0.006256103515625,0.006256103515625,0.00634765625,0.005706787109375,0.0213623046875,0.0223388671875,0.031494140625,0.02001953125,0.052001953125,0.0341796875,0.052001953125
step_326_q_0,0.0003948211669921875,0.189453125,0.002044677734375,0.00160980224609375,0.000209808349609375,8.821487426757812e-05,0.0004482269287109375,0.00148773193359375,0.00015354156494140625,0.000316619873046875,0.000316619873046875,0.003692626953125,0.0034637451171875,0.004302978515625,0.004730224609375,0.00194549560546875,0.003936767578125,0.00860595703125,0.0240478515625,0.75
step_327_q_0,0.00162506103515625,0.6484375,0.0018768310546875,0.0026092529296875,0.00115203857421875,0.000675201416015625,0.00421142578125,0.00634765625,0.0013275146484375,0.00653076171875,0.0023345947265625,0.00408935546875,0.0086669921875,0.011474609375,0.0267333984375,0.01953125,0.0089111328125,0.052978515625,0.11962890625,0.07275390625
step_328_q_0,0.000255584716796875,0.76171875,0.01434326171875,0.00616455078125,0.00250244140625,0.002960205078125,0.00125885009765625,0.00171661376953125,0.00677490234375,0.00311279296875,0.005615234375,0.005462646484375,0.02685546875,0.0084228515625,0.0024261474609375,0.01434326171875,0.01904296875,0.040283203125,0.032470703125,0.045654296875
step_329_q_0,0.0014190673828125,0.44140625,0.000446319580078125,0.0007476806640625,0.0003948211669921875,0.00055694580078125,0.0010223388671875,0.00144195556640625,0.00070953369140625,0.00144195556640625,0.00107574462890625,0.003875732421875,0.001220703125,0.003997802734375,0.00701904296875,0.0091552734375,0.03515625,0.15234375,0.294921875,0.04248046875
step_330_q_0,0.00066375732421875,0.578125,0.000751495361328125,0.001678466796875,0.00113677978515625,0.000598907470703125,0.00113677978515625,0.002899169921875,0.00064849853515625,0.00162506103515625,0.000843048095703125,0.00762939453125,0.00124359130859375,0.00189971923828125,0.0035552978515625,0.0054931640625,0.016357421875,0.05224609375,0.047607421875,0.2734375
step_331_q_0,0.0002651214599609375,0.96484375,0.000385284423828125,0.0017547607421875,0.0003681182861328125,9.1552734375e-05,2.288818359375e-05,9.298324584960938e-05,0.00020313262939453125,0.00421142578125,0.006927490234375,0.00421142578125,0.0025482177734375,0.002471923828125,0.000827789306640625,0.00225830078125,0.00099945068359375,0.000415802001953125,0.00090789794921875,0.004486083984375
step_332_q_0,0.0002384185791015625,0.91015625,0.000942230224609375,0.005157470703125,0.0025177001953125,0.000560760498046875,0.000247955322265625,0.00052642822265625,0.001312255859375,0.000823974609375,0.00946044921875,0.00750732421875,0.009033203125,0.00860595703125,0.0034942626953125,0.00640869140625,0.0050048828125,0.0030975341796875,0.01007080078125,0.016357421875
step_333_q_0,0.0001964569091796875,0.984375,0.00061798095703125,0.00048065185546875,0.000362396240234375,5.91278076171875e-05,0.00018215179443359375,0.00012683868408203125,0.00023746490478515625,0.0037689208984375,0.0027618408203125,0.00323486328125,0.0023651123046875,0.0011138916015625,2.300739288330078e-05,0.00010728836059570312,6.008148193359375e-05,4.315376281738281e-05,0.0001354217529296875,0.00104522705078125
step_334_q_0,0.00045013427734375,0.96484375,0.0002574920654296875,0.0006256103515625,0.00022983551025390625,0.0001201629638671875,0.00021457672119140625,8.630752563476562e-05,0.0002231597900390625,0.000545501708984375,0.005157470703125,0.0028839111328125,0.002471923828125,0.0023956298828125,0.006103515625,0.000591278076171875,0.00055694580078125,0.001861572265625,0.004150390625,0.00531005859375
step_335_q_0,0.000148773193359375,0.625,0.00014591217041015625,0.000484466552734375,0.000576019287109375,0.0010833740234375,0.001068115234375,0.00067901611328125,0.00075531005859375,0.00069427490234375,0.0034332275390625,0.0021514892578125,0.0012054443359375,0.004791259765625,0.003662109375,0.005096435546875,0.00762939453125,0.0235595703125,0.04833984375,0.26953125
step_336_q_0,1.7434358596801758e-06,5.412101745605469e-05,0.000530242919921875,0.000156402587890625,0.482421875,0.00112152099609375,0.00119781494140625,0.0032501220703125,0.00017261505126953125,9.164214134216309e-07,0.00024318695068359375,1.4454126358032227e-06,0.000659942626953125,0.000530242919921875,0.000301361083984375,0.0027008056640625,0.0225830078125,5.245208740234375e-05,0.00012969970703125,0.482421875,0.0019683837890625
step_337_q_0,0.000823974609375,0.000823974609375,0.000499725341796875,0.00131988525390625,0.00066375732421875,0.001861572265625,0.00537109375,0.0027008056640625,0.00433349609375,0.00174713134765625,0.0033721923828125,0.003936767578125,0.00537109375,0.01177978515625,0.02197265625,0.02197265625,0.0595703125,0.236328125,0.267578125,0.28515625,0.0634765625
step_338_q_0,0.0003299713134765625,0.3046875,0.0274658203125,0.06396484375,0.046630859375,0.0301513671875,0.0301513671875,0.009521484375,0.0400390625,0.0301513671875,0.05126953125,0.05126953125,0.052978515625,0.0341796875,0.01519775390625,0.04248046875,0.046630859375,0.038818359375,0.02587890625,0.0301513671875,0.0274658203125
step_339_q_0,0.0003986358642578125,0.2041015625,0.0152587890625,0.0142822265625,0.010498046875,0.005859375,0.0045166015625,0.0072021484375,0.0186767578125,0.00555419921875,0.035888671875,0.01263427734375,0.0101318359375,0.19140625,0.0703125,0.1396484375,0.060302734375,0.056640625,0.07275390625,0.027587890625,0.035888671875
step_340_q_0,0.00139617919921875,0.75,0.00579833984375,0.0078125,0.004974365234375,0.0035247802734375,0.0023040771484375,0.00439453125,0.00518798828125,0.005462646484375,0.00439453125,0.006988525390625,0.00537109375,0.00970458984375,0.0186767578125,0.0025787353515625,0.0299072265625,0.00579833984375,0.0133056640625,0.0247802734375,0.08935546875
step_341_q_0,0.00445556640625,0.5546875,0.013916015625,0.1181640625,0.02490234375,0.00933837890625,0.004791259765625,0.014404296875,0.0201416015625,0.0108642578125,0.04541015625,0.001220703125,0.009765625,0.01483154296875,0.01031494140625,0.007476806640625,0.0185546875,0.00567626953125,0.00531005859375,0.0155029296875,0.09033203125
step_342_q_0,0.0003108978271484375,0.921875,0.00083160400390625,0.001068115234375,0.00083160400390625,0.0001983642578125,0.000301361083984375,0.00125885009765625,0.00083160400390625,0.0001430511474609375,0.000316619873046875,0.000179290771484375,0.00151824951171875,0.0011138916015625,0.0027923583984375,0.001861572265625,0.0023956298828125,0.0032196044921875,0.0123291015625,0.0245361328125,0.0238037109375
step_343_q_0,0.0016021728515625,0.1630859375,0.033203125,0.043212890625,0.0091552734375,0.0306396484375,0.004241943359375,0.03271484375,0.0400390625,0.015625,0.197265625,0.007171630859375,0.1484375,0.0771484375,0.0419921875,0.0201416015625,0.07373046875,0.00909423828125,0.00830078125,0.004608154296875,0.038818359375
step_344_q_0,0.005279541015625,0.4609375,0.028564453125,0.03564453125,0.005645751953125,0.01104736328125,0.0027923583984375,0.01483154296875,0.018798828125,0.0035247802734375,0.05517578125,0.006103515625,0.06640625,0.064453125,0.02294921875,0.034423828125,0.1279296875,0.00830078125,0.01171875,0.0029754638671875,0.01104736328125
step_345_q_0,4.0531158447265625e-06,1.0,3.266334533691406e-05,1.519918441772461e-05,5.811452865600586e-06,1.1920928955078125e-05,1.0311603546142578e-05,1.601874828338623e-06,1.919269561767578e-05,2.9653310775756836e-06,3.814697265625e-05,1.895427703857422e-05,3.4570693969726562e-06,1.043081283569336e-05,4.231929779052734e-06,1.1026859283447266e-05,1.0073184967041016e-05,2.250075340270996e-06,4.26173210144043e-06,1.1742115020751953e-05,1.6450881958007812e-05
step_346_q_0,0.000736236572265625,0.9453125,0.00156402587890625,0.00156402587890625,0.00014019012451171875,3.147125244140625e-05,9.5367431640625e-05,0.00064849853515625,0.00014495849609375,0.00182342529296875,0.00013256072998046875,0.0009765625,0.002655029296875,0.000759124755859375,0.00057220458984375,0.000225067138671875,0.0030059814453125,0.0009765625,0.000591278076171875,0.00182342529296875,0.03662109375
step_347_q_0,0.0003910064697265625,0.67578125,0.001190185546875,0.00102996826171875,0.001434326171875,0.000843048095703125,0.00037384033203125,0.0017852783203125,0.01422119140625,0.000919342041015625,0.006744384765625,0.01220703125,0.000823974609375,0.01092529296875,0.005584716796875,0.00994873046875,0.00469970703125,0.0035400390625,0.06884765625,0.166015625,0.01300048828125
step_348_q_0,0.00084686279296875,0.95703125,0.000873565673828125,0.001678466796875,0.00135040283203125,0.0010223388671875,0.0009307861328125,0.0019073486328125,0.0023040771484375,0.000820159912109375,0.005340576171875,0.0009002685546875,0.0010223388671875,0.003143310546875,0.004302978515625,0.00390625,0.004302978515625,0.001678466796875,0.002166748046875,0.00244140625,0.0020294189453125
step_349_q_0,0.00075531005859375,0.80859375,0.005157470703125,0.007781982421875,0.0033416748046875,0.004119873046875,0.004547119140625,0.007720947265625,0.007598876953125,0.0032806396484375,0.0233154296875,0.004638671875,0.0020599365234375,0.0130615234375,0.047607421875,0.023681640625,0.00640869140625,0.0091552734375,0.0128173828125,0.00433349609375,0.00140380859375
step_350_q_0,2.6464462280273438e-05,0.296875,0.000797271728515625,0.0027313232421875,0.0020599365234375,0.00110626220703125,0.00041961669921875,0.0015869140625,0.0009918212890625,3.147125244140625e-05,0.0004329681396484375,0.000682830810546875,0.0002231597900390625,0.00103759765625,0.003509521484375,0.0028228759765625,0.01116943359375,0.0016326904296875,0.0019989013671875,0.040283203125,0.62890625
step_351_q_0,0.001617431640625,0.83984375,0.00154876708984375,0.004852294921875,0.0031280517578125,0.00125885009765625,0.00170135498046875,0.00994873046875,0.0087890625,0.0023956298828125,0.009033203125,0.004150390625,0.0037689208984375,0.005157470703125,0.00726318359375,0.00848388671875,0.0230712890625,0.02783203125,0.00848388671875,0.021728515625,0.00640869140625
step_352_q_0,8.392333984375e-05,0.431640625,0.000911712646484375,0.0036468505859375,0.001922607421875,0.0016632080078125,0.001190185546875,0.03125,0.009033203125,0.000789642333984375,0.052490234375,0.00701904296875,0.007476806640625,0.042724609375,0.05322265625,0.0361328125,0.1318359375,0.038330078125,0.021728515625,0.1044921875,0.021240234375
step_353_q_0,7.534027099609375e-05,0.703125,0.000820159912109375,0.0012054443359375,0.0009307861328125,0.0011444091796875,0.0003261566162109375,0.0020904541015625,0.0003986358642578125,0.00020885467529296875,0.000904083251953125,0.0027008056640625,0.0038604736328125,0.002288818359375,0.006988525390625,0.005615234375,0.06982421875,0.0634765625,0.01708984375,0.09814453125,0.019287109375
step_354_q_0,0.00133514404296875,0.9453125,0.0002231597900390625,0.001739501953125,0.001007080078125,0.00113677978515625,0.00086212158203125,0.0030975341796875,0.00121307373046875,0.000156402587890625,0.000820159912109375,0.0022735595703125,0.0009307861328125,0.000499725341796875,0.0023345947265625,0.00213623046875,0.006988525390625,0.00139617919921875,0.0022735595703125,0.0084228515625,0.017333984375
step_355_q_0,0.00028228759765625,0.1845703125,0.02197265625,0.020751953125,0.012939453125,0.01611328125,0.002044677734375,0.01214599609375,0.00836181640625,0.0032806396484375,0.06787109375,0.046630859375,0.031982421875,0.1845703125,0.0291748046875,0.0257568359375,0.1484375,0.0166015625,0.0146484375,0.043701171875,0.1083984375
step_356_q_0,0.00016021728515625,0.3203125,0.0072021484375,0.0128173828125,0.010498046875,0.01409912109375,0.0029144287109375,0.0205078125,0.0155029296875,0.00074005126953125,0.07177734375,0.15625,0.053955078125,0.0419921875,0.017578125,0.00909423828125,0.15625,0.00457763671875,0.00213623046875,0.053955078125,0.0263671875
step_357_q_0,6.580352783203125e-05,0.97265625,0.00018405914306640625,0.00022411346435546875,0.00023174285888671875,0.0002460479736328125,0.000637054443359375,0.00121307373046875,0.000324249267578125,0.00016117095947265625,0.000400543212890625,0.00122833251953125,0.0004863739013671875,0.000438690185546875,0.0004119873046875,0.00115966796875,0.002166748046875,0.0021209716796875,0.0019073486328125,0.0038604736328125,0.00982666015625
step_358_q_0,0.00518798828125,0.7265625,0.0034637451171875,0.00168609619140625,0.0030517578125,0.000507354736328125,0.0009613037109375,0.007568359375,0.0019683837890625,0.0034637451171875,0.00086212158203125,0.01287841796875,0.005523681640625,0.0015869140625,0.0009613037109375,0.006683349609375,0.0299072265625,0.00830078125,0.002105712890625,0.0164794921875,0.162109375
step_359_q_0,0.00015926361083984375,0.875,0.0002117156982421875,0.00040435791015625,0.0004253387451171875,0.000316619873046875,0.000728607177734375,0.0021820068359375,0.001434326171875,0.0006256103515625,0.00135040283203125,0.00099945068359375,0.0009918212890625,0.0034637451171875,0.005462646484375,0.0076904296875,0.005462646484375,0.0076904296875,0.0225830078125,0.041015625,0.0218505859375
step_360_q_0,0.00029754638671875,0.79296875,0.0003757476806640625,0.00157928466796875,0.0020904541015625,0.0009002685546875,0.0023040771484375,0.01165771484375,0.00139617919921875,0.0009918212890625,0.0019073486328125,0.0128173828125,0.0023040771484375,0.0028533935546875,0.005523681640625,0.0093994140625,0.0159912109375,0.01165771484375,0.0211181640625,0.06494140625,0.037109375
step_361_q_0,0.000537872314453125,0.7421875,0.002044677734375,0.004425048828125,0.003204345703125,0.0029449462890625,0.01446533203125,0.033203125,0.01202392578125,0.001068115234375,0.01202392578125,0.004791259765625,0.003753662109375,0.01495361328125,0.01495361328125,0.0211181640625,0.00823974609375,0.055419921875,0.035888671875,0.00787353515625,0.00421142578125
step_362_q_0,4.1484832763671875e-05,0.201171875,0.00019550323486328125,0.0010528564453125,0.0003643035888671875,0.000293731689453125,0.0003757476806640625,0.0019683837890625,0.0007476806640625,2.4080276489257812e-05,0.00015163421630859375,0.000797271728515625,0.00022125244140625,0.00060272216796875,0.0032501220703125,0.004058837890625,0.003570556640625,0.000820159912109375,0.000545501708984375,0.03271484375,0.74609375
step_363_q_0,0.00020503997802734375,0.73828125,9.393692016601562e-05,0.0003032684326171875,0.000244140625,0.00013065338134765625,0.00118255615234375,0.006195068359375,0.00055694580078125,0.000152587890625,0.0004291534423828125,0.007720947265625,0.0029296875,0.00074005126953125,0.00201416015625,0.0017242431640625,0.01312255859375,0.0238037109375,0.05029296875,0.12060546875,0.0286865234375
step_364_q_0,0.00016021728515625,0.65234375,0.000453948974609375,0.0028839111328125,0.00035858154296875,0.0008392333984375,0.002838134765625,0.00823974609375,0.0017547607421875,0.00104522705078125,0.01397705078125,0.01446533203125,0.011962890625,0.0537109375,0.004852294921875,0.0286865234375,0.08837890625,0.0230712890625,0.0269775390625,0.0223388671875,0.039306640625
step_365_q_0,0.0004711151123046875,0.55078125,0.000400543212890625,0.0012054443359375,0.000911712646484375,0.00074005126953125,0.00051116943359375,0.002899169921875,0.0010223388671875,0.00081634521484375,0.00189971923828125,0.009521484375,0.00604248046875,0.00738525390625,0.003448486328125,0.0201416015625,0.0439453125,0.052978515625,0.072265625,0.1904296875,0.0301513671875
step_366_q_0,0.00531005859375,0.83984375,0.00180816650390625,0.0034332275390625,0.0008392333984375,0.00066375732421875,0.00041961669921875,0.003936767578125,0.00080108642578125,0.00102996826171875,0.00092315673828125,0.050537109375,0.011962890625,0.00101470947265625,0.000881195068359375,0.00035858154296875,0.0203857421875,0.001617431640625,0.00180816650390625,0.0286865234375,0.0238037109375
step_367_q_0,0.00016117095947265625,0.0206298828125,0.00104522705078125,0.004608154296875,0.000408172607421875,0.0008392333984375,0.000583648681640625,0.0022735595703125,0.00167083740234375,0.000499725341796875,0.003936767578125,0.043701171875,0.00445556640625,0.01373291015625,0.001953125,0.008056640625,0.03857421875,0.031982421875,0.162109375,0.53125,0.1259765625
step_368_q_0,0.0002613067626953125,0.75,0.00274658203125,0.007354736328125,0.00180816650390625,0.00167083740234375,0.0012969970703125,0.00262451171875,0.0013427734375,0.00102996826171875,0.0029754638671875,0.0146484375,0.00811767578125,0.007354736328125,0.00439453125,0.00714111328125,0.0206298828125,0.01373291015625,0.0213623046875,0.10498046875,0.0234375
step_369_q_0,2.4080276489257812e-05,0.9765625,0.000255584716796875,0.0005950927734375,0.00017261505126953125,6.341934204101562e-05,5.435943603515625e-05,6.151199340820312e-05,9.822845458984375e-05,0.00020503997802734375,0.0004482269287109375,0.00341796875,0.0009765625,0.0003604888916015625,0.000255584716796875,0.000476837158203125,0.000614166259765625,0.0003490447998046875,0.00067138671875,0.0035247802734375,0.0098876953125
step_370_q_0,0.000827789306640625,0.87890625,0.003173828125,0.0035858154296875,0.00124359130859375,0.00023651123046875,0.00015544891357421875,0.00066375732421875,0.000240325927734375,0.0012054443359375,0.000881195068359375,0.031982421875,0.01611328125,0.0012054443359375,0.00106048583984375,0.000827789306640625,0.00555419921875,0.00128173828125,0.000850677490234375,0.0206298828125,0.030029296875
step_371_q_0,0.0001392364501953125,0.63671875,5.53131103515625e-05,5.91278076171875e-05,2.2172927856445312e-05,1.1861324310302734e-05,4.7206878662109375e-05,0.0002574920654296875,0.000522613525390625,0.000102996826171875,0.000690460205078125,0.00020122528076171875,0.00015735626220703125,0.00110626220703125,0.004852294921875,0.003509521484375,0.002410888671875,0.0016021728515625,0.166015625,0.11767578125,0.06298828125
step_372_q_0,0.00010347366333007812,0.53125,0.000186920166015625,0.0022430419921875,0.001800537109375,0.0022430419921875,0.00433349609375,0.003692626953125,0.002044677734375,0.00262451171875,0.0031585693359375,0.001922607421875,0.000568389892578125,0.00555419921875,0.021240234375,0.0194091796875,0.029052734375,0.0361328125,0.1953125,0.10498046875,0.031005859375
step_373_q_0,0.000942230224609375,0.8203125,0.00116729736328125,0.0026092529296875,0.0009918212890625,0.0005340576171875,0.0021514892578125,0.0035858154296875,0.00164794921875,0.001556396484375,0.0027923583984375,0.00390625,0.003143310546875,0.003265380859375,0.00982666015625,0.0081787109375,0.0150146484375,0.00830078125,0.01434326171875,0.035400390625,0.061279296875
step_374_q_0,4.38690185546875e-05,0.21484375,0.00090789794921875,0.001800537109375,0.00038909912109375,9.202957153320312e-05,0.00023651123046875,0.00106048583984375,0.00019931793212890625,0.0001926422119140625,0.0004787445068359375,0.00090789794921875,0.000621795654296875,0.0012359619140625,0.0028839111328125,0.002471923828125,0.001800537109375,0.000812530517578125,0.0004425048828125,0.0177001953125,0.75
step_375_q_0,0.000797271728515625,0.55859375,0.00110626220703125,0.000919342041015625,0.00032806396484375,0.0003833770751953125,0.0022430419921875,0.0018310546875,0.000377655029296875,0.0033111572265625,0.00104522705078125,0.00848388671875,0.005462646484375,0.00482177734375,0.006011962890625,0.0081787109375,0.00872802734375,0.0732421875,0.0908203125,0.1923828125,0.032470703125
step_376_q_0,0.0002574920654296875,0.6484375,0.0059814453125,0.003204345703125,0.0009613037109375,0.002777099609375,0.00179290771484375,0.0027313232421875,0.01116943359375,0.0030975341796875,0.004364013671875,0.0086669921875,0.01226806640625,0.0147705078125,0.003204345703125,0.056640625,0.023681640625,0.051513671875,0.04150390625,0.087890625,0.0147705078125
step_377_q_0,0.0003185272216796875,0.5390625,0.000335693359375,0.000316619873046875,0.00013256072998046875,0.000301361083984375,0.0006561279296875,0.0014801025390625,0.0005035400390625,0.0012359619140625,0.0010223388671875,0.007232666015625,0.002288818359375,0.006378173828125,0.00860595703125,0.01190185546875,0.047119140625,0.05859375,0.0966796875,0.1591796875,0.05517578125
step_378_q_0,0.00054168701171875,0.66796875,0.000396728515625,0.000606536865234375,0.000415802001953125,0.00023746490478515625,0.000370025634765625,0.0012969970703125,0.0003566741943359375,0.0018768310546875,0.00112152099609375,0.00390625,0.00193023681640625,0.002593994140625,0.0036163330078125,0.006439208984375,0.0096435546875,0.0157470703125,0.01470947265625,0.09326171875,0.173828125
step_379_q_0,3.647804260253906e-05,0.97265625,0.0001163482666015625,0.0003814697265625,0.00013637542724609375,5.8650970458984375e-05,2.086162567138672e-05,4.673004150390625e-05,0.000125885009765625,0.002197265625,0.001373291015625,0.0020599365234375,0.00177001953125,0.0028228759765625,0.0003223419189453125,0.0019989013671875,0.00078582763671875,0.00086212158203125,0.001251220703125,0.002197265625,0.006988525390625
step_380_q_0,0.00019550323486328125,0.828125,0.00098419189453125,0.0042724609375,0.004547119140625,0.0006103515625,0.0003757476806640625,0.000568389892578125,0.001556396484375,0.000812530517578125,0.016357421875,0.00775146484375,0.01611328125,0.018310546875,0.007049560546875,0.0177001953125,0.0089111328125,0.0037689208984375,0.0140380859375,0.0283203125,0.020751953125
step_381_q_0,5.0067901611328125e-05,0.98828125,0.00011777877807617188,7.486343383789062e-05,5.841255187988281e-05,4.827976226806641e-06,5.4836273193359375e-05,1.5020370483398438e-05,5.245208740234375e-05,0.00077056884765625,0.00323486328125,0.0019683837890625,0.00457763671875,0.000598907470703125,4.410743713378906e-06,3.4332275390625e-05,1.811981201171875e-05,1.5974044799804688e-05,3.7670135498046875e-05,0.0004253387451171875,0.00139617919921875
step_382_q_0,0.00069427490234375,0.9609375,0.000354766845703125,0.00041961669921875,8.392333984375e-05,6.67572021484375e-05,0.00014781951904296875,0.0001125335693359375,0.00014209747314453125,0.000652313232421875,0.004180908203125,0.00286865234375,0.001739501953125,0.00191497802734375,0.00628662109375,0.00054931640625,0.00041961669921875,0.00078582763671875,0.00286865234375,0.002777099609375,0.0120849609375
step_383_q_0,0.0003452301025390625,0.671875,0.0003204345703125,0.000843048095703125,0.000518798828125,0.0008544921875,0.00087738037109375,0.000675201416015625,0.0009765625,0.0025634765625,0.0025634765625,0.0027008056640625,0.0011444091796875,0.00347900390625,0.004913330078125,0.003692626953125,0.004119873046875,0.0081787109375,0.032470703125,0.232421875,0.0238037109375
step_384_q_0,1.6763806343078613e-07,4.798173904418945e-06,2.5987625122070312e-05,0.0001983642578125,0.80859375,7.534027099609375e-05,5.0067901611328125e-05,0.00176239013671875,8.535385131835938e-05,7.217749953269958e-08,2.944469451904297e-05,1.6111880540847778e-07,0.00023174285888671875,3.123283386230469e-05,0.000278472900390625,0.000888824462890625,0.0201416015625,3.039836883544922e-05,6.031990051269531e-05,0.1689453125,5.173683166503906e-05,4.696846008300781e-05
step_385_q_0,0.00011968612670898438,0.000179290771484375,0.00012302398681640625,0.00016307830810546875,8.487701416015625e-05,0.00014400482177734375,0.001068115234375,0.0007781982421875,0.0021209716796875,0.00021648406982421875,0.00057220458984375,0.0004177093505859375,0.00070953369140625,0.0025634765625,0.0069580078125,0.004791259765625,0.01470947265625,0.10205078125,0.16796875,0.625,0.05810546875,0.0101318359375
step_386_q_0,0.00023651123046875,0.13671875,0.028564453125,0.064453125,0.05029296875,0.0216064453125,0.037841796875,0.01312255859375,0.056884765625,0.030517578125,0.0517578125,0.04443359375,0.0830078125,0.05029296875,0.02099609375,0.07763671875,0.064453125,0.07080078125,0.028564453125,0.02294921875,0.01531982421875,0.029541015625
step_387_q_0,0.0002880096435546875,0.1328125,0.01055908203125,0.01422119140625,0.01025390625,0.00567626953125,0.00506591796875,0.00823974609375,0.020751953125,0.005584716796875,0.031494140625,0.01361083984375,0.01202392578125,0.181640625,0.10693359375,0.1552734375,0.06884765625,0.05908203125,0.06689453125,0.024658203125,0.033203125,0.031982421875
step_388_q_0,0.000701904296875,0.7578125,0.0027008056640625,0.005279541015625,0.0025787353515625,0.00127410888671875,0.000904083251953125,0.004180908203125,0.005126953125,0.00127410888671875,0.003631591796875,0.0030975341796875,0.002532958984375,0.00927734375,0.0167236328125,0.00168609619140625,0.025146484375,0.0048828125,0.0152587890625,0.0244140625,0.064453125,0.045654296875
step_389_q_0,0.00144195556640625,0.447265625,0.0126953125,0.0517578125,0.01336669921875,0.00616455078125,0.00238037109375,0.005767822265625,0.006988525390625,0.003082275390625,0.0208740234375,0.0012664794921875,0.0111083984375,0.0162353515625,0.006072998046875,0.00457763671875,0.019287109375,0.00775146484375,0.0037841796875,0.0196533203125,0.140625,0.1982421875
step_390_q_0,0.0001659393310546875,0.6328125,0.0012969970703125,0.00177001953125,0.0012969970703125,0.000141143798828125,0.00014781951904296875,0.00127410888671875,0.00110626220703125,0.00014972686767578125,0.0003719329833984375,5.91278076171875e-05,0.0029296875,0.00188446044921875,0.00311279296875,0.003204345703125,0.0023193359375,0.00341796875,0.0126953125,0.045654296875,0.255859375,0.030517578125
step_391_q_0,0.00106048583984375,0.111328125,0.0361328125,0.031982421875,0.005889892578125,0.0299072265625,0.0040283203125,0.023681640625,0.028076171875,0.0186767578125,0.1337890625,0.00579833984375,0.228515625,0.0615234375,0.0478515625,0.019287109375,0.05419921875,0.0216064453125,0.016845703125,0.010498046875,0.02294921875,0.08642578125
step_392_q_0,0.003173828125,0.271484375,0.016357421875,0.033447265625,0.002838134765625,0.0108642578125,0.0033721923828125,0.0179443359375,0.017333984375,0.0019683837890625,0.06884765625,0.00445556640625,0.064453125,0.05029296875,0.060791015625,0.05712890625,0.1923828125,0.04052734375,0.033447265625,0.0091552734375,0.004180908203125,0.03466796875
step_393_q_0,1.239776611328125e-05,1.0,4.744529724121094e-05,2.562999725341797e-05,1.7404556274414062e-05,4.267692565917969e-05,2.1576881408691406e-05,2.4586915969848633e-06,2.276897430419922e-05,1.329183578491211e-05,7.009506225585938e-05,8.869171142578125e-05,2.110004425048828e-05,1.7762184143066406e-05,7.68899917602539e-06,5.8710575103759766e-06,5.334615707397461e-06,1.6987323760986328e-06,3.6209821701049805e-06,1.5079975128173828e-05,7.68899917602539e-06,1.7762184143066406e-05
step_394_q_0,0.000568389892578125,0.87890625,0.0028839111328125,0.00116729736328125,0.00018978118896484375,7.677078247070312e-05,0.00011539459228515625,0.00106048583984375,0.000324249267578125,0.0015411376953125,0.00018978118896484375,0.0004291534423828125,0.003265380859375,0.0027923583984375,0.0002689361572265625,0.00022220611572265625,0.0035858154296875,0.000751495361328125,0.000621795654296875,0.00347900390625,0.01177978515625,0.0869140625
step_395_q_0,0.0001068115234375,0.67578125,0.00054931640625,0.0003452301025390625,0.00048065185546875,0.00011539459228515625,5.125999450683594e-05,0.0002651214599609375,0.0028228759765625,0.0021820068359375,0.002685546875,0.00396728515625,0.0004329681396484375,0.00145721435546875,0.00183868408203125,0.00592041015625,0.00457763671875,0.00138092041015625,0.024169921875,0.103515625,0.12890625,0.04052734375
step_396_q_0,0.00057220458984375,0.9140625,0.0012664794921875,0.0032958984375,0.0031890869140625,0.00146484375,0.0010833740234375,0.002197265625,0.004791259765625,0.00077056884765625,0.0084228515625,0.0016021728515625,0.000820159912109375,0.0034027099609375,0.00616455078125,0.00897216796875,0.01116943359375,0.00408935546875,0.007415771484375,0.006561279296875,0.005096435546875,0.004638671875
step_397_q_0,0.00103759765625,0.84765625,0.003662109375,0.006591796875,0.002716064453125,0.0022125244140625,0.0029144287109375,0.00701904296875,0.00677490234375,0.0032806396484375,0.0277099609375,0.008056640625,0.0024566650390625,0.0068359375,0.0299072265625,0.0111083984375,0.00689697265625,0.0048828125,0.007293701171875,0.00384521484375,0.00506591796875,0.001312255859375
step_398_q_0,3.4809112548828125e-05,0.28125,0.000518798828125,0.00122833251953125,0.00122833251953125,0.00079345703125,0.00023746490478515625,0.0011138916015625,0.0008697509765625,1.341104507446289e-05,0.00046539306640625,0.000644683837890625,0.00016117095947265625,0.000598907470703125,0.0008697509765625,0.002471923828125,0.01165771484375,0.005157470703125,0.0020904541015625,0.00909423828125,0.043212890625,0.63671875
step_399_q_0,0.0024261474609375,0.8125,0.0028076171875,0.00433349609375,0.003173828125,0.002838134765625,0.0037078857421875,0.00946044921875,0.00836181640625,0.00131988525390625,0.00860595703125,0.0091552734375,0.0028076171875,0.00592041015625,0.0067138671875,0.00994873046875,0.016845703125,0.0286865234375,0.015869140625,0.032470703125,0.0057373046875,0.004547119140625
step_400_q_0,3.790855407714844e-05,0.447265625,0.0003948211669921875,0.0032196044921875,0.0017242431640625,0.00170135498046875,0.0010986328125,0.015625,0.005767822265625,0.000743865966796875,0.04638671875,0.004486083984375,0.00732421875,0.04150390625,0.07275390625,0.040283203125,0.1220703125,0.04296875,0.02099609375,0.068359375,0.022216796875,0.033447265625
step_401_q_0,3.719329833984375e-05,0.2890625,0.000705718994140625,0.001190185546875,0.000843048095703125,0.002105712890625,0.000484466552734375,0.0036773681640625,0.0005950927734375,0.0004367828369140625,0.0007476806640625,0.005523681640625,0.0023345947265625,0.0030059814453125,0.00830078125,0.01434326171875,0.140625,0.224609375,0.048583984375,0.1982421875,0.023681640625,0.0322265625
step_402_q_0,0.000530242919921875,0.9609375,0.000186920166015625,0.0012359619140625,0.000514984130859375,0.00054168701171875,0.00031280517578125,0.00119781494140625,0.00151824951171875,9.393692016601562e-05,0.000835418701171875,0.000736236572265625,0.00072479248046875,0.000499725341796875,0.00119781494140625,0.000934600830078125,0.00110626220703125,0.0003566741943359375,0.00063323974609375,0.0048828125,0.010009765625,0.01068115234375
step_403_q_0,0.00010156631469726562,0.1591796875,0.01190185546875,0.0130615234375,0.0072021484375,0.01434326171875,0.000835418701171875,0.004364013671875,0.003997802734375,0.00153350830078125,0.042724609375,0.044189453125,0.047119140625,0.24609375,0.0303955078125,0.037841796875,0.1689453125,0.0162353515625,0.01226806640625,0.047119140625,0.042724609375,0.047119140625
step_404_q_0,0.0002002716064453125,0.26171875,0.00909423828125,0.01953125,0.012451171875,0.035400390625,0.01031494140625,0.046875,0.0302734375,0.0010223388671875,0.1162109375,0.09033203125,0.03662109375,0.056640625,0.046875,0.027587890625,0.14453125,0.0172119140625,0.00982666015625,0.0157470703125,0.005035400390625,0.0059814453125
step_405_q_0,0.00012493133544921875,0.96875,8.058547973632812e-05,0.00025177001953125,0.000244140625,0.0002841949462890625,0.00119781494140625,0.0020294189453125,0.00034332275390625,9.441375732421875e-05,0.0004520416259765625,0.0013885498046875,0.00028228759765625,0.0004215240478515625,0.00069427490234375,0.0016021728515625,0.00244140625,0.003662109375,0.0023345947265625,0.0031890869140625,0.0069580078125,0.003082275390625
step_406_q_0,0.004791259765625,0.734375,0.004119873046875,0.00191497802734375,0.0028228759765625,0.000835418701171875,0.00128936767578125,0.01019287109375,0.0030059814453125,0.0016326904296875,0.00177001953125,0.01904296875,0.01080322265625,0.003631591796875,0.00139617919921875,0.006988525390625,0.042724609375,0.01263427734375,0.004241943359375,0.02294921875,0.0390625,0.068359375
step_407_q_0,0.00011157989501953125,0.71484375,0.000247955322265625,0.00061798095703125,0.000514984130859375,0.0002651214599609375,0.0002651214599609375,0.000835418701171875,0.00101470947265625,0.000690460205078125,0.00140380859375,0.00109100341796875,0.00170135498046875,0.004180908203125,0.006103515625,0.0103759765625,0.010498046875,0.00537109375,0.01019287109375,0.08544921875,0.12060546875,0.023681640625
step_408_q_0,0.0004253387451171875,0.58203125,0.0003643035888671875,0.00323486328125,0.00457763671875,0.0023651123046875,0.00665283203125,0.0289306640625,0.005340576171875,0.0016326904296875,0.003448486328125,0.01324462890625,0.0028533935546875,0.004852294921875,0.01806640625,0.0262451171875,0.024658203125,0.034912109375,0.053955078125,0.1142578125,0.034912109375,0.034912109375
step_409_q_0,0.000812530517578125,0.734375,0.003814697265625,0.00750732421875,0.00616455078125,0.00506591796875,0.0260009765625,0.0294189453125,0.0233154296875,0.002471923828125,0.0208740234375,0.0025634765625,0.003021240234375,0.0164794921875,0.0289306640625,0.0263671875,0.004119873046875,0.0303955078125,0.013916015625,0.004638671875,0.0072021484375,0.00201416015625
step_410_q_0,8.153915405273438e-05,0.25390625,4.6253204345703125e-05,0.00110626220703125,0.000888824462890625,0.000522613525390625,0.0011749267578125,0.0025634765625,0.00182342529296875,2.3603439331054688e-05,0.000492095947265625,0.0008087158203125,0.00010776519775390625,0.00016689300537109375,0.000759124755859375,0.00579833984375,0.004241943359375,0.004241943359375,0.000946044921875,0.004638671875,0.025146484375,0.69140625
step_411_q_0,0.0004329681396484375,0.51171875,0.00011730194091796875,0.0005645751953125,0.00067901611328125,0.0004673004150390625,0.004150390625,0.01031494140625,0.00179290771484375,0.00022029876708984375,0.000858306884765625,0.003143310546875,0.00153350830078125,0.0018463134765625,0.007781982421875,0.00830078125,0.005340576171875,0.034912109375,0.166015625,0.07373046875,0.1142578125,0.05078125
step_412_q_0,0.00010395050048828125,0.423828125,0.000247955322265625,0.00193023681640625,0.0002994537353515625,0.000804901123046875,0.003448486328125,0.01361083984375,0.0020904541015625,0.00049591064453125,0.01031494140625,0.0169677734375,0.0040283203125,0.043212890625,0.008544921875,0.049072265625,0.166015625,0.08349609375,0.043212890625,0.05908203125,0.049072265625,0.019775390625
step_413_q_0,0.000530242919921875,0.392578125,0.000202178955078125,0.000637054443359375,0.00064849853515625,0.0004558563232421875,0.0008544921875,0.0045166015625,0.0021209716796875,0.0004024505615234375,0.00238037109375,0.00384521484375,0.005096435546875,0.013427734375,0.017822265625,0.058349609375,0.03662109375,0.10595703125,0.1318359375,0.1357421875,0.04833984375,0.03759765625
step_414_q_0,0.0016021728515625,0.89453125,0.00070953369140625,0.002716064453125,0.0008697509765625,0.001068115234375,0.0010528564453125,0.0030364990234375,0.0018157958984375,0.00099945068359375,0.001434326171875,0.01092529296875,0.0027618408203125,0.0010833740234375,0.00081634521484375,0.000896453857421875,0.00823974609375,0.0021820068359375,0.002899169921875,0.03173828125,0.01275634765625,0.01446533203125
step_415_q_0,7.82012939453125e-05,0.04296875,0.0008392333984375,0.006591796875,0.00090789794921875,0.00151824951171875,0.001953125,0.004974365234375,0.0025787353515625,0.000396728515625,0.0098876953125,0.01904296875,0.003753662109375,0.04296875,0.02099609375,0.053466796875,0.053466796875,0.10009765625,0.2255859375,0.19921875,0.08837890625,0.12060546875
step_416_q_0,0.0004119873046875,0.5625,0.005889892578125,0.0145263671875,0.006072998046875,0.010009765625,0.0120849609375,0.01409912109375,0.01031494140625,0.0037384033203125,0.0255126953125,0.017578125,0.0113525390625,0.04931640625,0.0128173828125,0.053955078125,0.040771484375,0.03271484375,0.023193359375,0.035888671875,0.01324462890625,0.04345703125
step_417_q_0,0.00011444091796875,0.9296875,0.0002918243408203125,0.0030517578125,0.0012359619140625,0.0009307861328125,0.0026092529296875,0.00144195556640625,0.0019683837890625,0.000701904296875,0.001739501953125,0.005889892578125,0.00112152099609375,0.00168609619140625,0.00127410888671875,0.002685546875,0.001739501953125,0.0023040771484375,0.0034637451171875,0.00518798828125,0.019287109375,0.012451171875
step_418_q_0,0.00017833709716796875,0.9453125,0.00146484375,0.00171661376953125,0.0007171630859375,0.0003032684326171875,0.000492095947265625,0.0016632080078125,0.00069427490234375,0.000652313232421875,0.0012969970703125,0.0079345703125,0.004241943359375,0.00138092041015625,0.000888824462890625,0.0011444091796875,0.00250244140625,0.0012969970703125,0.00103759765625,0.006591796875,0.00482177734375,0.0126953125
step_419_q_0,6.723403930664062e-05,0.40625,0.0002803802490234375,0.0001983642578125,0.000102996826171875,4.00543212890625e-05,3.075599670410156e-05,0.000202178955078125,0.000728607177734375,0.000568389892578125,0.0019073486328125,0.00061798095703125,0.000568389892578125,0.002197265625,0.0084228515625,0.0101318359375,0.017333984375,0.006561279296875,0.0703125,0.0849609375,0.357421875,0.0303955078125
step_420_q_0,4.863739013671875e-05,0.1611328125,2.5510787963867188e-05,0.001739501953125,0.0020294189453125,0.00238037109375,0.007568359375,0.006256103515625,0.0027008056640625,0.0006103515625,0.0032501220703125,0.000621795654296875,0.000274658203125,0.0093994140625,0.05078125,0.076171875,0.040771484375,0.061279296875,0.36328125,0.0478515625,0.0263671875,0.1337890625
step_421_q_0,0.00078582763671875,0.41796875,0.00174713134765625,0.00787353515625,0.003509521484375,0.00180816650390625,0.004486083984375,0.006561279296875,0.003875732421875,0.005859375,0.007293701171875,0.0037078857421875,0.005126953125,0.0162353515625,0.1162109375,0.03271484375,0.034423828125,0.033203125,0.046875,0.058349609375,0.06396484375,0.1279296875
step_422_q_0,7.009506225585938e-05,0.2421875,0.000293731689453125,0.00077056884765625,0.000537872314453125,0.0001811981201171875,0.000591278076171875,0.0020904541015625,0.000335693359375,9.298324584960938e-05,0.000637054443359375,0.0004444122314453125,0.0002994537353515625,0.000537872314453125,0.000957489013671875,0.007080078125,0.0033416748046875,0.0021209716796875,0.000518798828125,0.000759124755859375,0.037109375,0.69921875
step_423_q_0,0.00052642822265625,0.466796875,0.001708984375,0.00135040283203125,0.000782012939453125,0.00061798095703125,0.002532958984375,0.002655029296875,0.001708984375,0.004425048828125,0.0020294189453125,0.0025634765625,0.00176239013671875,0.005340576171875,0.0198974609375,0.0159912109375,0.008056640625,0.046142578125,0.107421875,0.142578125,0.0673828125,0.09765625
step_424_q_0,3.0159950256347656e-05,0.263671875,0.000274658203125,6.246566772460938e-05,2.5987625122070312e-05,0.00015544891357421875,0.0001220703125,0.000400543212890625,0.000732421875,0.0004444122314453125,0.0001049041748046875,0.0012664794921875,0.003173828125,0.00323486328125,0.0017547607421875,0.01202392578125,0.0068359375,0.07568359375,0.212890625,0.2333984375,0.09130859375,0.09130859375
step_425_q_0,0.0002155303955078125,0.439453125,0.000408172607421875,0.0002593994140625,7.772445678710938e-05,0.000152587890625,0.0002899169921875,0.00162506103515625,0.0007781982421875,0.0016326904296875,0.0011444091796875,0.001953125,0.0013275146484375,0.006988525390625,0.0181884765625,0.0299072265625,0.07421875,0.09228515625,0.08154296875,0.05078125,0.171875,0.0247802734375
step_426_q_0,0.00095367431640625,0.50390625,0.0008087158203125,0.0014801025390625,0.0021514892578125,0.00093841552734375,0.000759124755859375,0.0027618408203125,0.00201416015625,0.00164794921875,0.0012969970703125,0.004486083984375,0.002899169921875,0.005767822265625,0.00946044921875,0.0220947265625,0.0220947265625,0.0341796875,0.0274658203125,0.123046875,0.1083984375,0.123046875
step_427_q_0,0.00020313262939453125,0.96875,0.000560760498046875,0.00136566162109375,0.000431060791015625,0.00061798095703125,0.00015354156494140625,0.0002651214599609375,0.000827789306640625,0.007171630859375,0.00145721435546875,0.00128173828125,0.0003681182861328125,0.003387451171875,0.00049591064453125,0.002716064453125,0.00075531005859375,0.00128173828125,0.003082275390625,0.00159454345703125,0.0017547607421875,0.0023956298828125
step_428_q_0,0.00013828277587890625,0.828125,0.000812530517578125,0.005767822265625,0.005767822265625,0.0008697509765625,0.000415802001953125,0.000720977783203125,0.0016021728515625,0.000896453857421875,0.0125732421875,0.007293701171875,0.0228271484375,0.01953125,0.009521484375,0.020751953125,0.0089111328125,0.0019683837890625,0.011474609375,0.0213623046875,0.007049560546875,0.01025390625
step_429_q_0,6.771087646484375e-05,0.9921875,9.822845458984375e-05,0.00017261505126953125,0.00010967254638671875,4.935264587402344e-05,0.000484466552734375,8.96453857421875e-05,0.0002288818359375,0.00148773193359375,0.00191497802734375,0.0009918212890625,0.00042724609375,0.000514984130859375,1.2040138244628906e-05,6.341934204101562e-05,5.030632019042969e-05,3.8623809814453125e-05,0.00023555755615234375,0.000705718994140625,0.0005645751953125,0.00010967254638671875
step_430_q_0,0.00052642822265625,0.921875,0.000560760498046875,0.00063323974609375,0.00019073486328125,6.031990051269531e-05,0.00021266937255859375,5.984306335449219e-05,0.00019359588623046875,0.0026702880859375,0.0037689208984375,0.00125885009765625,0.00311279296875,0.0032196044921875,0.007476806640625,0.000865936279296875,0.0005340576171875,0.0014495849609375,0.005157470703125,0.004119873046875,0.0245361328125,0.0185546875
step_431_q_0,0.0002307891845703125,0.4921875,0.00061798095703125,0.00311279296875,0.003692626953125,0.0025787353515625,0.0016937255859375,0.00213623046875,0.00628662109375,0.00225830078125,0.00860595703125,0.003997802734375,0.004608154296875,0.01904296875,0.02685546875,0.0390625,0.056884765625,0.048583984375,0.099609375,0.1318359375,0.028564453125,0.0179443359375
step_432_q_0,0.0031280517578125,0.01251220703125,0.294921875,0.022705078125,0.00531005859375,0.00946044921875,0.00174713134765625,0.0213623046875,0.036376953125,0.000530242919921875,0.259765625,0.003326416015625,0.0025482177734375,0.244140625,0.0206298828125,0.0107421875,0.006591796875,0.01611328125,0.006927490234375,0.00482177734375,0.004058837890625,0.0038299560546875,0.0091552734375
step_433_q_0,0.000835418701171875,0.000461578369140625,0.0003376007080078125,0.00086212158203125,0.000492095947265625,0.00055694580078125,0.00069427490234375,0.000492095947265625,0.0028228759765625,0.0009765625,0.0020751953125,0.002349853515625,0.0030059814453125,0.00872802734375,0.01348876953125,0.034423828125,0.047119140625,0.11279296875,0.154296875,0.39453125,0.064453125,0.034423828125,0.1201171875
step_434_q_0,0.0004215240478515625,0.388671875,0.0233154296875,0.0264892578125,0.021240234375,0.0206298828125,0.02001953125,0.008056640625,0.025634765625,0.02001953125,0.0281982421875,0.029052734375,0.05419921875,0.0308837890625,0.00860595703125,0.03515625,0.03857421875,0.025634765625,0.0166015625,0.0233154296875,0.03515625,0.03857421875,0.08154296875
step_435_q_0,0.00107574462890625,0.3671875,0.016845703125,0.015869140625,0.0107421875,0.00506591796875,0.0037689208984375,0.005401611328125,0.0166015625,0.0087890625,0.045166015625,0.01611328125,0.01422119140625,0.244140625,0.04248046875,0.08447265625,0.0296630859375,0.0137939453125,0.0177001953125,0.0050048828125,0.01092529296875,0.00946044921875,0.01513671875
step_436_q_0,0.0015411376953125,0.59765625,0.007537841796875,0.02392578125,0.00897216796875,0.005523681640625,0.007080078125,0.01806640625,0.01324462890625,0.01080322265625,0.0111083984375,0.01165771484375,0.005096435546875,0.01519775390625,0.049072265625,0.0050048828125,0.07373046875,0.0069580078125,0.0162353515625,0.0205078125,0.02392578125,0.007415771484375,0.059326171875
step_437_q_0,0.00083160400390625,0.54296875,0.0084228515625,0.03125,0.0159912109375,0.0169677734375,0.00653076171875,0.00909423828125,0.01177978515625,0.00170135498046875,0.019287109375,0.0009918212890625,0.0084228515625,0.01953125,0.00927734375,0.0169677734375,0.058349609375,0.0164794921875,0.01361083984375,0.02880859375,0.0079345703125,0.0198974609375,0.1337890625
step_438_q_0,0.00011301040649414062,0.3671875,0.0007781982421875,0.0027923583984375,0.0035858154296875,0.0015716552734375,0.000865936279296875,0.0024261474609375,0.00147247314453125,0.0004634857177734375,0.001129150390625,0.000255584716796875,0.00167083740234375,0.0020751953125,0.01214599609375,0.00860595703125,0.009765625,0.0137939453125,0.061767578125,0.208984375,0.0986328125,0.1845703125,0.01708984375
step_439_q_0,0.0003070831298828125,0.119140625,0.01055908203125,0.0137939453125,0.00811767578125,0.024169921875,0.004608154296875,0.0166015625,0.0137939453125,0.0213623046875,0.03515625,0.005828857421875,0.08447265625,0.018798828125,0.024169921875,0.0194091796875,0.030029296875,0.032958984375,0.030029296875,0.024169921875,0.126953125,0.1787109375,0.1572265625
step_440_q_0,0.0028533935546875,0.1767578125,0.019775390625,0.02978515625,0.00604248046875,0.01202392578125,0.0031280517578125,0.01806640625,0.047607421875,0.0033416748046875,0.1611328125,0.00390625,0.0537109375,0.09423828125,0.044677734375,0.06689453125,0.1767578125,0.01446533203125,0.01495361328125,0.0031280517578125,0.00372314453125,0.024658203125,0.0191650390625
step_441_q_0,0.0001773834228515625,0.97265625,0.0003871917724609375,0.0010528564453125,0.00112152099609375,0.0030059814453125,0.002197265625,0.00112152099609375,0.004241943359375,2.9325485229492188e-05,0.0052490234375,0.000217437744140625,1.1861324310302734e-05,0.0002346038818359375,0.000301361083984375,0.0004062652587890625,0.0009002685546875,0.000522613525390625,0.0015106201171875,0.0027313232421875,0.0002346038818359375,0.00019168853759765625,0.0018768310546875
step_442_q_0,0.000553131103515625,0.859375,0.01385498046875,0.00165557861328125,0.0021209716796875,0.000446319580078125,0.0004596710205078125,0.0029144287109375,0.0036163330078125,0.000885009765625,0.00384521484375,0.000885009765625,0.0008087158203125,0.01226806640625,0.000370025634765625,0.000690460205078125,0.003509521484375,0.0018157958984375,0.00121307373046875,0.01080322265625,0.00616455078125,0.01080322265625,0.062255859375
step_443_q_0,0.0003261566162109375,0.357421875,0.004364013671875,0.0025177001953125,0.00167083740234375,0.0012664794921875,0.00022029876708984375,0.000751495361328125,0.00909423828125,0.013427734375,0.0201416015625,0.017822265625,0.007781982421875,0.046875,0.0220947265625,0.058349609375,0.01324462890625,0.0084228515625,0.0849609375,0.1396484375,0.058349609375,0.07275390625,0.058349609375
step_444_q_0,0.001617431640625,0.28515625,0.0137939453125,0.03515625,0.02001953125,0.0146484375,0.004608154296875,0.00860595703125,0.0281982421875,0.004608154296875,0.046630859375,0.007598876953125,0.0206298828125,0.115234375,0.08154296875,0.08984375,0.08984375,0.030029296875,0.04248046875,0.01214599609375,0.0038299560546875,0.0047607421875,0.03857421875
step_445_q_0,0.001190185546875,0.765625,0.0068359375,0.01470947265625,0.00567626953125,0.005584716796875,0.00173187255859375,0.0026702880859375,0.01025390625,0.0028533935546875,0.0137939453125,0.0028076171875,0.0047607421875,0.01470947265625,0.06884765625,0.043212890625,0.00836181640625,0.005584716796875,0.00537109375,0.00323486328125,0.00604248046875,0.00341796875,0.0020904541015625
step_446_q_0,1.3828277587890625e-05,0.061767578125,0.00012493133544921875,0.0003185272216796875,0.000518798828125,0.0004558563232421875,0.00023365020751953125,0.00080108642578125,0.0008544921875,1.3470649719238281e-05,0.0010986328125,0.00016498565673828125,3.0994415283203125e-05,0.00058746337890625,0.00015544891357421875,0.00131988525390625,0.002716064453125,0.00421142578125,0.00506591796875,0.00836181640625,0.000644683837890625,0.0035858154296875,0.90625
step_447_q_0,0.0010833740234375,0.5703125,0.0028076171875,0.015625,0.0228271484375,0.01336669921875,0.005767822265625,0.0189208984375,0.0283203125,0.0026397705078125,0.0166015625,0.0101318359375,0.00152587890625,0.01336669921875,0.038818359375,0.0546875,0.0234375,0.041259765625,0.0322265625,0.0498046875,0.01220703125,0.006744384765625,0.0189208984375
step_448_q_0,2.6702880859375e-05,0.6484375,0.000598907470703125,0.0027923583984375,0.00156402587890625,0.00138092041015625,0.00092315673828125,0.00958251953125,0.0078125,0.00048828125,0.06494140625,0.0023651123046875,0.0037841796875,0.0712890625,0.06103515625,0.046875,0.020751953125,0.016845703125,0.010986328125,0.0030517578125,0.0015411376953125,0.00186920166015625,0.0218505859375
step_449_q_0,1.3232231140136719e-05,0.291015625,0.000278472900390625,0.0012359619140625,0.0011138916015625,0.00122833251953125,0.000522613525390625,0.000728607177734375,0.000705718994140625,0.000827789306640625,0.00077056884765625,0.0038909912109375,0.0020599365234375,0.01165771484375,0.035888671875,0.049072265625,0.050537109375,0.291015625,0.09765625,0.10693359375,0.0101318359375,0.03369140625,0.009521484375
step_450_q_0,0.0004596710205078125,0.81640625,0.0004253387451171875,0.00457763671875,0.002410888671875,0.0021209716796875,0.00098419189453125,0.0035552978515625,0.00518798828125,0.0010986328125,0.004302978515625,0.0028533935546875,0.0025177001953125,0.004852294921875,0.024658203125,0.019287109375,0.0050048828125,0.0050048828125,0.00909423828125,0.01409912109375,0.0279541015625,0.03271484375,0.00909423828125
step_451_q_0,7.724761962890625e-05,0.08984375,0.00180816650390625,0.00421142578125,0.006500244140625,0.006317138671875,0.00186920166015625,0.01336669921875,0.006500244140625,0.0003452301025390625,0.061767578125,0.0283203125,0.00860595703125,0.123046875,0.05126953125,0.03759765625,0.08984375,0.020751953125,0.0257568359375,0.048095703125,0.2158203125,0.0791015625,0.0791015625
step_452_q_0,0.00165557861328125,0.76171875,0.00592041015625,0.004119873046875,0.003631591796875,0.00311279296875,0.005279541015625,0.029541015625,0.005828857421875,0.0009765625,0.01171875,0.009033203125,0.0045166015625,0.01171875,0.0108642578125,0.0179443359375,0.0390625,0.0245361328125,0.01611328125,0.01007080078125,0.00927734375,0.010498046875,0.00311279296875
step_453_q_0,4.601478576660156e-05,0.9765625,0.00010728836059570312,0.00023174285888671875,0.00020313262939453125,0.00030517578125,0.00164031982421875,0.0030670166015625,0.00078582763671875,0.00018978118896484375,0.000751495361328125,0.0004405975341796875,0.0003108978271484375,0.0004482269287109375,0.00151824951171875,0.00177001953125,0.000934600830078125,0.0015411376953125,0.00171661376953125,0.00106048583984375,0.002105712890625,0.0012359619140625,0.001617431640625
step_454_q_0,0.0098876953125,0.671875,0.00439453125,0.002838134765625,0.004119873046875,0.00194549560546875,0.004241943359375,0.0260009765625,0.0108642578125,0.003204345703125,0.005279541015625,0.01531982421875,0.007232666015625,0.010498046875,0.00311279296875,0.0184326171875,0.0303955078125,0.0223388671875,0.006591796875,0.016357421875,0.01483154296875,0.01348876953125,0.0966796875
step_455_q_0,0.00017070770263671875,0.5234375,0.000347137451171875,0.00171661376953125,0.0012054443359375,0.00133514404296875,0.00067138671875,0.00104522705078125,0.002655029296875,0.002044677734375,0.005035400390625,0.0014495849609375,0.00445556640625,0.0196533203125,0.033447265625,0.04150390625,0.01348876953125,0.0108642578125,0.01483154296875,0.087890625,0.11328125,0.0908203125,0.028564453125
step_456_q_0,0.00015926361083984375,0.341796875,0.000530242919921875,0.007781982421875,0.00970458984375,0.00885009765625,0.0247802734375,0.1826171875,0.023193359375,0.0064697265625,0.0186767578125,0.0218505859375,0.0145263671875,0.028076171875,0.04931640625,0.0556640625,0.038330078125,0.07177734375,0.04931640625,0.008544921875,0.005889892578125,0.007781982421875,0.0247802734375
step_457_q_0,0.000598907470703125,0.671875,0.0037384033203125,0.009033203125,0.007171630859375,0.004852294921875,0.010009765625,0.0152587890625,0.01434326171875,0.0032958984375,0.0113525390625,0.004425048828125,0.00872802734375,0.0277099609375,0.052490234375,0.042236328125,0.01153564453125,0.0277099609375,0.01416015625,0.01324462890625,0.0157470703125,0.01226806640625,0.0198974609375
step_458_q_0,0.0001049041748046875,0.048095703125,6.22868537902832e-06,0.0001678466796875,0.00066375732421875,0.000606536865234375,0.00445556640625,0.0028839111328125,0.002716064453125,1.5616416931152344e-05,0.00116729736328125,0.00019073486328125,7.915496826171875e-05,0.0002689361572265625,0.00022983551025390625,0.003265380859375,0.000827789306640625,0.01214599609375,0.005401611328125,0.00116729736328125,0.000965118408203125,0.00787353515625,0.90625
step_459_q_0,0.000213623046875,0.314453125,0.0001316070556640625,0.001708984375,0.003387451171875,0.00193023681640625,0.0250244140625,0.036376953125,0.01220703125,0.0004730224609375,0.00634765625,0.0021209716796875,0.00150299072265625,0.00653076171875,0.0250244140625,0.029296875,0.0069580078125,0.07958984375,0.1689453125,0.0250244140625,0.0703125,0.07958984375,0.10205078125
step_460_q_0,8.7738037109375e-05,0.734375,0.0002880096435546875,0.0018463134765625,0.000347137451171875,0.000732421875,0.0025634765625,0.00653076171875,0.0025634765625,0.000885009765625,0.01385498046875,0.00494384765625,0.00384521484375,0.027587890625,0.020751953125,0.0400390625,0.029296875,0.0341796875,0.0162353515625,0.0101318359375,0.0189208984375,0.0084228515625,0.0228271484375
step_461_q_0,0.0004596710205078125,0.484375,0.00021266937255859375,0.0007171630859375,0.000949859619140625,0.000560760498046875,0.0035247802734375,0.005279541015625,0.003814697265625,0.000926971435546875,0.002349853515625,0.0024261474609375,0.00445556640625,0.0076904296875,0.0225830078125,0.02734375,0.017578125,0.07421875,0.051025390625,0.041015625,0.0634765625,0.111328125,0.07421875
step_462_q_0,0.002288818359375,0.8125,0.0014495849609375,0.0033721923828125,0.001617431640625,0.00131988525390625,0.00848388671875,0.0269775390625,0.00506591796875,0.00116729736328125,0.0035400390625,0.007720947265625,0.0027618408203125,0.00421142578125,0.003173828125,0.005157470703125,0.01275634765625,0.0087890625,0.005645751953125,0.00933837890625,0.025390625,0.016357421875,0.0296630859375
step_463_q_0,0.0001220703125,0.046142578125,0.000736236572265625,0.006256103515625,0.002532958984375,0.0026092529296875,0.003448486328125,0.017578125,0.00665283203125,0.002685546875,0.017578125,0.034912109375,0.007293701171875,0.059326171875,0.05224609375,0.049072265625,0.10400390625,0.049072265625,0.10400390625,0.07177734375,0.1259765625,0.11083984375,0.1259765625
step_464_q_0,0.000518798828125,0.32421875,0.001953125,0.006317138671875,0.0022125244140625,0.0047607421875,0.02197265625,0.049560546875,0.006317138671875,0.000896453857421875,0.00811767578125,0.0146484375,0.01007080078125,0.036376953125,0.018310546875,0.061767578125,0.072265625,0.130859375,0.06396484375,0.046630859375,0.05126953125,0.049560546875,0.018310546875
step_465_q_0,0.000133514404296875,0.8828125,0.00128173828125,0.00762939453125,0.0028076171875,0.002716064453125,0.01336669921875,0.01220703125,0.003387451171875,0.0025482177734375,0.00408935546875,0.005584716796875,0.0028076171875,0.005401611328125,0.003387451171875,0.006134033203125,0.00787353515625,0.0107421875,0.00762939453125,0.0023193359375,0.00408935546875,0.00372314453125,0.00836181640625
step_466_q_0,4.57763671875e-05,0.90625,0.002471923828125,0.0031585693359375,0.001800537109375,0.00106048583984375,0.0030670166015625,0.0078125,0.00433349609375,0.00164031982421875,0.00433349609375,0.00506591796875,0.002471923828125,0.00506591796875,0.0022430419921875,0.01007080078125,0.01068115234375,0.00628662109375,0.00347900390625,0.0021820068359375,0.000774383544921875,0.0025482177734375,0.01373291015625
step_467_q_0,9.059906005859375e-05,0.33203125,0.0002803802490234375,0.00089263916015625,0.000335693359375,0.000652313232421875,0.0003566741943359375,0.000812530517578125,0.001220703125,0.002166748046875,0.007354736328125,0.00109100341796875,0.0027008056640625,0.0281982421875,0.08154296875,0.04638671875,0.04931640625,0.037353515625,0.111328125,0.111328125,0.09814453125,0.07421875,0.01171875
step_468_q_0,0.00012493133544921875,0.50390625,0.0002079010009765625,0.004638671875,0.007415771484375,0.006744384765625,0.0107421875,0.01220703125,0.0107421875,0.00116729736328125,0.01953125,0.004364013671875,0.00372314453125,0.05126953125,0.0546875,0.0771484375,0.036376953125,0.0546875,0.035400390625,0.00921630859375,0.0052490234375,0.0167236328125,0.07470703125
step_469_q_0,0.000621795654296875,0.5625,0.00165557861328125,0.0128173828125,0.005157470703125,0.0019683837890625,0.00408935546875,0.004852294921875,0.00494384765625,0.006683349609375,0.01092529296875,0.002685546875,0.00494384765625,0.01318359375,0.1337890625,0.0211181640625,0.0145263671875,0.0169677734375,0.020751953125,0.03173828125,0.051513671875,0.05224609375,0.021728515625
step_470_q_0,5.4836273193359375e-05,0.138671875,0.000263214111328125,0.000484466552734375,0.001007080078125,0.000850677490234375,0.003814697265625,0.00555419921875,0.000850677490234375,5.555152893066406e-05,0.002166748046875,0.0003719329833984375,0.000499725341796875,0.0024566650390625,0.00069427490234375,0.0233154296875,0.010009765625,0.0240478515625,0.00335693359375,0.0004482269287109375,0.003570556640625,0.07421875,0.703125
step_471_q_0,0.000400543212890625,0.369140625,0.000888824462890625,0.0029144287109375,0.00112152099609375,0.00133514404296875,0.0130615234375,0.01116943359375,0.00213623046875,0.0037384033203125,0.002166748046875,0.00182342529296875,0.0015106201171875,0.00616455078125,0.0244140625,0.013427734375,0.00677490234375,0.054931640625,0.140625,0.12353515625,0.046875,0.1279296875,0.044189453125
step_472_q_0,4.744529724121094e-05,0.63671875,0.00131988525390625,0.000522613525390625,0.0002536773681640625,0.00095367431640625,0.00058746337890625,0.00093841552734375,0.00113677978515625,0.001129150390625,0.000835418701171875,0.0010986328125,0.00689697265625,0.03759765625,0.0108642578125,0.05810546875,0.01336669921875,0.0712890625,0.0250244140625,0.015625,0.015625,0.0693359375,0.0322265625
step_473_q_0,7.43865966796875e-05,0.49609375,0.0002803802490234375,0.00016307830810546875,6.723403930664062e-05,0.0002193450927734375,0.00021076202392578125,0.00112152099609375,0.000362396240234375,0.0016021728515625,0.00164031982421875,0.0023651123046875,0.001678466796875,0.00469970703125,0.017822265625,0.02392578125,0.05078125,0.11083984375,0.06298828125,0.024658203125,0.06298828125,0.1005859375,0.034912109375
step_474_q_0,0.00010347366333007812,0.30859375,0.000720977783203125,0.00115203857421875,0.0028533935546875,0.0006256103515625,0.000911712646484375,0.0017852783203125,0.0029449462890625,0.000896453857421875,0.00180816650390625,0.0022125244140625,0.0023651123046875,0.01025390625,0.006622314453125,0.0380859375,0.0245361328125,0.03369140625,0.019775390625,0.03466796875,0.03466796875,0.09716796875,0.373046875
step_475_q_0,0.00010776519775390625,0.9375,0.0007171630859375,0.006927490234375,0.0012054443359375,0.0023956298828125,0.00022602081298828125,0.000606536865234375,0.00075531005859375,0.00811767578125,0.0006256103515625,0.002471923828125,0.0004291534423828125,0.004058837890625,0.0010986328125,0.001922607421875,0.00555419921875,0.0057373046875,0.0057373046875,0.001922607421875,0.00140380859375,0.00099945068359375,0.0107421875
step_476_q_0,0.000255584716796875,0.8515625,0.000644683837890625,0.004119873046875,0.002288818359375,0.00167083740234375,0.000446319580078125,0.00102996826171875,0.00099945068359375,0.000335693359375,0.01214599609375,0.0047607421875,0.01177978515625,0.0103759765625,0.005401611328125,0.0089111328125,0.01611328125,0.005645751953125,0.018798828125,0.0166015625,0.0037078857421875,0.0089111328125,0.01373291015625
step_477_q_0,5.21540641784668e-06,0.984375,0.000213623046875,0.000171661376953125,6.914138793945312e-05,5.817413330078125e-05,0.0002651214599609375,5.221366882324219e-05,0.000171661376953125,0.00750732421875,0.0023651123046875,0.00018787384033203125,0.0002651214599609375,0.0021514892578125,5.555152893066406e-05,0.0002651214599609375,0.0002574920654296875,0.000213623046875,0.000843048095703125,0.00010061264038085938,7.581710815429688e-05,1.3232231140136719e-05,0.000560760498046875
step_478_q_0,0.000213623046875,0.953125,0.0002269744873046875,0.0002651214599609375,0.0001239776611328125,9.632110595703125e-05,0.000278472900390625,6.67572021484375e-05,0.00021648406982421875,0.00189971923828125,0.00390625,0.0019683837890625,0.001678466796875,0.002227783203125,0.007537841796875,0.001190185546875,0.000926971435546875,0.00130462646484375,0.0040283203125,0.0027618408203125,0.00823974609375,0.004425048828125,0.00135040283203125
step_479_q_0,1.8596649169921875e-05,0.4375,0.0001068115234375,0.0003223419189453125,0.00058746337890625,0.0003662109375,0.0002231597900390625,0.000431060791015625,0.002288818359375,0.00075531005859375,0.004150390625,0.000545501708984375,0.000896453857421875,0.025390625,0.01025390625,0.076171875,0.015869140625,0.025390625,0.035888671875,0.01495361328125,0.0030364990234375,0.005157470703125,0.33984375
step_480_q_0,5.736947059631348e-07,5.7220458984375e-06,0.00011444091796875,0.00023555755615234375,0.453125,6.151199340820312e-05,1.811981201171875e-05,0.00135040283203125,0.00021457672119140625,8.614733815193176e-08,6.341934204101562e-05,1.4528632164001465e-06,0.0001220703125,7.390975952148438e-05,0.00024318695068359375,0.00153350830078125,0.006866455078125,1.2695789337158203e-05,3.719329833984375e-05,0.05419921875,2.193450927734375e-05,1.5735626220703125e-05,0.482421875,5.27501106262207e-06
step_481_q_0,0.00156402587890625,0.000591278076171875,0.00118255615234375,0.002655029296875,0.00110626220703125,0.0016632080078125,0.00138092041015625,0.00133514404296875,0.006378173828125,0.0028228759765625,0.00677490234375,0.0033111572265625,0.004669189453125,0.0098876953125,0.017333984375,0.0303955078125,0.0390625,0.044189453125,0.068359375,0.154296875,0.08251953125,0.07763671875,0.326171875,0.11328125
step_482_q_0,0.0003643035888671875,0.287109375,0.0294189453125,0.0322265625,0.02587890625,0.0184326171875,0.0189208984375,0.00982666015625,0.035400390625,0.0235595703125,0.04150390625,0.0322265625,0.06591796875,0.038818359375,0.00921630859375,0.038818359375,0.038818359375,0.0294189453125,0.0142822265625,0.0184326171875,0.0400390625,0.044189453125,0.087890625,0.0189208984375
step_483_q_0,0.000827789306640625,0.248046875,0.0107421875,0.0115966796875,0.00811767578125,0.003875732421875,0.00311279296875,0.00433349609375,0.0216064453125,0.00848388671875,0.04052734375,0.015625,0.015869140625,0.2890625,0.041748046875,0.11328125,0.039306640625,0.0181884765625,0.019775390625,0.0057373046875,0.01611328125,0.014892578125,0.03564453125,0.012939453125
step_484_q_0,0.0005950927734375,0.6328125,0.005157470703125,0.01446533203125,0.01129150390625,0.006927490234375,0.004608154296875,0.015869140625,0.01239013671875,0.004913330078125,0.00811767578125,0.0054931640625,0.0047607421875,0.01043701171875,0.04443359375,0.0062255859375,0.05908203125,0.0087890625,0.01239013671875,0.0203857421875,0.0179443359375,0.01177978515625,0.048828125,0.0306396484375
step_485_q_0,0.0013885498046875,0.625,0.002777099609375,0.021484375,0.0111083984375,0.0191650390625,0.0142822265625,0.01239013671875,0.01239013671875,0.00125885009765625,0.011474609375,0.000823974609375,0.0036773681640625,0.00860595703125,0.0091552734375,0.0103759765625,0.03125,0.0103759765625,0.0142822265625,0.0128173828125,0.0025482177734375,0.0034637451171875,0.03076171875,0.126953125
step_486_q_0,1.4483928680419922e-05,0.328125,0.0001068115234375,0.00098419189453125,0.00124359130859375,0.000652313232421875,0.00074005126953125,0.00142669677734375,0.0006866455078125,0.00020599365234375,0.0003185272216796875,0.0004863739013671875,0.0003337860107421875,0.000415802001953125,0.0115966796875,0.004547119140625,0.004119873046875,0.0126953125,0.12060546875,0.37109375,0.04736328125,0.07080078125,0.0179443359375,0.00250244140625
step_487_q_0,0.0003910064697265625,0.11376953125,0.00225830078125,0.00823974609375,0.00604248046875,0.023193359375,0.0031280517578125,0.01446533203125,0.01092529296875,0.003387451171875,0.0169677734375,0.0025634765625,0.0185546875,0.006439208984375,0.0262451171875,0.01495361328125,0.035888671875,0.0306396484375,0.0169677734375,0.02880859375,0.125,0.12890625,0.30078125,0.06103515625
step_488_q_0,0.000972747802734375,0.359375,0.00848388671875,0.016357421875,0.007232666015625,0.0179443359375,0.003997802734375,0.01483154296875,0.041748046875,0.003631591796875,0.1328125,0.00341796875,0.0157470703125,0.029541015625,0.04443359375,0.053466796875,0.11669921875,0.023681640625,0.0223388671875,0.01104736328125,0.006683349609375,0.023681640625,0.036865234375,0.005279541015625
step_489_q_0,0.000152587890625,0.98046875,0.00016021728515625,0.00016021728515625,0.00025177001953125,0.00092315673828125,0.0024261474609375,0.002349853515625,0.00250244140625,0.00013256072998046875,0.001953125,9.441375732421875e-05,1.8715858459472656e-05,0.0002155303955078125,0.00022602081298828125,0.000240325927734375,0.00052642822265625,0.0008392333984375,0.00098419189453125,0.0021514892578125,0.0004100799560546875,0.000141143798828125,0.00147247314453125,0.00092315673828125
step_490_q_0,0.0001659393310546875,0.92578125,0.0017852783203125,0.00095367431640625,0.000560760498046875,0.00028228759765625,0.0001659393310546875,0.0012664794921875,0.000843048095703125,0.00061798095703125,0.00048065185546875,0.00023365020751953125,0.0002574920654296875,0.000843048095703125,0.00037384033203125,0.0004520416259765625,0.001190185546875,0.0014801025390625,0.00130462646484375,0.0054931640625,0.003326416015625,0.0037841796875,0.01165771484375,0.0380859375
step_491_q_0,2.6702880859375e-05,0.73046875,0.00140380859375,0.00078582763671875,0.0004177093505859375,0.00031280517578125,2.2530555725097656e-05,6.771087646484375e-05,0.0004444122314453125,0.00421142578125,0.004364013671875,0.01220703125,0.00360107421875,0.01953125,0.004486083984375,0.0167236328125,0.0142822265625,0.0089111328125,0.0235595703125,0.01953125,0.01165771484375,0.033203125,0.05126953125,0.03759765625
step_492_q_0,0.000553131103515625,0.50390625,0.000881195068359375,0.005767822265625,0.00787353515625,0.006744384765625,0.00653076171875,0.0101318359375,0.0172119140625,0.001434326171875,0.011474609375,0.00372314453125,0.0038299560546875,0.01300048828125,0.0498046875,0.04541015625,0.056396484375,0.0498046875,0.07958984375,0.0242919921875,0.007171630859375,0.0111083984375,0.06201171875,0.0234375
step_493_q_0,0.00058746337890625,0.671875,0.00244140625,0.0098876953125,0.004547119140625,0.002532958984375,0.000873565673828125,0.000743865966796875,0.00482177734375,0.0032501220703125,0.004486083984375,0.0014801025390625,0.0078125,0.0181884765625,0.08251953125,0.056884765625,0.00927734375,0.01116943359375,0.0084228515625,0.0159912109375,0.01708984375,0.0303955078125,0.0198974609375,0.0162353515625
step_494_q_0,2.5510787963867188e-05,0.06103515625,5.1021575927734375e-05,0.00017642974853515625,0.000385284423828125,0.0004119873046875,0.0004520416259765625,0.0002689361572265625,0.000385284423828125,1.0609626770019531e-05,0.000720977783203125,0.000598907470703125,1.3530254364013672e-05,0.00020694732666015625,7.724761962890625e-05,0.000171661376953125,0.000843048095703125,0.001434326171875,0.005157470703125,0.00750732421875,0.00023746490478515625,0.00019073486328125,0.023193359375,0.8984375
step_495_q_0,0.000476837158203125,0.78515625,0.000621795654296875,0.00482177734375,0.00677490234375,0.004669189453125,0.005279541015625,0.0184326171875,0.01531982421875,0.000934600830078125,0.0084228515625,0.006195068359375,0.000682830810546875,0.004669189453125,0.0130615234375,0.0084228515625,0.00677490234375,0.01483154296875,0.0244140625,0.0277099609375,0.00958251953125,0.00872802734375,0.0196533203125,0.004974365234375
step_496_q_0,2.765655517578125e-05,0.7109375,0.0004825592041015625,0.002685546875,0.0015106201171875,0.00189971923828125,0.00099945068359375,0.0032806396484375,0.004425048828125,0.00020122528076171875,0.023193359375,0.002197265625,0.000942230224609375,0.053955078125,0.03369140625,0.042724609375,0.0155029296875,0.015869140625,0.0169677734375,0.0027313232421875,0.0022125244140625,0.0013580322265625,0.0294189453125,0.0322265625
step_497_q_0,1.5616416931152344e-05,0.2119140625,4.00543212890625e-05,0.0004138946533203125,0.0003814697265625,0.00112152099609375,0.00156402587890625,0.00274658203125,0.00140380859375,0.000110626220703125,0.0012359619140625,0.0024566650390625,0.00032806396484375,0.003265380859375,0.01483154296875,0.016357421875,0.058837890625,0.39453125,0.10009765625,0.0966796875,0.01531982421875,0.0390625,0.02685546875,0.01019287109375
step_498_q_0,0.000171661376953125,0.9375,6.151199340820312e-05,0.0003795623779296875,0.000171661376953125,0.0002460479736328125,0.000675201416015625,0.00142669677734375,0.00125885009765625,0.00018215179443359375,0.0008392333984375,0.0007171630859375,0.00023651123046875,0.0004367828369140625,0.00262451171875,0.0017547607421875,0.0016937255859375,0.002471923828125,0.007598876953125,0.00787353515625,0.01007080078125,0.01007080078125,0.006500244140625,0.0067138671875
step_499_q_0,2.3365020751953125e-05,0.036865234375,0.00017547607421875,0.00055694580078125,0.00142669677734375,0.001617431640625,0.00167083740234375,0.0108642578125,0.003753662109375,8.153915405273438e-05,0.0238037109375,0.0108642578125,0.001617431640625,0.0252685546875,0.04443359375,0.0126953125,0.053466796875,0.0223388671875,0.030517578125,0.06884765625,0.328125,0.17578125,0.0732421875,0.0732421875
step_500_q_0,0.0008697509765625,0.6875,0.00128173828125,0.002593994140625,0.00225830078125,0.0030364990234375,0.0125732421875,0.056396484375,0.0107421875,0.00020885467529296875,0.0167236328125,0.006744384765625,0.002593994140625,0.00921630859375,0.015625,0.0228271484375,0.0228271484375,0.06396484375,0.0341796875,0.00921630859375,0.0042724609375,0.009521484375,0.00421142578125,0.00141143798828125
step_501_q_0,0.0001506805419921875,0.9453125,0.0002346038818359375,0.000637054443359375,0.0005035400390625,0.00086212158203125,0.0079345703125,0.00958251953125,0.0026092529296875,0.00042724609375,0.00139617919921875,0.0002803802490234375,0.0002288818359375,0.000514984130859375,0.0030517578125,0.0022735595703125,0.000919342041015625,0.005615234375,0.0059814453125,0.00164031982421875,0.002349853515625,0.00182342529296875,0.00286865234375,0.00238037109375
step_502_q_0,0.003662109375,0.7421875,0.0025177001953125,0.00193023681640625,0.001678466796875,0.00122833251953125,0.0029449462890625,0.01055908203125,0.0042724609375,0.00193023681640625,0.0031280517578125,0.0068359375,0.0026702880859375,0.0040283203125,0.00323486328125,0.00726318359375,0.021728515625,0.021728515625,0.00726318359375,0.019775390625,0.015869140625,0.015869140625,0.05712890625,0.04052734375
step_503_q_0,6.771087646484375e-05,0.43359375,0.00013828277587890625,0.00040435791015625,0.0002899169921875,0.000469207763671875,0.00023174285888671875,0.000553131103515625,0.00089263916015625,0.0003681182861328125,0.00191497802734375,0.001800537109375,0.001617431640625,0.00958251953125,0.01123046875,0.026123046875,0.0223388671875,0.0179443359375,0.0126953125,0.1650390625,0.07080078125,0.1455078125,0.053466796875,0.02294921875
step_504_q_0,0.000102996826171875,0.37109375,0.00017833709716796875,0.0024261474609375,0.004974365234375,0.005462646484375,0.0303955078125,0.1640625,0.0244140625,0.0025787353515625,0.02294921875,0.01348876953125,0.003753662109375,0.01226806640625,0.028564453125,0.044189453125,0.044189453125,0.07763671875,0.050048828125,0.0084228515625,0.006378173828125,0.00958251953125,0.056884765625,0.0162353515625
step_505_q_0,0.00055694580078125,0.74609375,0.0019378662109375,0.00408935546875,0.0034637451171875,0.00262451171875,0.01080322265625,0.0107421875,0.01104736328125,0.00244140625,0.0079345703125,0.0020904541015625,0.00439453125,0.01226806640625,0.0263671875,0.0184326171875,0.00823974609375,0.0244140625,0.0159912109375,0.0189208984375,0.0201416015625,0.0164794921875,0.0235595703125,0.006988525390625
step_506_q_0,5.626678466796875e-05,0.031005859375,2.7120113372802734e-06,2.4199485778808594e-05,8.726119995117188e-05,0.00012683868408203125,0.00174713134765625,0.000774383544921875,0.00034332275390625,8.344650268554688e-06,0.00025177001953125,9.5367431640625e-05,5.125999450683594e-05,0.00012683868408203125,6.580352783203125e-05,0.000293731689453125,0.00022220611572265625,0.00506591796875,0.00946044921875,0.000934600830078125,0.0004558563232421875,0.00080108642578125,0.04248046875,0.90625
step_507_q_0,0.0003795623779296875,0.486328125,0.000278472900390625,0.002471923828125,0.002899169921875,0.00170135498046875,0.01519775390625,0.035400390625,0.0125732421875,0.000560760498046875,0.011474609375,0.003173828125,0.00189971923828125,0.007171630859375,0.01220703125,0.0235595703125,0.00836181640625,0.0498046875,0.0703125,0.01336669921875,0.036376953125,0.056396484375,0.0927734375,0.0546875
step_508_q_0,3.790855407714844e-05,0.6484375,0.000274658203125,0.0020599365234375,0.000438690185546875,0.00083160400390625,0.0031890869140625,0.00543212890625,0.0052490234375,0.0011749267578125,0.0157470703125,0.002197265625,0.0024871826171875,0.029296875,0.056640625,0.08251953125,0.0157470703125,0.051513671875,0.01263427734375,0.0027313232421875,0.00616455078125,0.005584716796875,0.0400390625,0.0111083984375
step_509_q_0,0.00057220458984375,0.6015625,0.0002956390380859375,0.0009002685546875,0.000843048095703125,0.0005340576171875,0.00201416015625,0.004241943359375,0.0032958984375,0.001373291015625,0.002532958984375,0.0030975341796875,0.0034027099609375,0.00543212890625,0.0113525390625,0.0155029296875,0.0147705078125,0.0272216796875,0.0289306640625,0.0240478515625,0.05078125,0.07861328125,0.0654296875,0.05419921875
step_510_q_0,0.003265380859375,0.69140625,0.000843048095703125,0.004180908203125,0.00177001953125,0.0025787353515625,0.0179443359375,0.02685546875,0.006195068359375,0.000934600830078125,0.00445556640625,0.00958251953125,0.00335693359375,0.005218505859375,0.004974365234375,0.01019287109375,0.0157470703125,0.0216064453125,0.00872802734375,0.01531982421875,0.029541015625,0.0303955078125,0.048583984375,0.034423828125
step_511_q_0,0.000186920166015625,0.053466796875,0.00133514404296875,0.00701904296875,0.00213623046875,0.0033111572265625,0.006011962890625,0.028564453125,0.007232666015625,0.005645751953125,0.020263671875,0.05029296875,0.006011962890625,0.032470703125,0.033447265625,0.05029296875,0.08837890625,0.04296875,0.0830078125,0.0732421875,0.08837890625,0.1064453125,0.1279296875,0.0830078125
step_512_q_0,0.00020313262939453125,0.2119140625,0.00070953369140625,0.005157470703125,0.00189208984375,0.0035400390625,0.0537109375,0.0830078125,0.01025390625,0.00045013427734375,0.00994873046875,0.004852294921875,0.00439453125,0.04443359375,0.0269775390625,0.0830078125,0.0537109375,0.13671875,0.060791015625,0.02099609375,0.05712890625,0.05712890625,0.050537109375,0.0174560546875
step_513_q_0,0.00010013580322265625,0.890625,0.00069427490234375,0.004547119140625,0.0012969970703125,0.0017242431640625,0.011962890625,0.0115966796875,0.0017242431640625,0.0012969970703125,0.002349853515625,0.0037689208984375,0.0015716552734375,0.0032196044921875,0.0032196044921875,0.0036468505859375,0.005828857421875,0.01275634765625,0.015380859375,0.0029296875,0.004547119140625,0.00640869140625,0.005645751953125,0.001617431640625
step_514_q_0,0.00013065338134765625,0.91796875,0.00107574462890625,0.0016632080078125,0.0008392333984375,0.0011138916015625,0.005645751953125,0.005645751953125,0.00194549560546875,0.00125885009765625,0.0022125244140625,0.00274658203125,0.00118255615234375,0.00250244140625,0.001617431640625,0.007232666015625,0.005645751953125,0.005645751953125,0.00274658203125,0.00138092041015625,0.00069427490234375,0.00213623046875,0.00958251953125,0.016357421875
step_515_q_0,0.000164031982421875,0.4921875,0.000339508056640625,0.000934600830078125,0.0002918243408203125,0.000576019287109375,0.00014972686767578125,0.00034332275390625,0.000621795654296875,0.004913330078125,0.00445556640625,0.001129150390625,0.00201416015625,0.011962890625,0.033447265625,0.0245361328125,0.026123046875,0.01531982421875,0.04296875,0.08056640625,0.08056640625,0.1171875,0.05029296875,0.00927734375
step_516_q_0,0.000400543212890625,0.56640625,0.0003948211669921875,0.004608154296875,0.004608154296875,0.004241943359375,0.007354736328125,0.00860595703125,0.007354736328125,0.00188446044921875,0.01251220703125,0.0031585693359375,0.0030670166015625,0.025634765625,0.03857421875,0.0478515625,0.021240234375,0.0361328125,0.0478515625,0.01373291015625,0.00885009765625,0.02197265625,0.09521484375,0.0198974609375
step_517_q_0,0.0003509521484375,0.71875,0.0005035400390625,0.00421142578125,0.00164794921875,0.000873565673828125,0.0021514892578125,0.002044677734375,0.0029449462890625,0.0015106201171875,0.004669189453125,0.002166748046875,0.002105712890625,0.0033721923828125,0.048095703125,0.0084228515625,0.01007080078125,0.01068115234375,0.0137939453125,0.02880859375,0.05126953125,0.05908203125,0.01422119140625,0.0081787109375
step_518_q_0,0.000324249267578125,0.1875,0.000843048095703125,0.000408172607421875,0.0006561279296875,0.0006561279296875,0.005157470703125,0.00799560546875,0.0014801025390625,0.00023365020751953125,0.0025177001953125,0.0003948211669921875,0.000579833984375,0.00225830078125,0.00045013427734375,0.0068359375,0.0050048828125,0.0306396484375,0.01495361328125,0.000881195068359375,0.00469970703125,0.0224609375,0.125,0.578125
step_519_q_0,0.001922607421875,0.55078125,0.00244140625,0.00836181640625,0.0032196044921875,0.003662109375,0.0250244140625,0.024169921875,0.00592041015625,0.006317138671875,0.006927490234375,0.0021209716796875,0.0023651123046875,0.01611328125,0.0213623046875,0.0172119140625,0.00592041015625,0.04248046875,0.05126953125,0.06591796875,0.01513671875,0.04248046875,0.036376953125,0.04248046875
step_520_q_0,1.436471939086914e-05,0.546875,0.000362396240234375,0.00028228759765625,0.00010204315185546875,0.00112152099609375,0.000274658203125,0.0005340576171875,0.00107574462890625,0.000263214111328125,0.000720977783203125,0.00017547607421875,0.001007080078125,0.01324462890625,0.0113525390625,0.0361328125,0.0155029296875,0.0361328125,0.005706787109375,0.0025787353515625,0.00286865234375,0.0595703125,0.1259765625,0.138671875
step_521_q_0,0.0003261566162109375,0.3359375,0.0002918243408203125,0.00048828125,0.000225067138671875,0.000263214111328125,0.00041961669921875,0.0020294189453125,0.00116729736328125,0.00167083740234375,0.00323486328125,0.0031890869140625,0.002777099609375,0.00982666015625,0.017822265625,0.038818359375,0.06201171875,0.08203125,0.04541015625,0.0218505859375,0.0218505859375,0.042724609375,0.203125,0.1025390625
step_522_q_0,9.775161743164062e-05,0.423828125,0.00075531005859375,0.001190185546875,0.002685546875,0.000911712646484375,0.00122833251953125,0.00099945068359375,0.00173187255859375,0.00061798095703125,0.0010833740234375,0.00152587890625,0.0019683837890625,0.0140380859375,0.004150390625,0.06103515625,0.057373046875,0.06103515625,0.0128173828125,0.0140380859375,0.00775146484375,0.01544189453125,0.11376953125,0.2001953125
step_523_q_0,6.532669067382812e-05,0.94140625,0.000782012939453125,0.0142822265625,0.002197265625,0.00225830078125,0.000217437744140625,0.00128936767578125,0.000736236572265625,0.0037384033203125,0.000782012939453125,0.0032958984375,0.000782012939453125,0.0030059814453125,0.00083160400390625,0.00113677978515625,0.0081787109375,0.005279541015625,0.0020599365234375,0.00146484375,0.00064849853515625,0.000270843505859375,0.0019378662109375,0.002197265625
step_524_q_0,0.0003986358642578125,0.84375,0.00110626220703125,0.006988525390625,0.0030975341796875,0.001068115234375,0.00067901611328125,0.000957489013671875,0.000667572021484375,0.00179290771484375,0.00970458984375,0.005523681640625,0.01031494140625,0.006256103515625,0.010498046875,0.0128173828125,0.02392578125,0.0086669921875,0.0145263671875,0.013671875,0.004791259765625,0.006988525390625,0.005523681640625,0.005096435546875
step_525_q_0,0.0001239776611328125,0.97265625,0.0006103515625,0.000347137451171875,0.00016880035400390625,0.00029754638671875,0.002899169921875,0.0004062652587890625,0.00113677978515625,0.0101318359375,0.00543212890625,0.0002536773681640625,0.000370025634765625,0.0023345947265625,4.1484832763671875e-05,0.0004062652587890625,0.000667572021484375,0.000392913818359375,0.0002460479736328125,0.00018596649169921875,0.0001239776611328125,4.267692565917969e-05,0.0018768310546875,0.00021076202392578125
step_526_q_0,7.724761962890625e-05,0.96875,0.000179290771484375,0.0003795623779296875,0.00016307830810546875,5.221366882324219e-05,6.389617919921875e-05,5.7220458984375e-05,0.00015544891357421875,0.00136566162109375,0.00225830078125,0.00164794921875,0.00102996826171875,0.00093841552734375,0.00762939453125,0.000732421875,0.0007781982421875,0.0008544921875,0.0034942626953125,0.00102996826171875,0.005950927734375,0.00164794921875,0.0010986328125,0.0004100799560546875
step_527_q_0,3.5762786865234375e-05,0.419921875,0.000469207763671875,0.00125885009765625,0.00185394287109375,0.000530242919921875,0.00042724609375,0.000751495361328125,0.003875732421875,0.00140380859375,0.0084228515625,0.00133514404296875,0.00262451171875,0.028564453125,0.014404296875,0.06640625,0.01904296875,0.01904296875,0.01531982421875,0.0076904296875,0.00262451171875,0.006195068359375,0.328125,0.05029296875
step_528_q_0,1.6838312149047852e-06,1.4841556549072266e-05,0.0003147125244140625,0.00128173828125,0.37890625,7.82012939453125e-05,0.00013065338134765625,0.004913330078125,0.003173828125,2.5033950805664062e-06,0.0001068115234375,1.0356307029724121e-06,0.000606536865234375,0.00011730194091796875,0.00102996826171875,0.0067138671875,0.0213623046875,6.818771362304688e-05,8.440017700195312e-05,0.130859375,0.0001087188720703125,6.103515625e-05,0.4296875,5.304813385009766e-06,0.0213623046875
step_529_q_0,0.000774383544921875,0.0002841949462890625,0.000354766845703125,0.000823974609375,0.00066375732421875,0.00109100341796875,0.0004558563232421875,0.0003337860107421875,0.000583648681640625,0.0004024505615234375,0.00140380859375,0.0012359619140625,0.001495361328125,0.002166748046875,0.004058837890625,0.006103515625,0.0113525390625,0.01373291015625,0.01373291015625,0.029052734375,0.018798828125,0.05419921875,0.455078125,0.3125,0.06982421875
step_530_q_0,0.000335693359375,0.484375,0.0247802734375,0.0159912109375,0.01373291015625,0.01104736328125,0.01251220703125,0.003265380859375,0.0206298828125,0.0159912109375,0.0308837890625,0.0233154296875,0.029052734375,0.039794921875,0.004302978515625,0.0281982421875,0.0233154296875,0.01373291015625,0.0091552734375,0.0166015625,0.0133056640625,0.0225830078125,0.11474609375,0.0206298828125,0.00860595703125
step_531_q_0,0.00067138671875,0.357421875,0.01031494140625,0.0113525390625,0.0079345703125,0.003570556640625,0.0033416748046875,0.00396728515625,0.01434326171875,0.007781982421875,0.033203125,0.01409912109375,0.01434326171875,0.197265625,0.050048828125,0.09619140625,0.034423828125,0.01953125,0.025146484375,0.0081787109375,0.017822265625,0.01409912109375,0.034423828125,0.01434326171875,0.005279541015625
step_532_q_0,0.00083160400390625,0.70703125,0.002471923828125,0.00714111328125,0.00933837890625,0.0067138671875,0.00531005859375,0.00799560546875,0.004669189453125,0.0023193359375,0.0037078857421875,0.001983642578125,0.001739501953125,0.00726318359375,0.015625,0.007476806640625,0.048095703125,0.01177978515625,0.01275634765625,0.0213623046875,0.00946044921875,0.0037689208984375,0.024169921875,0.01275634765625,0.0654296875
step_533_q_0,0.0012664794921875,0.80078125,0.0032501220703125,0.017333984375,0.00457763671875,0.007232666015625,0.004974365234375,0.0142822265625,0.007537841796875,0.00167083740234375,0.006591796875,0.000522613525390625,0.0018310546875,0.00921630859375,0.009765625,0.00518798828125,0.029052734375,0.005584716796875,0.005645751953125,0.01214599609375,0.0042724609375,0.003997802734375,0.01214599609375,0.01531982421875,0.017333984375
step_534_q_0,0.0001811981201171875,0.6171875,0.0030364990234375,0.00604248046875,0.0054931640625,0.0007781982421875,0.000732421875,0.0032806396484375,0.002716064453125,0.0013885498046875,0.00299072265625,0.00019359588623046875,0.005859375,0.00750732421875,0.01361083984375,0.0211181640625,0.00909423828125,0.023193359375,0.05224609375,0.06494140625,0.02880859375,0.091796875,0.02880859375,0.0068359375,0.003662109375
step_535_q_0,0.00018405914306640625,0.01336669921875,0.00787353515625,0.009765625,0.000804901123046875,0.004547119140625,0.000316619873046875,0.006744384765625,0.0069580078125,0.007049560546875,0.08447265625,0.0026702880859375,0.0927734375,0.0341796875,0.009521484375,0.00567626953125,0.0220947265625,0.0032806396484375,0.0023193359375,0.0016021728515625,0.06396484375,0.390625,0.1630859375,0.0034332275390625,0.06201171875
step_536_q_0,0.00093841552734375,0.5703125,0.005859375,0.0257568359375,0.00946044921875,0.01055908203125,0.00372314453125,0.015380859375,0.045166015625,0.00162506103515625,0.1787109375,0.0022735595703125,0.0035400390625,0.0169677734375,0.018310546875,0.01953125,0.026611328125,0.007049560546875,0.00994873046875,0.00162506103515625,0.0040283203125,0.00994873046875,0.004486083984375,0.0029449462890625,0.006134033203125
step_537_q_0,0.00014019012451171875,0.98828125,0.00013256072998046875,0.00012111663818359375,0.00016689300537109375,0.0002574920654296875,0.001007080078125,0.00110626220703125,0.00146484375,6.103515625e-05,0.0015106201171875,0.00012969970703125,2.384185791015625e-05,0.00015163421630859375,0.00024318695068359375,0.0001983642578125,0.000274658203125,0.0002803802490234375,0.00064849853515625,0.00128936767578125,0.0004329681396484375,0.0001373291015625,0.000438690185546875,0.000453948974609375,9.822845458984375e-05
step_538_q_0,0.0006866455078125,0.91015625,0.004638671875,0.0052490234375,0.001983642578125,0.00116729736328125,0.00102996826171875,0.0137939453125,0.0023956298828125,0.00083160400390625,0.001983642578125,0.00186920166015625,0.002471923828125,0.004791259765625,0.0018157958984375,0.00150299072265625,0.015625,0.004364013671875,0.0004177093505859375,0.00113677978515625,0.00225830078125,0.0034942626953125,0.00299072265625,0.0017547607421875,0.011474609375
step_539_q_0,6.079673767089844e-05,0.349609375,0.000659942626953125,0.00052642822265625,0.001983642578125,0.000881195068359375,8.106231689453125e-05,0.0001735687255859375,0.0010986328125,0.00133514404296875,0.011962890625,0.0230712890625,0.0179443359375,0.030517578125,0.0030670166015625,0.007720947265625,0.0103759765625,0.00592041015625,0.016845703125,0.021728515625,0.0174560546875,0.05712890625,0.12890625,0.248046875,0.043212890625
step_540_q_0,0.001708984375,0.69921875,0.0030517578125,0.007537841796875,0.007293701171875,0.005859375,0.0040283203125,0.007537841796875,0.01806640625,0.004425048828125,0.0255126953125,0.0050048828125,0.0093994140625,0.03076171875,0.0289306640625,0.0255126953125,0.034912109375,0.01202392578125,0.01544189453125,0.008544921875,0.00665283203125,0.00567626953125,0.0205078125,0.007781982421875,0.0040283203125
step_541_q_0,0.000850677490234375,0.56640625,0.005950927734375,0.0184326171875,0.00927734375,0.0048828125,0.002197265625,0.0026702880859375,0.00640869140625,0.0048828125,0.00750732421875,0.0028533935546875,0.0040283203125,0.00738525390625,0.03662109375,0.0225830078125,0.006256103515625,0.0079345703125,0.00885009765625,0.01904296875,0.040283203125,0.0673828125,0.04296875,0.10107421875,0.00518798828125
step_542_q_0,5.793571472167969e-05,0.035888671875,9.679794311523438e-05,0.0002956390380859375,0.0004444122314453125,0.0009002685546875,0.00067901611328125,0.000362396240234375,0.0002880096435546875,2.2172927856445312e-05,0.00064849853515625,0.0021514892578125,9.679794311523438e-05,0.00075531005859375,0.0003509521484375,0.0001888275146484375,0.007537841796875,0.0042724609375,0.015869140625,0.035888671875,0.0025177001953125,0.0004444122314453125,0.0035552978515625,0.0169677734375,0.87109375
step_543_q_0,0.004425048828125,0.52734375,0.006072998046875,0.0164794921875,0.02392578125,0.0159912109375,0.0106201171875,0.047607421875,0.047607421875,0.002899169921875,0.0673828125,0.0164794921875,0.005523681640625,0.0263671875,0.013671875,0.013671875,0.059326171875,0.019287109375,0.0037841796875,0.0035552978515625,0.0023345947265625,0.002685546875,0.005767822265625,0.008544921875,0.047607421875
step_544_q_0,3.0159950256347656e-05,0.318359375,0.00069427490234375,0.004058837890625,0.0011138916015625,0.0022125244140625,0.000507354736328125,0.01055908203125,0.005157470703125,0.000476837158203125,0.06298828125,0.0037994384765625,0.0052490234375,0.061767578125,0.0296630859375,0.0537109375,0.05908203125,0.0296630859375,0.0137939453125,0.01611328125,0.01446533203125,0.0179443359375,0.2060546875,0.0712890625,0.0111083984375
step_545_q_0,0.00023651123046875,0.70703125,0.00125885009765625,0.00726318359375,0.004119873046875,0.007720947265625,0.0057373046875,0.00811767578125,0.005126953125,0.00038909912109375,0.00823974609375,0.004913330078125,0.00592041015625,0.031982421875,0.018798828125,0.0194091796875,0.0361328125,0.041015625,0.018798828125,0.01214599609375,0.0047607421875,0.005645751953125,0.0194091796875,0.012939453125,0.01422119140625
step_546_q_0,0.0008087158203125,0.80859375,2.0265579223632812e-05,0.00133514404296875,0.000514984130859375,0.00109100341796875,0.01116943359375,0.0235595703125,0.0157470703125,0.000347137451171875,0.010498046875,0.00128936767578125,0.0009918212890625,0.00176239013671875,0.010498046875,0.00543212890625,0.00396728515625,0.0036163330078125,0.01434326171875,0.0084228515625,0.03662109375,0.021484375,0.010498046875,0.0084228515625,0.000583648681640625
step_547_q_0,9.313225746154785e-07,0.00946044921875,0.0001678466796875,0.00096893310546875,0.0008544921875,0.0008544921875,0.00136566162109375,0.0166015625,0.0089111328125,8.344650268554688e-05,0.05810546875,0.03759765625,0.012939453125,0.07958984375,0.130859375,0.0274658203125,0.1904296875,0.018798828125,0.01141357421875,0.033203125,0.158203125,0.06982421875,0.048095703125,0.0052490234375,0.07958984375
step_548_q_0,0.0003032684326171875,0.4296875,0.0038299560546875,0.00787353515625,0.01043701171875,0.0087890625,0.00836181640625,0.0341796875,0.01275634765625,0.000751495361328125,0.0341796875,0.0311279296875,0.020751953125,0.032958984375,0.0250244140625,0.052978515625,0.130859375,0.03759765625,0.0172119140625,0.03759765625,0.0250244140625,0.0174560546875,0.01043701171875,0.0030517578125,0.00823974609375
step_549_q_0,5.412101745605469e-05,0.87890625,0.0001583099365234375,0.00081634521484375,0.000606536865234375,0.00075531005859375,0.0017242431640625,0.00225830078125,0.00090789794921875,0.00014209747314453125,0.0008544921875,0.00057220458984375,0.00022792816162109375,0.00090789794921875,0.0035400390625,0.004486083984375,0.00360107421875,0.00921630859375,0.01007080078125,0.0111083984375,0.0111083984375,0.00921630859375,0.0166015625,0.0250244140625,0.00592041015625
step_550_q_0,0.001861572265625,0.6015625,0.003265380859375,0.00628662109375,0.004608154296875,0.00311279296875,0.006103515625,0.02490234375,0.008056640625,0.0033721923828125,0.00885009765625,0.01141357421875,0.006103515625,0.01104736328125,0.01214599609375,0.0264892578125,0.083984375,0.07421875,0.004608154296875,0.007354736328125,0.006500244140625,0.00592041015625,0.01104736328125,0.01007080078125,0.05615234375
step_551_q_0,5.507469177246094e-05,0.609375,0.00032806396484375,0.000705718994140625,0.001007080078125,0.000762939453125,0.000732421875,0.004180908203125,0.0031585693359375,0.00017833709716796875,0.005523681640625,0.0028228759765625,0.00110626220703125,0.005462646484375,0.00518798828125,0.00958251953125,0.01226806640625,0.01116943359375,0.0084228515625,0.03564453125,0.040283203125,0.08544921875,0.07275390625,0.07275390625,0.00958251953125
step_552_q_0,0.0002727508544921875,0.58203125,0.000904083251953125,0.0027008056640625,0.003753662109375,0.00689697265625,0.02490234375,0.051025390625,0.01458740234375,0.003021240234375,0.0166015625,0.01007080078125,0.00335693359375,0.00830078125,0.01251220703125,0.02001953125,0.0308837890625,0.0615234375,0.02734375,0.01104736328125,0.00555419921875,0.008056640625,0.0264892578125,0.01556396484375,0.051025390625
step_553_q_0,0.00106048583984375,0.55078125,0.0030059814453125,0.004852294921875,0.002685546875,0.001922607421875,0.0045166015625,0.0052490234375,0.006866455078125,0.0034332275390625,0.01318359375,0.007568359375,0.007049560546875,0.01043701171875,0.0234375,0.0164794921875,0.0164794921875,0.0140380859375,0.0126953125,0.0712890625,0.05126953125,0.0498046875,0.06884765625,0.041259765625,0.0108642578125
step_554_q_0,0.00018024444580078125,0.140625,1.4662742614746094e-05,9.34600830078125e-05,0.00019550323486328125,0.000537872314453125,0.0037384033203125,0.00543212890625,0.0030059814453125,3.790855407714844e-05,0.0019989013671875,0.0032958984375,0.00113677978515625,0.002410888671875,0.000492095947265625,0.0011749267578125,0.0038604736328125,0.0037384033203125,0.01080322265625,0.025146484375,0.0081787109375,0.004364013671875,0.033203125,0.19140625,0.5546875
step_555_q_0,0.000469207763671875,0.279296875,0.00013256072998046875,0.0015869140625,0.002166748046875,0.000888824462890625,0.0098876953125,0.017822265625,0.0084228515625,0.00020313262939453125,0.00616455078125,0.0038604736328125,0.0019989013671875,0.003204345703125,0.005279541015625,0.0072021484375,0.00616455078125,0.034423828125,0.0849609375,0.0277099609375,0.048583984375,0.0849609375,0.1279296875,0.2177734375,0.01904296875
step_556_q_0,8.344650268554688e-05,0.4921875,0.0004291534423828125,0.00131988525390625,0.0004863739013671875,0.000728607177734375,0.005462646484375,0.014404296875,0.0032196044921875,0.0008544921875,0.0216064453125,0.00933837890625,0.00726318359375,0.0380859375,0.0252685546875,0.052001953125,0.033447265625,0.0830078125,0.03564453125,0.0185546875,0.0286865234375,0.03466796875,0.0537109375,0.016845703125,0.0216064453125
step_557_q_0,0.0005340576171875,0.33984375,0.0002727508544921875,0.000797271728515625,0.000659942626953125,0.000583648681640625,0.0010986328125,0.0033721923828125,0.002593994140625,0.000743865966796875,0.0025482177734375,0.0047607421875,0.0047607421875,0.01123046875,0.006622314453125,0.026123046875,0.0223388671875,0.03369140625,0.0174560546875,0.02099609375,0.0174560546875,0.12109375,0.1328125,0.2060546875,0.0223388671875
step_558_q_0,0.00121307373046875,0.5234375,0.000965118408203125,0.01007080078125,0.004058837890625,0.004913330078125,0.05029296875,0.04736328125,0.01068115234375,0.000560760498046875,0.0036468505859375,0.00927734375,0.003875732421875,0.00213623046875,0.00531005859375,0.005126953125,0.015869140625,0.031494140625,0.0223388671875,0.01397705078125,0.0380859375,0.052001953125,0.078125,0.0458984375,0.01904296875
step_559_q_0,0.0002727508544921875,0.06494140625,0.000675201416015625,0.00469970703125,0.0012054443359375,0.0022125244140625,0.002593994140625,0.00775146484375,0.0023651123046875,0.0025177001953125,0.00726318359375,0.039306640625,0.00933837890625,0.0262451171875,0.0179443359375,0.0230712890625,0.05908203125,0.03466796875,0.0830078125,0.11376953125,0.0380859375,0.078125,0.146484375,0.2001953125,0.03466796875
step_560_q_0,0.00018787384033203125,0.515625,0.0012359619140625,0.00689697265625,0.0029754638671875,0.004730224609375,0.02001953125,0.02197265625,0.00506591796875,0.000919342041015625,0.004730224609375,0.01171875,0.01458740234375,0.0240478515625,0.0194091796875,0.0308837890625,0.042236328125,0.033935546875,0.0308837890625,0.02197265625,0.044921875,0.0673828125,0.02490234375,0.018798828125,0.030029296875
step_561_q_0,3.743171691894531e-05,0.97265625,0.000537872314453125,0.00113677978515625,0.000274658203125,0.0002651214599609375,0.000553131103515625,0.000713348388671875,0.0002346038818359375,0.000804901123046875,0.000885009765625,0.0025634765625,0.0010986328125,0.0011749267578125,0.0004444122314453125,0.000732421875,0.0016021728515625,0.0019989013671875,0.0026397705078125,0.0020599365234375,0.0020599365234375,0.00225830078125,0.0018157958984375,0.000518798828125,0.002410888671875
step_562_q_0,2.6345252990722656e-05,0.91796875,0.000652313232421875,0.00104522705078125,0.0004482269287109375,0.000469207763671875,0.00274658203125,0.007232666015625,0.0018310546875,0.000507354736328125,0.00194549560546875,0.00311279296875,0.00089263916015625,0.0018310546875,0.0007171630859375,0.00311279296875,0.0108642578125,0.00927734375,0.0016632080078125,0.00107574462890625,0.00034332275390625,0.0011444091796875,0.00341796875,0.0035247802734375,0.023681640625
step_563_q_0,4.458427429199219e-05,0.671875,0.0003814697265625,0.00125885009765625,0.00118255615234375,0.0015411376953125,0.000392913818359375,0.00021648406982421875,0.000514984130859375,0.000896453857421875,0.002166748046875,0.000896453857421875,0.002655029296875,0.01153564453125,0.0157470703125,0.00927734375,0.005889892578125,0.0024566650390625,0.0079345703125,0.0045166015625,0.02685546875,0.032470703125,0.060546875,0.1279296875,0.01153564453125
step_564_q_0,0.0003757476806640625,0.5703125,0.000637054443359375,0.004791259765625,0.004638671875,0.00421142578125,0.006134033203125,0.0084228515625,0.00494384765625,0.002685546875,0.01385498046875,0.002777099609375,0.002899169921875,0.0250244140625,0.0250244140625,0.041259765625,0.0167236328125,0.029296875,0.036376953125,0.0147705078125,0.00634765625,0.0201416015625,0.09912109375,0.04541015625,0.01300048828125
step_565_q_0,0.00060272216796875,0.45703125,0.000583648681640625,0.004913330078125,0.00164031982421875,0.0010833740234375,0.00244140625,0.0030517578125,0.002532958984375,0.00147247314453125,0.00445556640625,0.00188446044921875,0.0015716552734375,0.0023193359375,0.0296630859375,0.005615234375,0.009765625,0.0096435546875,0.02001953125,0.0439453125,0.119140625,0.1845703125,0.045166015625,0.0341796875,0.0125732421875
step_566_q_0,4.4345855712890625e-05,0.0654296875,8.440017700195312e-05,1.2516975402832031e-05,1.138448715209961e-05,2.0503997802734375e-05,0.000499725341796875,0.000965118408203125,0.0001621246337890625,3.170967102050781e-05,0.00022220611572265625,9.72747802734375e-05,0.000152587890625,0.0003662109375,9.870529174804688e-05,0.00022602081298828125,0.000934600830078125,0.00689697265625,0.003936767578125,0.000244140625,0.00164031982421875,0.002105712890625,0.0025482177734375,0.008056640625,0.90625
step_567_q_0,0.0012054443359375,0.5859375,0.00170135498046875,0.006134033203125,0.0022125244140625,0.00193023681640625,0.0201416015625,0.024169921875,0.005401611328125,0.005950927734375,0.00836181640625,0.0021820068359375,0.002593994140625,0.01611328125,0.0172119140625,0.0125732421875,0.0032806396484375,0.024169921875,0.024169921875,0.04248046875,0.00836181640625,0.038818359375,0.022705078125,0.0986328125,0.0220947265625
step_568_q_0,8.726119995117188e-05,0.6171875,0.000591278076171875,0.0013885498046875,0.000431060791015625,0.00193023681640625,0.002899169921875,0.0020904541015625,0.004638671875,0.00145721435546875,0.0040283203125,0.001983642578125,0.00323486328125,0.019775390625,0.0238037109375,0.0380859375,0.009033203125,0.025390625,0.0096435546875,0.00799560546875,0.00775146484375,0.07373046875,0.036865234375,0.08056640625,0.027099609375
step_569_q_0,0.000194549560546875,0.36328125,0.00029754638671875,0.000469207763671875,0.00040435791015625,0.00080108642578125,0.00054931640625,0.002197265625,0.000652313232421875,0.000637054443359375,0.0020599365234375,0.0020904541015625,0.00157928466796875,0.0084228515625,0.0093994140625,0.0145263671875,0.0205078125,0.034912109375,0.0255126953125,0.00982666015625,0.004302978515625,0.017578125,0.07861328125,0.3515625,0.049072265625
step_570_q_0,0.00020313262939453125,0.337890625,0.0003490447998046875,0.000576019287109375,0.000946044921875,0.000621795654296875,0.000537872314453125,0.00110626220703125,0.000583648681640625,0.0002803802490234375,0.0003757476806640625,0.0008087158203125,0.00112152099609375,0.002410888671875,0.00179290771484375,0.01153564453125,0.10302734375,0.07080078125,0.0126953125,0.013916015625,0.00927734375,0.0076904296875,0.0196533203125,0.044189453125,0.359375
step_571_q_0,9.775161743164062e-05,0.9375,0.0006256103515625,0.004791259765625,0.0006866455078125,0.0007781982421875,0.000667572021484375,0.00124359130859375,0.0005035400390625,0.0025634765625,0.000644683837890625,0.001068115234375,0.000335693359375,0.00186920166015625,0.000644683837890625,0.00113677978515625,0.001983642578125,0.0220947265625,0.00811767578125,0.001983642578125,0.0004177093505859375,0.0002307891845703125,0.002471923828125,0.00150299072265625,0.004364013671875
step_572_q_0,0.000316619873046875,0.859375,0.002197265625,0.005035400390625,0.00152587890625,0.00024318695068359375,0.00167083740234375,0.0009307861328125,0.0006256103515625,0.00286865234375,0.01031494140625,0.0048828125,0.01116943359375,0.010009765625,0.006256103515625,0.00543212890625,0.006256103515625,0.0162353515625,0.0147705078125,0.0152587890625,0.0059814453125,0.0086669921875,0.0045166015625,0.0013427734375,0.0040283203125
step_573_q_0,2.4080276489257812e-05,0.98828125,0.00072479248046875,9.202957153320312e-05,5.412101745605469e-05,4.935264587402344e-05,0.0019073486328125,0.00012969970703125,0.000125885009765625,0.0037994384765625,0.00139617919921875,8.678436279296875e-05,0.0001468658447265625,0.000514984130859375,3.680586814880371e-06,3.719329833984375e-05,0.00016689300537109375,0.000583648681640625,7.390975952148438e-05,1.436471939086914e-05,1.3709068298339844e-05,3.680586814880371e-06,0.0010223388671875,3.600120544433594e-05,3.4123659133911133e-06
step_574_q_0,0.0001773834228515625,0.95703125,0.0002574920654296875,8.630752563476562e-05,9.489059448242188e-05,2.8967857360839844e-05,0.0003643035888671875,0.00012969970703125,0.0002269744873046875,0.00084686279296875,0.00604248046875,0.000926971435546875,0.000743865966796875,0.0017852783203125,0.0023040771484375,0.0002498626708984375,0.000579833984375,0.00173187255859375,0.005340576171875,0.00323486328125,0.00830078125,0.00457763671875,0.0026092529296875,0.0029449462890625,0.0004062652587890625
step_575_q_0,4.172325134277344e-05,0.412109375,0.00010776519775390625,0.000553131103515625,0.00077056884765625,0.000530242919921875,0.0002765655517578125,0.0002803802490234375,0.00110626220703125,0.0012664794921875,0.00390625,0.000972747802734375,0.0020599365234375,0.019287109375,0.010986328125,0.047607421875,0.0556640625,0.0128173828125,0.03076171875,0.01202392578125,0.004730224609375,0.0033416748046875,0.171875,0.07861328125,0.1298828125
step_576_q_0,3.0994415283203125e-06,6.467103958129883e-06,0.000629425048828125,0.0019989013671875,0.41796875,2.2292137145996094e-05,8.165836334228516e-06,0.00165557861328125,0.00055694580078125,3.110617399215698e-07,0.0003261566162109375,1.5124678611755371e-06,0.00018596649169921875,0.00035858154296875,0.00160980224609375,0.0003948211669921875,0.00927734375,4.863739013671875e-05,7.808208465576172e-06,0.07763671875,2.0265579223632812e-05,9.417533874511719e-06,0.474609375,1.1771917343139648e-06,0.01190185546875,1.3317912817001343e-07
step_577_q_0,0.00133514404296875,0.00024318695068359375,0.00023555755615234375,0.0002079010009765625,0.000247955322265625,0.000812530517578125,0.000461578369140625,0.000202178955078125,0.00017833709716796875,0.00031280517578125,0.0003604888916015625,0.00055694580078125,0.00086212158203125,0.0011444091796875,0.00138092041015625,0.0018310546875,0.002655029296875,0.003631591796875,0.005462646484375,0.013916015625,0.0074462890625,0.0252685546875,0.1865234375,0.5078125,0.2109375,0.02685546875
step_578_q_0,0.000415802001953125,0.1923828125,0.029541015625,0.0245361328125,0.026123046875,0.02099609375,0.01904296875,0.006378173828125,0.033447265625,0.0196533203125,0.0390625,0.056884765625,0.041748046875,0.0517578125,0.00439453125,0.02685546875,0.05517578125,0.029541015625,0.01904296875,0.0286865234375,0.00927734375,0.0135498046875,0.16015625,0.040283203125,0.036865234375,0.01397705078125
step_579_q_0,0.0004138946533203125,0.8671875,0.007049560546875,0.00604248046875,0.00323486328125,0.00144195556640625,0.0013580322265625,0.00213623046875,0.0020599365234375,0.00168609619140625,0.009521484375,0.0026092529296875,0.003082275390625,0.023193359375,0.01129150390625,0.0089111328125,0.00604248046875,0.00469970703125,0.006439208984375,0.0027923583984375,0.005340576171875,0.005401611328125,0.0050048828125,0.005950927734375,0.003173828125,0.0028228759765625
step_580_q_0,0.0013580322265625,0.8359375,0.00164794921875,0.004425048828125,0.00341796875,0.0024566650390625,0.0024566650390625,0.00177001953125,0.0015869140625,0.0035552978515625,0.00118255615234375,0.00213623046875,0.00177001953125,0.0027313232421875,0.009033203125,0.00244140625,0.0286865234375,0.0023040771484375,0.003509521484375,0.00396728515625,0.003204345703125,0.000919342041015625,0.007080078125,0.0022735595703125,0.0123291015625,0.05615234375
step_581_q_0,0.0031890869140625,0.6640625,0.00433349609375,0.0128173828125,0.0036773681640625,0.0036773681640625,0.00168609619140625,0.006622314453125,0.00518798828125,0.004974365234375,0.01177978515625,0.0019989013671875,0.00299072265625,0.024169921875,0.0084228515625,0.00628662109375,0.0263671875,0.0036468505859375,0.0029754638671875,0.0087890625,0.027587890625,0.014404296875,0.019287109375,0.01458740234375,0.0203857421875,0.09716796875
step_582_q_0,0.00311279296875,0.4609375,0.0732421875,0.040283203125,0.034423828125,0.004119873046875,0.0027008056640625,0.04296875,0.028564453125,0.01483154296875,0.028564453125,0.000797271728515625,0.0216064453125,0.034423828125,0.01104736328125,0.0196533203125,0.0084228515625,0.004241943359375,0.00897216796875,0.00927734375,0.053466796875,0.047119140625,0.01483154296875,0.003997802734375,0.00191497802734375,0.0260009765625
step_583_q_0,0.0003566741943359375,0.1015625,0.01556396484375,0.012939453125,0.0026397705078125,0.0123291015625,0.004302978515625,0.037353515625,0.033447265625,0.01904296875,0.095703125,0.0021820068359375,0.061767578125,0.059814453125,0.01904296875,0.01904296875,0.0179443359375,0.012939453125,0.0196533203125,0.0089111328125,0.0634765625,0.1962890625,0.10498046875,0.0264892578125,0.03857421875,0.01373291015625
step_584_q_0,0.00133514404296875,0.82421875,0.003692626953125,0.016845703125,0.005645751953125,0.005706787109375,0.002227783203125,0.005462646484375,0.01416015625,0.0008392333984375,0.055908203125,0.005035400390625,0.0010833740234375,0.017578125,0.005035400390625,0.007110595703125,0.0033416748046875,0.00104522705078125,0.0020751953125,0.00067901611328125,0.00250244140625,0.002105712890625,0.0018157958984375,0.0021820068359375,0.001007080078125,0.0126953125
step_585_q_0,0.000274658203125,0.94921875,0.00107574462890625,0.0033721923828125,0.0020751953125,0.001220703125,0.000400543212890625,0.000591278076171875,0.00592041015625,0.00023651123046875,0.0115966796875,0.0004825592041015625,4.649162292480469e-05,0.00439453125,0.0029296875,0.003021240234375,0.0036468505859375,0.000812530517578125,0.00106048583984375,0.000640869140625,0.000514984130859375,0.000499725341796875,0.0015716552734375,0.000392913818359375,0.00018405914306640625,0.00262451171875
step_586_q_0,0.00579833984375,0.71484375,0.01190185546875,0.03564453125,0.00872802734375,0.01226806640625,0.007232666015625,0.0074462890625,0.0108642578125,0.0045166015625,0.03564453125,0.032470703125,0.0029144287109375,0.0162353515625,0.0098876953125,0.00341796875,0.016845703125,0.002838134765625,0.00164031982421875,0.0029144287109375,0.0016632080078125,0.0022735595703125,0.0033111572265625,0.00250244140625,0.00872802734375,0.037841796875
step_587_q_0,0.00086212158203125,0.318359375,0.004913330078125,0.002410888671875,0.00640869140625,0.0091552734375,0.001922607421875,0.005401611328125,0.01141357421875,0.009033203125,0.0203857421875,0.0123291015625,0.0286865234375,0.03369140625,0.0047607421875,0.0091552734375,0.0206298828125,0.015625,0.022705078125,0.058837890625,0.0269775390625,0.0625,0.1650390625,0.08837890625,0.0238037109375,0.03564453125
step_588_q_0,0.00250244140625,0.59375,0.04443359375,0.041748046875,0.016845703125,0.00933837890625,0.00136566162109375,0.002288818359375,0.0179443359375,0.007720947265625,0.078125,0.007476806640625,0.0179443359375,0.08544921875,0.01397705078125,0.01397705078125,0.00823974609375,0.00142669677734375,0.00201416015625,0.00092315673828125,0.0015411376953125,0.0015411376953125,0.00482177734375,0.001220703125,0.00102996826171875,0.0216064453125
step_589_q_0,0.00022983551025390625,0.8125,0.0030517578125,0.007598876953125,0.005035400390625,0.00347900390625,0.00109100341796875,0.002410888671875,0.0029296875,0.0017852783203125,0.005584716796875,0.00360107421875,0.00439453125,0.0091552734375,0.018798828125,0.01446533203125,0.011962890625,0.0068359375,0.004913330078125,0.0107421875,0.0091552734375,0.01336669921875,0.015625,0.0174560546875,0.005279541015625,0.007049560546875
step_590_q_0,0.00012874603271484375,0.036376953125,0.00102996826171875,0.00095367431640625,0.00052642822265625,0.0004367828369140625,6.341934204101562e-05,0.0001659393310546875,0.000308990478515625,0.000179290771484375,0.00130462646484375,0.006927490234375,0.000614166259765625,0.00408935546875,0.00092315673828125,0.0006561279296875,0.004486083984375,0.000362396240234375,0.000637054443359375,0.00164794921875,0.00164794921875,0.0004444122314453125,0.002471923828125,0.00128173828125,0.05126953125,0.8828125
step_591_q_0,0.001434326171875,0.48828125,0.0167236328125,0.0322265625,0.041259765625,0.01263427734375,0.003448486328125,0.0157470703125,0.0341796875,0.0026397705078125,0.058349609375,0.0050048828125,0.01080322265625,0.03759765625,0.029296875,0.06591796875,0.06591796875,0.029296875,0.0025634765625,0.00176239013671875,0.001708984375,0.0020294189453125,0.006134033203125,0.00244140625,0.007293701171875,0.0250244140625
step_592_q_0,9.357929229736328e-06,0.84375,0.00145721435546875,0.001312255859375,0.0003299713134765625,0.00030517578125,0.00018787384033203125,0.0027313232421875,0.00439453125,0.00087738037109375,0.05810546875,0.00069427490234375,0.0032501220703125,0.036376953125,0.005950927734375,0.0125732421875,0.0033721923828125,0.0034332275390625,0.00140380859375,0.000858306884765625,0.00164794921875,0.002410888671875,0.0093994140625,0.0027313232421875,0.0008697509765625,0.0032958984375
step_593_q_0,0.0003662109375,0.7890625,0.0029296875,0.004486083984375,0.00531005859375,0.00180816650390625,0.00119781494140625,0.0013885498046875,0.0032806396484375,0.0023651123046875,0.00201416015625,0.0015106201171875,0.00860595703125,0.0732421875,0.01470947265625,0.052001953125,0.00775146484375,0.002227783203125,0.0019683837890625,0.00115966796875,0.00148773193359375,0.0009765625,0.00592041015625,0.004913330078125,0.003082275390625,0.0057373046875
step_594_q_0,0.00201416015625,0.89453125,0.0031280517578125,0.007049560546875,0.0035400390625,0.0021514892578125,0.0013885498046875,0.0037078857421875,0.0025177001953125,0.005584716796875,0.00244140625,0.0029296875,0.004547119140625,0.00933837890625,0.00750732421875,0.02099609375,0.00201416015625,0.00177764892578125,0.0017242431640625,0.00150299072265625,0.00592041015625,0.004150390625,0.005157470703125,0.0011138916015625,0.0006561279296875,0.0029754638671875
step_595_q_0,3.3855438232421875e-05,0.016357421875,0.00927734375,0.0625,0.037841796875,0.01904296875,0.0108642578125,0.05517578125,0.06640625,0.00069427490234375,0.205078125,0.0108642578125,0.016357421875,0.205078125,0.07080078125,0.0625,0.02294921875,0.006195068359375,0.006378173828125,0.0045166015625,0.03564453125,0.006195068359375,0.03564453125,0.003021240234375,0.00958251953125,0.0216064453125
step_596_q_0,0.000881195068359375,0.80859375,0.005279541015625,0.020263671875,0.01116943359375,0.0035552978515625,0.00186920166015625,0.005279541015625,0.00677490234375,0.0015411376953125,0.01708984375,0.005218505859375,0.005126953125,0.019287109375,0.006591796875,0.0098876953125,0.01019287109375,0.0020904541015625,0.0012664794921875,0.003387451171875,0.010009765625,0.005706787109375,0.0130615234375,0.00445556640625,0.0031280517578125,0.01708984375
step_597_q_0,1.4543533325195312e-05,0.95703125,0.0006866455078125,0.00135040283203125,0.0004825592041015625,0.00064849853515625,0.0002574920654296875,0.0004787445068359375,0.0013275146484375,0.00019931793212890625,0.0019073486328125,0.000751495361328125,0.00093841552734375,0.0037994384765625,0.0023040771484375,0.006988525390625,0.00165557861328125,0.00112152099609375,0.00098419189453125,0.000820159912109375,0.000736236572265625,0.00098419189453125,0.00665283203125,0.0016021728515625,0.0004291534423828125,0.005615234375
step_598_q_0,0.003875732421875,0.6328125,0.0078125,0.0098876953125,0.00506591796875,0.00433349609375,0.006103515625,0.0126953125,0.0157470703125,0.0126953125,0.028564453125,0.01190185546875,0.01055908203125,0.037841796875,0.01019287109375,0.0223388671875,0.0260009765625,0.0184326171875,0.0029754638671875,0.003204345703125,0.0029754638671875,0.0033111572265625,0.005828857421875,0.00592041015625,0.0223388671875,0.07763671875
step_599_q_0,0.000499725341796875,0.71875,0.01446533203125,0.01055908203125,0.0023040771484375,0.00360107421875,0.0015869140625,0.00180816650390625,0.012939453125,0.0213623046875,0.024658203125,0.00168609619140625,0.0191650390625,0.052001953125,0.01092529296875,0.0177001953125,0.0023040771484375,0.00360107421875,0.00433349609375,0.00726318359375,0.0089111328125,0.00775146484375,0.01220703125,0.005401611328125,0.00148773193359375,0.032470703125
step_600_q_0,0.0008087158203125,0.380859375,0.109375,0.1162109375,0.0294189453125,0.0184326171875,0.001373291015625,0.0076904296875,0.0260009765625,0.00958251953125,0.1025390625,0.00677490234375,0.045654296875,0.0966796875,0.00543212890625,0.00958251953125,0.00188446044921875,0.000347137451171875,0.00022125244140625,0.000347137451171875,0.00121307373046875,0.000946044921875,0.0015106201171875,0.0001697540283203125,0.0001163482666015625,0.0260009765625
step_601_q_0,0.001556396484375,0.7734375,0.01202392578125,0.0081787109375,0.00201416015625,0.001129150390625,0.00102996826171875,0.004547119140625,0.0026092529296875,0.0026092529296875,0.007232666015625,0.0098876953125,0.01263427734375,0.01397705078125,0.0206298828125,0.00909423828125,0.0091552734375,0.00927734375,0.0069580078125,0.0128173828125,0.00958251953125,0.0103759765625,0.0115966796875,0.00701904296875,0.007720947265625,0.031494140625
step_602_q_0,8.106231689453125e-05,0.166015625,0.001190185546875,0.00130462646484375,0.0004100799560546875,0.00079345703125,0.00018787384033203125,0.001190185546875,0.0035552978515625,0.00037384033203125,0.0035552978515625,0.001678466796875,0.0035552978515625,0.01275634765625,0.001190185546875,0.002685546875,0.000926971435546875,5.745887756347656e-05,6.4849853515625e-05,0.00135040283203125,0.00098419189453125,0.0002346038818359375,0.0028533935546875,0.0004367828369140625,0.001953125,0.7890625
step_603_q_0,0.00037384033203125,0.69921875,0.0037841796875,0.008544921875,0.006439208984375,0.0042724609375,0.0040283203125,0.01239013671875,0.007080078125,0.00390625,0.01129150390625,0.00750732421875,0.043212890625,0.049072265625,0.01495361328125,0.02880859375,0.025390625,0.0128173828125,0.00141143798828125,0.0035552978515625,0.002593994140625,0.005859375,0.00604248046875,0.00154876708984375,0.00390625,0.03271484375
step_604_q_0,1.811981201171875e-05,0.8984375,0.00139617919921875,0.0019683837890625,0.00048065185546875,0.000713348388671875,0.0010528564453125,0.005340576171875,0.0014801025390625,0.001190185546875,0.0106201171875,0.0026092529296875,0.01409912109375,0.01409912109375,0.0035552978515625,0.0036773681640625,0.00244140625,0.002777099609375,0.0014801025390625,0.0003814697265625,0.0019073486328125,0.006866455078125,0.005523681640625,0.00112152099609375,0.00173187255859375,0.01544189453125
step_605_q_0,0.0008392333984375,0.78125,0.006866455078125,0.0081787109375,0.00286865234375,0.0037384033203125,0.00118255615234375,0.000972747802734375,0.0036163330078125,0.00174713134765625,0.0037994384765625,0.003448486328125,0.0155029296875,0.044189453125,0.01116943359375,0.0244140625,0.003570556640625,0.002777099609375,0.000446319580078125,0.001251220703125,0.00054168701171875,0.000591278076171875,0.0020904541015625,0.00128173828125,0.0030059814453125,0.0703125
step_606_q_0,0.0022125244140625,0.7890625,0.016357421875,0.02783203125,0.015380859375,0.014404296875,0.007476806640625,0.0089111328125,0.0135498046875,0.01312255859375,0.0078125,0.00174713134765625,0.014404296875,0.0179443359375,0.006103515625,0.0089111328125,0.0025482177734375,0.000865936279296875,0.000255584716796875,0.000606536865234375,0.0008392333984375,0.0016937255859375,0.001617431640625,0.000762939453125,0.0003223419189453125,0.0269775390625
step_607_q_0,0.00015544891357421875,0.1064453125,0.017333984375,0.06884765625,0.05029296875,0.032470703125,0.0196533203125,0.0252685546875,0.06884765625,0.00872802734375,0.09375,0.0390625,0.04443359375,0.0908203125,0.10302734375,0.0390625,0.02685546875,0.007476806640625,0.0115966796875,0.0230712890625,0.01483154296875,0.026123046875,0.0230712890625,0.0098876953125,0.01312255859375,0.03564453125
step_608_q_0,0.000682830810546875,0.6953125,0.01007080078125,0.01318359375,0.0037078857421875,0.0033721923828125,0.00714111328125,0.015380859375,0.0087890625,0.00164794921875,0.0135498046875,0.0135498046875,0.016357421875,0.01177978515625,0.004852294921875,0.01141357421875,0.03369140625,0.009765625,0.0032196044921875,0.00823974609375,0.019775390625,0.0223388671875,0.0223388671875,0.0179443359375,0.00787353515625,0.0230712890625
step_609_q_0,0.00012063980102539062,0.68359375,0.00087738037109375,0.0181884765625,0.019287109375,0.0091552734375,0.0281982421875,0.0247802734375,0.01708984375,0.00119781494140625,0.031982421875,0.005889892578125,0.00830078125,0.0206298828125,0.031982421875,0.03857421875,0.0133056640625,0.01104736328125,0.00537109375,0.0009918212890625,0.0012359619140625,0.00131988525390625,0.0091552734375,0.00168609619140625,0.0022430419921875,0.0159912109375
step_610_q_0,0.000743865966796875,0.79296875,0.01446533203125,0.01318359375,0.0062255859375,0.0021514892578125,0.0035552978515625,0.0068359375,0.00823974609375,0.00775146484375,0.01318359375,0.00567626953125,0.01025390625,0.0203857421875,0.004547119140625,0.021728515625,0.01129150390625,0.0062255859375,0.0019683837890625,0.002593994140625,0.000896453857421875,0.00323486328125,0.0054931640625,0.002593994140625,0.002685546875,0.03271484375
step_611_q_0,0.00080108642578125,0.8984375,0.0048828125,0.0034027099609375,0.002410888671875,0.0019683837890625,0.000701904296875,0.000545501708984375,0.002197265625,0.0018768310546875,0.013671875,0.00408935546875,0.010498046875,0.01190185546875,0.0064697265625,0.002532958984375,0.003143310546875,0.001007080078125,0.00408935546875,0.003509521484375,0.002777099609375,0.0034027099609375,0.0022735595703125,0.0019378662109375,0.00144195556640625,0.00830078125
step_612_q_0,0.000301361083984375,0.5859375,0.04541015625,0.0400390625,0.0137939453125,0.0086669921875,0.00360107421875,0.0107421875,0.0111083984375,0.0228271484375,0.09033203125,0.01220703125,0.04541015625,0.0703125,0.009521484375,0.006317138671875,0.0021209716796875,0.00225830078125,0.00145721435546875,0.0010986328125,0.000553131103515625,0.00145721435546875,0.00136566162109375,8.726119995117188e-05,0.00012683868408203125,0.01220703125
step_613_q_0,0.00022411346435546875,0.84765625,0.0015411376953125,0.00171661376953125,0.000461578369140625,0.0003681182861328125,0.000453948974609375,0.00104522705078125,0.0004863739013671875,0.002655029296875,0.003265380859375,0.0034637451171875,0.00946044921875,0.00848388671875,0.01556396484375,0.0064697265625,0.0133056640625,0.008056640625,0.007568359375,0.00689697265625,0.0091552734375,0.01287841796875,0.004608154296875,0.007232666015625,0.0120849609375,0.0133056640625
step_614_q_0,0.000213623046875,0.55078125,0.0024261474609375,0.000774383544921875,0.00020885467529296875,6.580352783203125e-05,0.00051116943359375,0.00087738037109375,0.003265380859375,0.0020751953125,0.003692626953125,0.000774383544921875,0.008056640625,0.012939453125,0.00946044921875,0.000530242919921875,0.00012302398681640625,7.963180541992188e-05,0.00019741058349609375,0.00016880035400390625,0.00116729736328125,0.000499725341796875,0.00060272216796875,6.866455078125e-05,0.00031280517578125,0.40234375
step_615_q_0,0.0004634857177734375,0.77734375,0.005645751953125,0.006317138671875,0.003173828125,0.00201416015625,0.0023956298828125,0.0020751953125,0.001983642578125,0.01141357421875,0.003326416015625,0.001495361328125,0.01513671875,0.007476806640625,0.02490234375,0.00726318359375,0.002471923828125,0.009765625,0.0107421875,0.01422119140625,0.002105712890625,0.0036468505859375,0.01214599609375,0.0264892578125,0.0103759765625,0.037353515625
step_616_q_0,3.790855407714844e-05,0.9375,0.00124359130859375,0.0010528564453125,0.0002593994140625,0.00048828125,0.000843048095703125,0.0013885498046875,0.000667572021484375,0.00193023681640625,0.00408935546875,0.000885009765625,0.006134033203125,0.00762939453125,0.000621795654296875,0.0032806396484375,0.0003833770751953125,0.0028533935546875,0.00170135498046875,0.00102996826171875,0.000885009765625,0.003173828125,0.003173828125,0.00567626953125,0.0034942626953125,0.00811767578125
step_617_q_0,0.000946044921875,0.80078125,0.003631591796875,0.0003795623779296875,0.00030517578125,0.000713348388671875,0.000751495361328125,0.00102996826171875,0.000957489013671875,0.00188446044921875,0.00274658203125,0.0040283203125,0.006317138671875,0.0068359375,0.003173828125,0.0040283203125,0.0028533935546875,0.004119873046875,0.006317138671875,0.0068359375,0.0028533935546875,0.0028228759765625,0.0096435546875,0.0439453125,0.061767578125,0.0185546875
step_618_q_0,0.0002498626708984375,0.40625,0.005615234375,0.0030059814453125,0.0018768310546875,0.001556396484375,0.001068115234375,0.00616455078125,0.0038604736328125,0.0019989013671875,0.005279541015625,0.0130615234375,0.040283203125,0.01153564453125,0.0038604736328125,0.00897216796875,0.00616455078125,0.0019378662109375,0.001708984375,0.001373291015625,0.00133514404296875,0.0019989013671875,0.00213623046875,0.001068115234375,0.0081787109375,0.458984375
step_619_q_0,0.00022792816162109375,0.8203125,0.002685546875,0.0048828125,0.00238037109375,0.000438690185546875,0.000499725341796875,0.00153350830078125,0.00238037109375,0.012451171875,0.005035400390625,0.008544921875,0.0040283203125,0.0198974609375,0.008056640625,0.0211181640625,0.010009765625,0.0289306640625,0.00970458984375,0.007781982421875,0.00185394287109375,0.00135040283203125,0.007080078125,0.004730224609375,0.0064697265625,0.008056640625
step_620_q_0,9.489059448242188e-05,0.88671875,0.0003833770751953125,0.00165557861328125,0.000972747802734375,0.000141143798828125,0.0001850128173828125,0.000274658203125,0.0008087158203125,0.000522613525390625,0.01043701171875,0.00408935546875,0.0118408203125,0.0147705078125,0.004302978515625,0.01519775390625,0.00634765625,0.0030517578125,0.004486083984375,0.00787353515625,0.0023345947265625,0.0028533935546875,0.0034027099609375,0.00128936767578125,0.003509521484375,0.0142822265625
step_621_q_0,2.658367156982422e-05,0.99609375,0.000179290771484375,4.124641418457031e-05,1.1801719665527344e-05,1.1444091796875e-05,5.2928924560546875e-05,5.626678466796875e-05,6.198883056640625e-05,0.001495361328125,0.0003147125244140625,0.00010538101196289062,0.0001850128173828125,0.00010538101196289062,2.5391578674316406e-05,8.20159912109375e-05,6.198883056640625e-05,7.009506225585938e-05,9.870529174804688e-05,2.9206275939941406e-05,1.4901161193847656e-05,2.3245811462402344e-06,0.0001354217529296875,0.00019073486328125,1.055002212524414e-05,0.00025177001953125
step_622_q_0,1.9311904907226562e-05,0.97265625,0.00018596649169921875,0.0002307891845703125,0.0002460479736328125,9.059906005859375e-05,7.486343383789062e-05,3.314018249511719e-05,4.673004150390625e-05,0.000858306884765625,0.0026397705078125,0.0021209716796875,0.001708984375,0.0018768310546875,0.001708984375,0.0004119873046875,0.0003528594970703125,0.000736236572265625,0.0030975341796875,0.00091552734375,0.0018768310546875,0.00057220458984375,0.0015106201171875,0.0021209716796875,0.00146484375,0.0030059814453125
step_623_q_0,4.887580871582031e-05,0.1513671875,5.14984130859375e-05,0.000194549560546875,0.0002307891845703125,0.0004177093505859375,0.0003147125244140625,0.0003986358642578125,0.000335693359375,0.0014801025390625,0.003448486328125,0.00150299072265625,0.00244140625,0.0054931640625,0.00135040283203125,0.0037841796875,0.0169677734375,0.0140380859375,0.050537109375,0.0096435546875,0.001678466796875,0.0028533935546875,0.035888671875,0.049072265625,0.63671875,0.0096435546875
step_624_q_0,8.726119995117188e-05,0.000881195068359375,0.015869140625,0.0123291015625,0.00994873046875,0.0047607421875,0.00531005859375,0.026123046875,0.01275634765625,0.00011777877807617188,0.015380859375,0.00010251998901367188,0.002838134765625,0.015869140625,0.00848388671875,0.01275634765625,0.0230712890625,0.67578125,0.00174713134765625,0.030517578125,0.00482177734375,0.005401611328125,0.019775390625,0.000640869140625,0.03564453125,4.649162292480469e-05,0.060791015625
step_625_q_0,0.000896453857421875,0.00017070770263671875,0.00019359588623046875,0.00017070770263671875,0.0002899169921875,0.0004634857177734375,0.00051116943359375,0.00012493133544921875,0.00016021728515625,8.58306884765625e-05,0.000240325927734375,0.000362396240234375,0.00045013427734375,0.00095367431640625,0.000698089599609375,0.000865936279296875,0.0007171630859375,0.001953125,0.0022125244140625,0.015380859375,0.01055908203125,0.0269775390625,0.271484375,0.44921875,0.1875,0.0223388671875,0.00439453125
step_626_q_0,0.0003032684326171875,0.25,0.0595703125,0.037109375,0.025634765625,0.0181884765625,0.0164794921875,0.0093994140625,0.037109375,0.0272216796875,0.0595703125,0.04638671875,0.052490234375,0.0634765625,0.006683349609375,0.037109375,0.0225830078125,0.0164794921875,0.010009765625,0.01287841796875,0.0181884765625,0.025634765625,0.111328125,0.019287109375,0.00909423828125,0.0031585693359375,0.00457763671875
step_627_q_0,0.0006103515625,0.16796875,0.0091552734375,0.0135498046875,0.00872802734375,0.00506591796875,0.0037689208984375,0.00482177734375,0.02197265625,0.00958251953125,0.039794921875,0.0213623046875,0.01708984375,0.302734375,0.0634765625,0.12255859375,0.046630859375,0.02197265625,0.02197265625,0.007354736328125,0.01708984375,0.01214599609375,0.0361328125,0.0135498046875,0.005126953125,0.0023956298828125,0.0025787353515625
step_628_q_0,0.000568389892578125,0.55859375,0.003326416015625,0.0107421875,0.01312255859375,0.006805419921875,0.01025390625,0.0179443359375,0.0107421875,0.003326416015625,0.006591796875,0.0029754638671875,0.002349853515625,0.01104736328125,0.030517578125,0.007598876953125,0.052001953125,0.0135498046875,0.0223388671875,0.026123046875,0.01531982421875,0.0057373046875,0.031494140625,0.016357421875,0.058837890625,0.016357421875,0.0458984375
step_629_q_0,0.001007080078125,0.78515625,0.004608154296875,0.01611328125,0.00665283203125,0.005859375,0.006744384765625,0.0123291015625,0.01019287109375,0.00469970703125,0.006683349609375,0.0004138946533203125,0.0019989013671875,0.005279541015625,0.005950927734375,0.006103515625,0.01019287109375,0.00445556640625,0.0101318359375,0.01300048828125,0.002532958984375,0.0025177001953125,0.0086669921875,0.0223388671875,0.0076904296875,0.00567626953125,0.032470703125
step_630_q_0,5.7697296142578125e-05,0.6484375,0.0008087158203125,0.00341796875,0.00213623046875,0.00086212158203125,0.000946044921875,0.0020751953125,0.0015106201171875,0.0006103515625,0.0007171630859375,0.0003948211669921875,0.0008087158203125,0.00138092041015625,0.00958251953125,0.00897216796875,0.00341796875,0.0038604736328125,0.09375,0.10595703125,0.028564453125,0.0277099609375,0.0252685546875,0.01019287109375,0.005462646484375,0.004119873046875,0.006988525390625
step_631_q_0,0.00064849853515625,0.0693359375,0.0037384033203125,0.005889892578125,0.0029144287109375,0.006866455078125,0.002166748046875,0.009521484375,0.00634765625,0.006988525390625,0.0145263671875,0.0086669921875,0.0205078125,0.0106201171875,0.0159912109375,0.0130615234375,0.0289306640625,0.0218505859375,0.01324462890625,0.017578125,0.083984375,0.1142578125,0.283203125,0.0810546875,0.091796875,0.019287109375,0.046142578125
step_632_q_0,0.0029144287109375,0.283203125,0.017822265625,0.042236328125,0.0196533203125,0.038330078125,0.01348876953125,0.0218505859375,0.0595703125,0.003692626953125,0.09521484375,0.00225830078125,0.0022430419921875,0.0196533203125,0.0233154296875,0.0361328125,0.07177734375,0.0263671875,0.033935546875,0.01153564453125,0.028076171875,0.0308837890625,0.037353515625,0.0186767578125,0.028076171875,0.020263671875,0.01068115234375
step_633_q_0,6.079673767089844e-05,0.984375,0.0002346038818359375,0.000202178955078125,0.00020694732666015625,0.0004520416259765625,0.00154876708984375,0.0009002685546875,0.00154876708984375,0.0001354217529296875,0.0018463134765625,0.0002651214599609375,5.3882598876953125e-05,0.0001220703125,0.000164031982421875,0.00014209747314453125,0.00017547607421875,0.000213623046875,0.00051116943359375,0.0009002685546875,0.0017852783203125,0.0004596710205078125,0.000926971435546875,0.0005035400390625,0.00010061264038085938,0.000545501708984375,0.00079345703125
step_634_q_0,9.298324584960938e-05,0.96484375,0.0004291534423828125,0.00154876708984375,0.00013065338134765625,0.00012302398681640625,0.00020313262939453125,0.00099945068359375,0.0001964569091796875,0.00022983551025390625,0.0002689361572265625,0.0004425048828125,0.0002956390380859375,0.0004711151123046875,0.000244140625,0.0001678466796875,0.00102996826171875,0.001495361328125,0.002105712890625,0.00128173828125,0.0002613067626953125,0.0003147125244140625,0.000644683837890625,0.0023193359375,0.00136566162109375,0.000827789306640625,0.0166015625
step_635_q_0,6.765127182006836e-06,0.369140625,6.4849853515625e-05,0.00011587142944335938,0.000530242919921875,0.00020885467529296875,5.030632019042969e-05,5.364418029785156e-05,0.00020122528076171875,0.0001583099365234375,0.0008087158203125,0.001190185546875,0.004364013671875,0.00634765625,0.0023651123046875,0.004364013671875,0.00543212890625,0.0023345947265625,0.01519775390625,0.0189208984375,0.018310546875,0.04150390625,0.04541015625,0.306640625,0.1025390625,0.03125,0.0235595703125
step_636_q_0,0.000949859619140625,0.46875,0.001007080078125,0.006683349609375,0.00860595703125,0.007354736328125,0.003936767578125,0.00689697265625,0.0159912109375,0.00106048583984375,0.01458740234375,0.0027923583984375,0.004180908203125,0.0206298828125,0.0299072265625,0.051025390625,0.0654296875,0.0299072265625,0.06982421875,0.0272216796875,0.006683349609375,0.007354736328125,0.1044921875,0.033935546875,0.002166748046875,0.004730224609375,0.004058837890625
step_637_q_0,0.000518798828125,0.419921875,0.000942230224609375,0.004913330078125,0.0025634765625,0.00157928466796875,0.000789642333984375,0.000732421875,0.00250244140625,0.00157928466796875,0.00128936767578125,0.00162506103515625,0.00506591796875,0.006683349609375,0.0245361328125,0.0206298828125,0.0115966796875,0.00628662109375,0.007598876953125,0.048828125,0.0908203125,0.12451171875,0.05517578125,0.10302734375,0.0184326171875,0.00689697265625,0.030029296875
step_638_q_0,3.7848949432373047e-06,0.05224609375,0.000133514404296875,0.0005035400390625,0.0004177093505859375,0.0003681182861328125,0.00098419189453125,0.00051116943359375,0.000335693359375,7.05718994140625e-05,0.000301361083984375,0.0003147125244140625,1.055002212524414e-05,0.0003871917724609375,0.00046539306640625,0.000148773193359375,0.0003566741943359375,0.00052642822265625,0.000896453857421875,0.00469970703125,0.000843048095703125,0.000431060791015625,0.0020294189453125,0.002288818359375,0.0014801025390625,0.0037841796875,0.92578125
step_639_q_0,0.00171661376953125,0.75,0.00171661376953125,0.0078125,0.01507568359375,0.00946044921875,0.0091552734375,0.0361328125,0.032958984375,0.00147247314453125,0.031982421875,0.007354736328125,0.0007171630859375,0.007110595703125,0.01251220703125,0.00885009765625,0.01007080078125,0.006683349609375,0.004608154296875,0.004730224609375,0.002655029296875,0.002044677734375,0.006103515625,0.00555419921875,0.007568359375,0.003692626953125,0.01287841796875
step_640_q_0,5.9604644775390625e-05,0.62890625,0.00160980224609375,0.00634765625,0.00274658203125,0.0037994384765625,0.00133514404296875,0.0068359375,0.00604248046875,0.000514984130859375,0.03662109375,0.0023040771484375,0.00127410888671875,0.064453125,0.023681640625,0.042236328125,0.0166015625,0.017578125,0.01806640625,0.00469970703125,0.0023193359375,0.001373291015625,0.05517578125,0.031982421875,0.005035400390625,0.004608154296875,0.01239013671875
step_641_q_0,0.0002346038818359375,0.54296875,0.00135040283203125,0.0034942626953125,0.00162506103515625,0.0034942626953125,0.00323486328125,0.0062255859375,0.00421142578125,0.000476837158203125,0.0096435546875,0.004913330078125,0.0013885498046875,0.01519775390625,0.011474609375,0.0118408203125,0.06298828125,0.08056640625,0.015625,0.0172119140625,0.00567626953125,0.00738525390625,0.0419921875,0.0262451171875,0.0888671875,0.00750732421875,0.02392578125
step_642_q_0,0.00057220458984375,0.9140625,4.76837158203125e-05,0.000701904296875,0.000316619873046875,0.000438690185546875,0.0030975341796875,0.00982666015625,0.004638671875,0.000316619873046875,0.0032958984375,0.00113677978515625,0.000263214111328125,0.001007080078125,0.005096435546875,0.0032958984375,0.0037384033203125,0.0030059814453125,0.006561279296875,0.004364013671875,0.0081787109375,0.006744384765625,0.005767822265625,0.00634765625,0.00179290771484375,0.0003108978271484375,0.005767822265625
step_643_q_0,3.314018249511719e-05,0.032470703125,0.00011682510375976562,0.000591278076171875,0.00078582763671875,0.000629425048828125,0.000522613525390625,0.0079345703125,0.0030059814453125,8.153915405273438e-05,0.0244140625,0.0303955078125,0.003753662109375,0.03662109375,0.050048828125,0.01226806640625,0.10595703125,0.00897216796875,0.00579833984375,0.04150390625,0.306640625,0.1455078125,0.07275390625,0.020263671875,0.050048828125,0.0012969970703125,0.03662109375
step_644_q_0,0.00130462646484375,0.486328125,0.0032196044921875,0.00506591796875,0.0033721923828125,0.0029754638671875,0.0206298828125,0.10205078125,0.0234375,0.0003376007080078125,0.032958984375,0.006927490234375,0.003082275390625,0.018798828125,0.01708984375,0.041259765625,0.037353515625,0.095703125,0.04248046875,0.01104736328125,0.007598876953125,0.00714111328125,0.00738525390625,0.0022430419921875,0.0146484375,0.0037689208984375,0.0023193359375
step_645_q_0,7.963180541992188e-05,0.95703125,0.00011730194091796875,0.000331878662109375,0.00022125244140625,0.000446319580078125,0.00165557861328125,0.0018768310546875,0.001007080078125,0.000141143798828125,0.000873565673828125,0.00020885467529296875,0.00017642974853515625,0.00064849853515625,0.0014190673828125,0.00165557861328125,0.00084686279296875,0.0027313232421875,0.0036163330078125,0.0026092529296875,0.0037994384765625,0.0030059814453125,0.0037994384765625,0.004730224609375,0.00176239013671875,0.0003757476806640625,0.0036163330078125
step_646_q_0,0.00174713134765625,0.498046875,0.004302978515625,0.005035400390625,0.0031585693359375,0.00185394287109375,0.007354736328125,0.031982421875,0.00860595703125,0.00286865234375,0.004608154296875,0.00885009765625,0.003936767578125,0.005706787109375,0.00555419921875,0.01251220703125,0.032958984375,0.051025390625,0.01416015625,0.01507568359375,0.00970458984375,0.00860595703125,0.0478515625,0.034912109375,0.044921875,0.01556396484375,0.11865234375
step_647_q_0,0.00011157989501953125,0.5234375,0.000362396240234375,0.00147247314453125,0.0024261474609375,0.002044677734375,0.000579833984375,0.0032196044921875,0.003936767578125,0.000186920166015625,0.0057373046875,0.00180816650390625,0.001617431640625,0.00958251953125,0.0135498046875,0.0203857421875,0.0191650390625,0.015380859375,0.01312255859375,0.06884765625,0.039306640625,0.09423828125,0.0732421875,0.058837890625,0.006805419921875,0.0067138671875,0.01312255859375
step_648_q_0,0.000324249267578125,0.462890625,0.00030517578125,0.0036468505859375,0.007049560546875,0.01123046875,0.03466796875,0.1171875,0.030517578125,0.0022125244140625,0.0238037109375,0.01123046875,0.0026702880859375,0.01055908203125,0.0269775390625,0.02783203125,0.036865234375,0.04736328125,0.030517578125,0.01025390625,0.006011962890625,0.00640869140625,0.030517578125,0.0096435546875,0.0269775390625,0.004150390625,0.0174560546875
step_649_q_0,0.0019683837890625,0.69921875,0.00157928466796875,0.00189208984375,0.00103759765625,0.000690460205078125,0.001800537109375,0.0024566650390625,0.0018157958984375,0.00164794921875,0.00433349609375,0.0050048828125,0.0069580078125,0.007293701171875,0.0220947265625,0.00714111328125,0.01361083984375,0.007171630859375,0.005523681640625,0.06298828125,0.052978515625,0.0341796875,0.02392578125,0.007537841796875,0.0023345947265625,0.0140380859375,0.00830078125
step_650_q_0,6.884336471557617e-06,0.051513671875,1.4543533325195312e-05,4.220008850097656e-05,2.8014183044433594e-05,4.220008850097656e-05,0.00083160400390625,0.0013275146484375,0.0014190673828125,0.0001277923583984375,0.00048828125,0.000370025634765625,9.918212890625e-05,0.00035858154296875,0.000446319580078125,0.000759124755859375,0.0002307891845703125,0.000537872314453125,0.00017452239990234375,0.0019378662109375,0.004241943359375,0.002899169921875,0.011474609375,0.005767822265625,0.001251220703125,0.000858306884765625,0.9140625
step_651_q_0,0.00142669677734375,0.46875,0.00069427490234375,0.006103515625,0.00555419921875,0.0030670166015625,0.02490234375,0.044921875,0.021240234375,0.00191497802734375,0.0166015625,0.006103515625,0.007354736328125,0.01104736328125,0.0166015625,0.018798828125,0.01458740234375,0.05615234375,0.039794921875,0.0166015625,0.039794921875,0.052734375,0.041015625,0.031982421875,0.025634765625,0.004058837890625,0.0225830078125
step_652_q_0,3.600120544433594e-05,0.369140625,0.00133514404296875,0.005615234375,0.00083160400390625,0.0020599365234375,0.0036163330078125,0.005615234375,0.0084228515625,0.001556396484375,0.044189453125,0.0030059814453125,0.01263427734375,0.11279296875,0.087890625,0.1640625,0.027587890625,0.05322265625,0.01080322265625,0.00677490234375,0.0162353515625,0.0130615234375,0.0294189453125,0.00408935546875,0.0018768310546875,0.0118408203125,0.0028228759765625
step_653_q_0,0.000820159912109375,0.48828125,0.000759124755859375,0.00139617919921875,0.00112152099609375,0.0003986358642578125,0.000579833984375,0.002685546875,0.0019073486328125,0.000762939453125,0.0033416748046875,0.0029449462890625,0.005584716796875,0.007415771484375,0.0220947265625,0.017822265625,0.0220947265625,0.018310546875,0.01220703125,0.021484375,0.04541015625,0.04541015625,0.10546875,0.09619140625,0.04833984375,0.0033416748046875,0.0235595703125
step_654_q_0,0.00109100341796875,0.56640625,0.00115966796875,0.0166015625,0.0113525390625,0.0093994140625,0.08935546875,0.1474609375,0.0206298828125,0.00127410888671875,0.0103759765625,0.0048828125,0.0020751953125,0.00689697265625,0.01171875,0.01287841796875,0.0113525390625,0.018798828125,0.006683349609375,0.0048828125,0.0064697265625,0.007568359375,0.0133056640625,0.007568359375,0.004608154296875,0.0009613037109375,0.00537109375
step_655_q_0,0.00014400482177734375,0.050537109375,0.00081634521484375,0.005859375,0.0028533935546875,0.0050048828125,0.01092529296875,0.0262451171875,0.01129150390625,0.0031280517578125,0.035888671875,0.041748046875,0.007049560546875,0.04443359375,0.039306640625,0.05712890625,0.08837890625,0.041748046875,0.060791015625,0.0830078125,0.035888671875,0.050537109375,0.10693359375,0.08837890625,0.06494140625,0.0037689208984375,0.03271484375
step_656_q_0,9.107589721679688e-05,0.1923828125,0.000652313232421875,0.00872802734375,0.004669189453125,0.006591796875,0.0625,0.1806640625,0.0162353515625,0.000762939453125,0.01190185546875,0.004669189453125,0.004974365234375,0.0517578125,0.02294921875,0.08544921875,0.04296875,0.140625,0.020263671875,0.0098876953125,0.0208740234375,0.0252685546875,0.0303955078125,0.0079345703125,0.020263671875,0.002655029296875,0.023681640625
step_657_q_0,0.0001373291015625,0.9375,0.00128173828125,0.00145721435546875,0.000457763671875,0.0003795623779296875,0.00096893310546875,0.0018157958984375,0.000568389892578125,0.00360107421875,0.00145721435546875,0.002899169921875,0.0032806396484375,0.00154876708984375,0.000881195068359375,0.00099945068359375,0.00145721435546875,0.0032806396484375,0.004913330078125,0.0038299560546875,0.00836181640625,0.005401611328125,0.0034942626953125,0.0006866455078125,0.0020599365234375,0.0013275146484375,0.0047607421875
step_658_q_0,0.000255584716796875,0.8125,0.00640869140625,0.006195068359375,0.00201416015625,0.001953125,0.00933837890625,0.016357421875,0.007720947265625,0.00482177734375,0.00933837890625,0.005645751953125,0.0024261474609375,0.005157470703125,0.00118255615234375,0.006011962890625,0.01055908203125,0.01055908203125,0.00115203857421875,0.00104522705078125,0.00066375732421875,0.00147247314453125,0.00482177734375,0.003021240234375,0.01275634765625,0.004119873046875,0.052001953125
step_659_q_0,5.626678466796875e-05,0.365234375,0.00022983551025390625,0.000919342041015625,0.0009918212890625,0.00115966796875,0.00022029876708984375,0.000125885009765625,0.0002880096435546875,0.000797271728515625,0.002105712890625,0.000370025634765625,0.0015869140625,0.0035247802734375,0.017578125,0.00885009765625,0.032958984375,0.01171875,0.01708984375,0.010009765625,0.04931640625,0.08642578125,0.08935546875,0.2080078125,0.083984375,0.0019683837890625,0.006072998046875
step_660_q_0,9.202957153320312e-05,0.640625,0.0003261566162109375,0.00335693359375,0.0030517578125,0.0023040771484375,0.0031585693359375,0.005889892578125,0.0032501220703125,0.002166748046875,0.0064697265625,0.002166748046875,0.0020294189453125,0.0113525390625,0.0233154296875,0.0308837890625,0.013671875,0.021240234375,0.0299072265625,0.0093994140625,0.002777099609375,0.0181884765625,0.1181640625,0.0289306640625,0.006256103515625,0.0027008056640625,0.0093994140625
step_661_q_0,0.00048065185546875,0.57421875,0.000858306884765625,0.0030364990234375,0.000789642333984375,0.0003337860107421875,0.000457763671875,0.00122833251953125,0.000507354736328125,0.00140380859375,0.0024566650390625,0.0022735595703125,0.004730224609375,0.00142669677734375,0.01019287109375,0.00250244140625,0.018798828125,0.00677490234375,0.0084228515625,0.044189453125,0.07763671875,0.08544921875,0.019287109375,0.01153564453125,0.0225830078125,0.004730224609375,0.09375
step_662_q_0,6.437301635742188e-05,0.1669921875,0.000823974609375,0.000621795654296875,0.000247955322265625,8.487701416015625e-05,0.00286865234375,0.00457763671875,0.001739501953125,0.000797271728515625,0.00335693359375,0.000946044921875,0.00107574462890625,0.003936767578125,0.0022430419921875,0.002777099609375,0.0009918212890625,0.00335693359375,0.0022430419921875,0.000904083251953125,0.010986328125,0.0133056640625,0.0113525390625,0.00457763671875,0.0078125,0.0034637451171875,0.74609375
step_663_q_0,0.0004405975341796875,0.546875,0.0022735595703125,0.00537109375,0.00194549560546875,0.00147247314453125,0.008056640625,0.01171875,0.0034637451171875,0.00885009765625,0.007110595703125,0.0022125244140625,0.0030670166015625,0.017578125,0.0206298828125,0.01287841796875,0.004058837890625,0.0206298828125,0.0478515625,0.029052734375,0.01171875,0.057861328125,0.02734375,0.05419921875,0.007110595703125,0.003265380859375,0.08154296875
step_664_q_0,6.29425048828125e-05,0.7265625,0.0034637451171875,0.0027008056640625,0.0007476806640625,0.00168609619140625,0.000499725341796875,0.00112152099609375,0.00335693359375,0.001739501953125,0.00689697265625,0.00072479248046875,0.0133056640625,0.0225830078125,0.0247802734375,0.038330078125,0.005706787109375,0.006256103515625,0.00185394287109375,0.002960205078125,0.001739501953125,0.0361328125,0.0198974609375,0.04638671875,0.010986328125,0.005706787109375,0.0155029296875
step_665_q_0,0.0001773834228515625,0.341796875,0.000301361083984375,0.000545501708984375,0.000331878662109375,0.0003032684326171875,0.0004634857177734375,0.001312255859375,0.000530242919921875,0.00119781494140625,0.0013275146484375,0.0045166015625,0.00213623046875,0.004669189453125,0.00518798828125,0.006256103515625,0.0272216796875,0.017333984375,0.0233154296875,0.013671875,0.013671875,0.01904296875,0.028076171875,0.0595703125,0.29296875,0.004180908203125,0.1298828125
step_666_q_0,0.00016880035400390625,0.55859375,0.000659942626953125,0.000926971435546875,0.00104522705078125,0.0018310546875,0.0016937255859375,0.0027923583984375,0.000591278076171875,0.00128173828125,0.00083160400390625,0.0011138916015625,0.001617431640625,0.0026702880859375,0.0032196044921875,0.00823974609375,0.048828125,0.041748046875,0.0123291015625,0.00927734375,0.009033203125,0.007476806640625,0.0126953125,0.01397705078125,0.078125,0.0047607421875,0.17578125
step_667_q_0,5.269050598144531e-05,0.9765625,0.0002899169921875,0.000812530517578125,0.00014972686767578125,0.000202178955078125,0.000263214111328125,0.00074005126953125,0.0003490447998046875,0.003631591796875,0.000507354736328125,0.00067138671875,0.000186920166015625,0.00125885009765625,9.822845458984375e-05,0.00069427490234375,0.00054168701171875,0.00213623046875,0.002655029296875,0.000476837158203125,0.000225067138671875,0.0002079010009765625,0.0001983642578125,0.0003719329833984375,0.00054168701171875,0.00118255615234375,0.004974365234375
step_668_q_0,0.0003147125244140625,0.84375,0.000823974609375,0.0027618408203125,0.00141143798828125,0.00060272216796875,0.0009918212890625,0.0013275146484375,0.00109100341796875,0.000972747802734375,0.0111083984375,0.0031890869140625,0.005859375,0.0106201171875,0.0040283203125,0.00921630859375,0.007080078125,0.007415771484375,0.019775390625,0.0262451171875,0.0062255859375,0.00823974609375,0.0052490234375,0.0033416748046875,0.0037841796875,0.00921630859375,0.0062255859375
step_669_q_0,5.2928924560546875e-05,0.9375,0.0052490234375,0.00096893310546875,0.00066375732421875,0.00023746490478515625,0.018310546875,0.0023956298828125,0.00150299072265625,0.018310546875,0.007171630859375,0.000286102294921875,0.00058746337890625,0.0023193359375,2.7418136596679688e-05,0.0004291534423828125,0.0003795623779296875,0.001129150390625,0.00011920928955078125,4.673004150390625e-05,5.817413330078125e-05,1.3828277587890625e-05,0.00145721435546875,2.0742416381835938e-05,9.47713851928711e-06,0.000644683837890625,0.00040435791015625
step_670_q_0,9.059906005859375e-05,0.90625,0.00043487548828125,0.0001392364501953125,0.000244140625,7.200241088867188e-05,0.000614166259765625,0.0002689361572265625,0.00090789794921875,0.00025177001953125,0.0133056640625,0.002105712890625,0.0028839111328125,0.0133056640625,0.003692626953125,0.003936767578125,0.00262451171875,0.00506591796875,0.00506591796875,0.0027923583984375,0.00506591796875,0.009765625,0.0028839111328125,0.00262451171875,0.00164031982421875,0.0078125,0.00714111328125
step_671_q_0,2.9087066650390625e-05,0.69140625,0.00015926361083984375,0.00040435791015625,0.000324249267578125,0.000820159912109375,0.00103759765625,0.00121307373046875,0.000518798828125,0.00045013427734375,0.0038604736328125,0.00103759765625,0.00182342529296875,0.00579833984375,0.004241943359375,0.0084228515625,0.01226806640625,0.010498046875,0.017822265625,0.0130615234375,0.003143310546875,0.004241943359375,0.033447265625,0.0157470703125,0.037841796875,0.0032958984375,0.1279296875
step_672_q_0,1.125037670135498e-06,3.814697265625e-05,0.00164794921875,0.0007781982421875,0.37890625,0.0002536773681640625,0.0002956390380859375,0.0101318359375,0.00096893310546875,1.2814998626708984e-06,0.0012054443359375,5.587935447692871e-07,0.000606536865234375,0.00096893310546875,0.0010986328125,0.001983642578125,0.0166015625,0.0020599365234375,0.0002231597900390625,0.10205078125,0.0001735687255859375,0.0001354217529296875,0.45703125,4.267692565917969e-05,0.0201416015625,1.475214958190918e-06,0.00186920166015625,2.2411346435546875e-05
step_673_q_0,0.00038909912109375,0.000339508056640625,0.00031280517578125,0.0002899169921875,0.00017261505126953125,0.000232696533203125,0.0002117156982421875,0.00013065338134765625,0.00016498565673828125,0.000499725341796875,0.0001392364501953125,0.000640869140625,0.0004425048828125,0.000965118408203125,0.0016937255859375,0.001800537109375,0.00127410888671875,0.00131988525390625,0.001495361328125,0.01141357421875,0.0166015625,0.022705078125,0.12255859375,0.259765625,0.40234375,0.1015625,0.039794921875,0.01251220703125
step_674_q_0,0.000347137451171875,0.1494140625,0.050048828125,0.04150390625,0.03125,0.0260009765625,0.01904296875,0.0059814453125,0.035400390625,0.02294921875,0.05322265625,0.060302734375,0.054931640625,0.054931640625,0.00927734375,0.05322265625,0.028564453125,0.02294921875,0.01348876953125,0.02294921875,0.013916015625,0.01953125,0.1494140625,0.021484375,0.013916015625,0.0059814453125,0.00494384765625,0.0152587890625
step_675_q_0,0.000667572021484375,0.083984375,0.00872802734375,0.013671875,0.00909423828125,0.004302978515625,0.0034637451171875,0.0037384033203125,0.01708984375,0.006561279296875,0.0289306640625,0.0150146484375,0.0150146484375,0.29296875,0.0673828125,0.1259765625,0.044921875,0.0289306640625,0.0361328125,0.010009765625,0.0240478515625,0.021240234375,0.0810546875,0.037109375,0.008544921875,0.0036773681640625,0.005706787109375,0.00213623046875
step_676_q_0,0.000530242919921875,0.6796875,0.0027008056640625,0.00732421875,0.006256103515625,0.003631591796875,0.00616455078125,0.013916015625,0.006683349609375,0.0036773681640625,0.00335693359375,0.00238037109375,0.0010833740234375,0.006256103515625,0.0233154296875,0.0038604736328125,0.03173828125,0.00830078125,0.0155029296875,0.0186767578125,0.010498046875,0.003570556640625,0.0198974609375,0.0078125,0.0308837890625,0.01348876953125,0.0218505859375,0.04638671875
step_677_q_0,0.00180816650390625,0.6875,0.00408935546875,0.025390625,0.007293701171875,0.0068359375,0.00677490234375,0.015869140625,0.0177001953125,0.007568359375,0.01287841796875,0.000720977783203125,0.00238037109375,0.005462646484375,0.00897216796875,0.0089111328125,0.0172119140625,0.0081787109375,0.01239013671875,0.01361083984375,0.00567626953125,0.006622314453125,0.0189208984375,0.029296875,0.00860595703125,0.004974365234375,0.025390625,0.029296875
step_678_q_0,7.152557373046875e-05,0.8828125,0.00121307373046875,0.0024871826171875,0.00139617919921875,0.0003814697265625,0.000301361083984375,0.000942230224609375,0.000591278076171875,0.0003871917724609375,0.000301361083984375,0.000217437744140625,0.000759124755859375,0.00135040283203125,0.005096435546875,0.00384521484375,0.002227783203125,0.00179290771484375,0.013427734375,0.0172119140625,0.0189208984375,0.0189208984375,0.0072021484375,0.0032958984375,0.002227783203125,0.0024871826171875,0.005096435546875,0.0032958984375
step_679_q_0,0.0002384185791015625,0.0172119140625,0.01116943359375,0.017822265625,0.0101318359375,0.0189208984375,0.0021209716796875,0.01080322265625,0.0167236328125,0.00982666015625,0.04541015625,0.003448486328125,0.068359375,0.042724609375,0.0267333984375,0.058349609375,0.05322265625,0.042724609375,0.022216796875,0.00799560546875,0.04541015625,0.07275390625,0.1279296875,0.038818359375,0.09619140625,0.0189208984375,0.029296875,0.0849609375
step_680_q_0,0.004791259765625,0.51953125,0.0302734375,0.051513671875,0.013671875,0.02587890625,0.00909423828125,0.0142822265625,0.0439453125,0.0035552978515625,0.1025390625,0.0018463134765625,0.00174713134765625,0.0228271484375,0.01953125,0.0189208984375,0.0267333984375,0.0162353515625,0.01202392578125,0.002899169921875,0.0034027099609375,0.007080078125,0.0086669921875,0.005340576171875,0.00604248046875,0.013427734375,0.004425048828125,0.00921630859375
step_681_q_0,3.695487976074219e-05,0.99609375,9.584426879882812e-05,0.00011205673217773438,0.0001392364501953125,0.00011920928955078125,0.000247955322265625,0.00011539459228515625,0.0004787445068359375,5.054473876953125e-05,0.00058746337890625,6.4849853515625e-05,1.6450881958007812e-05,4.482269287109375e-05,6.031990051269531e-05,4.744529724121094e-05,5.6743621826171875e-05,4.291534423828125e-05,7.82012939453125e-05,0.00019931793212890625,0.00045013427734375,0.0002193450927734375,0.00022602081298828125,0.0001068115234375,1.6689300537109375e-05,0.00011205673217773438,0.00015544891357421875,0.0003032684326171875
step_682_q_0,0.0002918243408203125,0.953125,0.001190185546875,0.0023651123046875,0.0001659393310546875,0.0001583099365234375,0.0003108978271484375,0.0008697509765625,0.000362396240234375,0.00028228759765625,0.00052642822265625,0.00112152099609375,0.000896453857421875,0.0017852783203125,0.0003414154052734375,0.000213623046875,0.0010528564453125,0.001678466796875,0.002593994140625,0.0023651123046875,0.00024127960205078125,0.000545501708984375,0.0004119873046875,0.000698089599609375,0.00130462646484375,0.0010528564453125,0.0145263671875,0.00799560546875
step_683_q_0,9.238719940185547e-06,0.3984375,7.43865966796875e-05,8.7738037109375e-05,0.000518798828125,0.000148773193359375,9.584426879882812e-05,0.0001811981201171875,0.000732421875,9.250640869140625e-05,0.000782012939453125,0.0003814697265625,0.00070953369140625,0.00372314453125,0.0031890869140625,0.007080078125,0.0054931640625,0.002197265625,0.0106201171875,0.0262451171875,0.01361083984375,0.0224609375,0.059326171875,0.2578125,0.06494140625,0.0279541015625,0.08349609375,0.01031494140625
step_684_q_0,0.00060272216796875,0.71875,0.000934600830078125,0.003997802734375,0.00531005859375,0.00482177734375,0.0037689208984375,0.00872802734375,0.0135498046875,0.00080108642578125,0.01397705078125,0.00189208984375,0.004119873046875,0.01397705078125,0.02099609375,0.0238037109375,0.0286865234375,0.014892578125,0.026123046875,0.0185546875,0.0123291015625,0.0098876953125,0.0286865234375,0.011962890625,0.001861572265625,0.00439453125,0.00311279296875,0.00138092041015625
step_685_q_0,0.000576019287109375,0.373046875,0.00093841552734375,0.00604248046875,0.0029449462890625,0.0018768310546875,0.000782012939453125,0.00092315673828125,0.002471923828125,0.0013275146484375,0.00154876708984375,0.0017547607421875,0.0048828125,0.004730224609375,0.0242919921875,0.0203857421875,0.0140380859375,0.00604248046875,0.006439208984375,0.043212890625,0.09765625,0.125,0.06689453125,0.11376953125,0.0167236328125,0.00775146484375,0.041259765625,0.01239013671875
step_686_q_0,1.7642974853515625e-05,0.1376953125,0.00024127960205078125,0.00095367431640625,0.0013427734375,0.000789642333984375,0.0015716552734375,0.0014801025390625,0.00180816650390625,0.00024127960205078125,0.00180816650390625,0.0021820068359375,6.246566772460938e-05,0.000766754150390625,0.000553131103515625,0.000560760498046875,0.002288818359375,0.0013885498046875,0.000766754150390625,0.00183868408203125,0.00113677978515625,0.00193023681640625,0.0031280517578125,0.0050048828125,0.002593994140625,0.0050048828125,0.08056640625,0.7421875
step_687_q_0,0.000560760498046875,0.7890625,0.00067901611328125,0.004852294921875,0.006622314453125,0.0068359375,0.00823974609375,0.0224609375,0.01806640625,0.0005035400390625,0.0224609375,0.004425048828125,0.0004367828369140625,0.00567626953125,0.0096435546875,0.004425048828125,0.004425048828125,0.00823974609375,0.007049560546875,0.005859375,0.0016021728515625,0.0010986328125,0.002685546875,0.0038909912109375,0.0034332275390625,0.00201416015625,0.019775390625,0.03369140625
step_688_q_0,6.628036499023438e-05,0.53125,0.00159454345703125,0.0115966796875,0.004150390625,0.00555419921875,0.0012969970703125,0.00946044921875,0.00531005859375,0.0003986358642578125,0.040283203125,0.004486083984375,0.00107574462890625,0.05078125,0.0260009765625,0.033935546875,0.03125,0.0205078125,0.0277099609375,0.00958251953125,0.0036163330078125,0.00238037109375,0.06640625,0.04638671875,0.0137939453125,0.00750732421875,0.034912109375,0.0096435546875
step_689_q_0,9.584426879882812e-05,0.51953125,0.000835418701171875,0.0021820068359375,0.000888824462890625,0.0019683837890625,0.00139617919921875,0.0029449462890625,0.002593994140625,0.0002574920654296875,0.0107421875,0.003082275390625,0.000614166259765625,0.00653076171875,0.00738525390625,0.005859375,0.048095703125,0.0439453125,0.01129150390625,0.0177001953125,0.00372314453125,0.004852294921875,0.0301513671875,0.0257568359375,0.11572265625,0.0118408203125,0.0927734375,0.0283203125
step_690_q_0,0.00016117095947265625,0.921875,3.814697265625e-05,0.0004711151123046875,0.0001811981201171875,0.00032806396484375,0.00341796875,0.0123291015625,0.00213623046875,0.000202178955078125,0.0026702880859375,0.00116729736328125,0.0001735687255859375,0.00099945068359375,0.003021240234375,0.00167083740234375,0.00250244140625,0.0022735595703125,0.006011962890625,0.00274658203125,0.0042724609375,0.0024261474609375,0.00213623046875,0.003997802734375,0.0029296875,0.000675201416015625,0.01123046875,0.00958251953125
step_691_q_0,1.1801719665527344e-05,0.00830078125,4.220008850097656e-05,0.00022029876708984375,0.0003528594970703125,0.0003528594970703125,0.000579833984375,0.010986328125,0.0029449462890625,2.574920654296875e-05,0.019287109375,0.035888671875,0.0087890625,0.02978515625,0.02978515625,0.01806640625,0.1513671875,0.0169677734375,0.010986328125,0.05224609375,0.1826171875,0.0712890625,0.11767578125,0.03173828125,0.091796875,0.00567626953125,0.05224609375,0.049072265625
step_692_q_0,0.00058746337890625,0.67578125,0.002471923828125,0.00323486328125,0.00162506103515625,0.000896453857421875,0.00933837890625,0.0419921875,0.00604248046875,0.0002002716064453125,0.0087890625,0.00604248046875,0.00299072265625,0.0096435546875,0.00469970703125,0.023193359375,0.04736328125,0.06298828125,0.0306396484375,0.01025390625,0.01202392578125,0.007293701171875,0.0062255859375,0.003082275390625,0.01275634765625,0.0040283203125,0.0034942626953125,0.001953125
step_693_q_0,4.5299530029296875e-05,0.9765625,0.00013065338134765625,0.0002956390380859375,0.0002002716064453125,0.000392913818359375,0.0009765625,0.0011444091796875,0.0009613037109375,7.43865966796875e-05,0.0005645751953125,0.0001926422119140625,0.0001220703125,0.0004482269287109375,0.00106048583984375,0.0009613037109375,0.000461578369140625,0.0012359619140625,0.002349853515625,0.00106048583984375,0.00185394287109375,0.00110626220703125,0.00140380859375,0.002349853515625,0.000812530517578125,0.00026702880859375,0.00160980224609375,0.00133514404296875
step_694_q_0,0.00154876708984375,0.50390625,0.0028076171875,0.0034942626953125,0.0022125244140625,0.001983642578125,0.009765625,0.0257568359375,0.0107421875,0.001983642578125,0.00421142578125,0.00836181640625,0.002716064453125,0.005950927734375,0.00653076171875,0.009765625,0.020751953125,0.03515625,0.01220703125,0.018310546875,0.009765625,0.0111083984375,0.036376953125,0.0257568359375,0.036376953125,0.0228271484375,0.130859375,0.0400390625
step_695_q_0,5.841255187988281e-05,0.671875,0.0002498626708984375,0.000301361083984375,0.000484466552734375,0.0003414154052734375,0.00011491775512695312,0.000957489013671875,0.000598907470703125,0.00016307830810546875,0.00099945068359375,0.000858306884765625,0.0007476806640625,0.00274658203125,0.003997802734375,0.004180908203125,0.00872802734375,0.004547119140625,0.004058837890625,0.0732421875,0.0185546875,0.04443359375,0.029541015625,0.0625,0.0108642578125,0.0027923583984375,0.036865234375,0.014404296875
step_696_q_0,0.0004291534423828125,0.7109375,0.000759124755859375,0.0036773681640625,0.00323486328125,0.0037841796875,0.0086669921875,0.03125,0.0147705078125,0.0019073486328125,0.0172119140625,0.007415771484375,0.0030975341796875,0.0101318359375,0.01263427734375,0.013427734375,0.0167236328125,0.0242919921875,0.01080322265625,0.00897216796875,0.007415771484375,0.0069580078125,0.0142822265625,0.0101318359375,0.0201416015625,0.006134033203125,0.0228271484375,0.0084228515625
step_697_q_0,0.00135040283203125,0.73828125,0.001617431640625,0.0012664794921875,0.00051116943359375,0.0003681182861328125,0.000568389892578125,0.00098419189453125,0.0006103515625,0.0011749267578125,0.00167083740234375,0.005584716796875,0.009765625,0.005157470703125,0.018798828125,0.00531005859375,0.01611328125,0.004669189453125,0.0052490234375,0.0751953125,0.03515625,0.022705078125,0.016845703125,0.005859375,0.00179290771484375,0.01055908203125,0.008544921875,0.004364013671875
step_698_q_0,5.513429641723633e-06,0.07373046875,2.467632293701172e-05,7.390975952148438e-05,4.5299530029296875e-05,5.054473876953125e-05,0.00048065185546875,0.0004520416259765625,0.0010833740234375,0.0002346038818359375,0.000766754150390625,0.00037384033203125,0.0001468658447265625,0.0002498626708984375,0.000301361083984375,0.000843048095703125,0.00022029876708984375,0.000843048095703125,8.630752563476562e-05,0.0004100799560546875,0.001190185546875,0.0027618408203125,0.0087890625,0.0068359375,0.0004520416259765625,0.00037384033203125,0.057373046875,0.84375
step_699_q_0,0.00140380859375,0.7265625,0.00118255615234375,0.006103515625,0.00421142578125,0.0022125244140625,0.01708984375,0.024169921875,0.01336669921875,0.00159454345703125,0.00860595703125,0.0022430419921875,0.00445556640625,0.00946044921875,0.0107421875,0.01141357421875,0.005401611328125,0.0206298828125,0.0137939453125,0.0067138671875,0.0194091796875,0.0181884765625,0.01611328125,0.012939453125,0.00860595703125,0.003997802734375,0.0146484375,0.012939453125
step_700_q_0,5.078315734863281e-05,0.197265625,0.0019989013671875,0.01080322265625,0.000759124755859375,0.0030059814453125,0.0031890869140625,0.004638671875,0.01226806640625,0.0024871826171875,0.068359375,0.0027313232421875,0.017333984375,0.1748046875,0.08251953125,0.287109375,0.017333984375,0.02587890625,0.0028228759765625,0.0014190673828125,0.004638671875,0.004791259765625,0.04150390625,0.00897216796875,0.000888824462890625,0.0152587890625,0.00543212890625,0.00128936767578125
step_701_q_0,0.0004119873046875,0.71484375,0.00121307373046875,0.00171661376953125,0.00102996826171875,0.0003566741943359375,0.000579833984375,0.0022735595703125,0.0023345947265625,0.00145721435546875,0.005279541015625,0.0020599365234375,0.003143310546875,0.00689697265625,0.0162353515625,0.01348876953125,0.01287841796875,0.01171875,0.005889892578125,0.01190185546875,0.0152587890625,0.0157470703125,0.0390625,0.05322265625,0.02685546875,0.004302978515625,0.0260009765625,0.00579833984375
step_702_q_0,0.00055694580078125,0.6640625,0.00131988525390625,0.00946044921875,0.005645751953125,0.006500244140625,0.083984375,0.134765625,0.0166015625,0.00069427490234375,0.007354736328125,0.001983642578125,0.000659942626953125,0.0030670166015625,0.004119873046875,0.0067138671875,0.004974365234375,0.01177978515625,0.00445556640625,0.002349853515625,0.0022735595703125,0.00177764892578125,0.004913330078125,0.005462646484375,0.0033111572265625,0.0004634857177734375,0.00860595703125,0.003936767578125
step_703_q_0,0.00010633468627929688,0.037841796875,0.003204345703125,0.0260009765625,0.0084228515625,0.01348876953125,0.01904296875,0.029541015625,0.0196533203125,0.0019989013671875,0.048583984375,0.04150390625,0.00482177734375,0.045654296875,0.032470703125,0.04150390625,0.053466796875,0.032470703125,0.045654296875,0.08251953125,0.02294921875,0.03662109375,0.053466796875,0.07763671875,0.064453125,0.006378173828125,0.10595703125,0.044189453125
step_704_q_0,8.535385131835938e-05,0.3671875,0.0005035400390625,0.00494384765625,0.0013275146484375,0.003082275390625,0.0274658203125,0.0703125,0.005401611328125,0.0004367828369140625,0.00494384765625,0.00921630859375,0.006744384765625,0.0311279296875,0.0177001953125,0.042724609375,0.051513671875,0.14453125,0.04833984375,0.0167236328125,0.03759765625,0.038818359375,0.018310546875,0.007171630859375,0.01611328125,0.004638671875,0.01300048828125,0.00982666015625
step_705_q_0,0.00010633468627929688,0.94921875,0.000507354736328125,0.001007080078125,0.0003833770751953125,0.00042724609375,0.001220703125,0.00133514404296875,0.000522613525390625,0.0022125244140625,0.000865936279296875,0.00201416015625,0.00213623046875,0.000522613525390625,0.000507354736328125,0.0003948211669921875,0.0004138946533203125,0.00118255615234375,0.0022125244140625,0.00311279296875,0.0076904296875,0.00250244140625,0.00147247314453125,0.000308990478515625,0.00125885009765625,0.0009765625,0.00311279296875,0.01397705078125
step_706_q_0,0.0002231597900390625,0.828125,0.005584716796875,0.004486083984375,0.00145721435546875,0.0021209716796875,0.01300048828125,0.0189208984375,0.006317138671875,0.003082275390625,0.00653076171875,0.0069580078125,0.0024871826171875,0.00408935546875,0.000911712646484375,0.00408935546875,0.007171630859375,0.01220703125,0.003082275390625,0.002716064453125,0.000667572021484375,0.0017547607421875,0.00360107421875,0.00193023681640625,0.005950927734375,0.00299072265625,0.0274658203125,0.020751953125
step_707_q_0,3.3855438232421875e-05,0.5859375,0.000270843505859375,0.000453948974609375,0.000453948974609375,0.000499725341796875,0.00017547607421875,0.00010728836059570312,0.00021266937255859375,0.0002193450927734375,0.000637054443359375,8.96453857421875e-05,0.000530242919921875,0.001434326171875,0.01513671875,0.0050048828125,0.0213623046875,0.0047607421875,0.0101318359375,0.00787353515625,0.0250244140625,0.05810546875,0.03759765625,0.06787109375,0.072265625,0.001434326171875,0.06787109375,0.01300048828125
step_708_q_0,5.14984130859375e-05,0.80859375,0.00021457672119140625,0.0015106201171875,0.00110626220703125,0.00110626220703125,0.00194549560546875,0.003631591796875,0.00194549560546875,0.00160980224609375,0.004241943359375,0.0019989013671875,0.0010223388671875,0.005462646484375,0.0098876953125,0.00958251953125,0.0076904296875,0.0098876953125,0.0157470703125,0.01153564453125,0.0033111572265625,0.01226806640625,0.037841796875,0.016845703125,0.004974365234375,0.00121307373046875,0.0184326171875,0.00579833984375
step_709_q_0,0.000518798828125,0.56640625,0.000888824462890625,0.0023345947265625,0.00051116943359375,0.000286102294921875,0.0006103515625,0.0010986328125,0.0004425048828125,0.00154876708984375,0.0019683837890625,0.002532958984375,0.00341796875,0.00103759765625,0.0076904296875,0.00148773193359375,0.0126953125,0.0045166015625,0.007568359375,0.037353515625,0.052490234375,0.08935546875,0.017333984375,0.0130615234375,0.0181884765625,0.006072998046875,0.0654296875,0.083984375
step_710_q_0,1.4066696166992188e-05,0.11474609375,0.000522613525390625,0.000751495361328125,0.0004215240478515625,0.000141143798828125,0.0024566650390625,0.005889892578125,0.001800537109375,0.00060272216796875,0.00445556640625,0.000514984130859375,0.000934600830078125,0.0034637451171875,0.00109100341796875,0.0030670166015625,0.0009918212890625,0.0015411376953125,0.0003376007080078125,0.0001239776611328125,0.002105712890625,0.006683349609375,0.00885009765625,0.0028839111328125,0.0014495849609375,0.00131988525390625,0.03515625,0.796875
step_711_q_0,0.000274658203125,0.59375,0.00156402587890625,0.003692626953125,0.00118255615234375,0.0013427734375,0.007476806640625,0.00927734375,0.00347900390625,0.0032196044921875,0.00872802734375,0.0024566650390625,0.00274658203125,0.015869140625,0.01312255859375,0.0126953125,0.0036468505859375,0.00927734375,0.0135498046875,0.0123291015625,0.01019287109375,0.034423828125,0.0135498046875,0.02294921875,0.009033203125,0.003265380859375,0.12060546875,0.06640625
step_712_q_0,7.963180541992188e-05,0.64453125,0.001861572265625,0.002471923828125,0.00070953369140625,0.0023956298828125,0.000606536865234375,0.00128173828125,0.0028839111328125,0.000728607177734375,0.006927490234375,0.0021820068359375,0.01513671875,0.0166015625,0.01177978515625,0.0274658203125,0.009765625,0.01336669921875,0.003173828125,0.0029754638671875,0.0017547607421875,0.06396484375,0.0257568359375,0.048095703125,0.03515625,0.0177001953125,0.031005859375,0.0107421875
step_713_q_0,0.00013446807861328125,0.1484375,0.000244140625,0.0003681182861328125,0.00014019012451171875,7.867813110351562e-05,0.0002918243408203125,0.0020599365234375,0.000446319580078125,0.0019989013671875,0.0010986328125,0.0034942626953125,0.0020599365234375,0.0025177001953125,0.007659912109375,0.005523681640625,0.0250244140625,0.01263427734375,0.01324462890625,0.0106201171875,0.0302734375,0.01953125,0.020751953125,0.0189208984375,0.23046875,0.003662109375,0.392578125,0.04541015625
step_714_q_0,9.34600830078125e-05,0.53125,0.000598907470703125,0.00064849853515625,0.00064849853515625,0.001617431640625,0.003814697265625,0.0023956298828125,0.0004634857177734375,0.00101470947265625,0.000690460205078125,0.000865936279296875,0.000667572021484375,0.002716064453125,0.0017242431640625,0.004974365234375,0.01336669921875,0.0194091796875,0.01104736328125,0.01141357421875,0.006500244140625,0.003265380859375,0.00714111328125,0.007354736328125,0.0146484375,0.0034332275390625,0.0869140625,0.259765625
step_715_q_0,7.677078247070312e-05,0.98046875,0.000492095947265625,0.00147247314453125,0.000244140625,0.0002765655517578125,0.00011730194091796875,0.0011138916015625,0.0004787445068359375,0.0011138916015625,0.000865936279296875,0.0013427734375,0.0003604888916015625,0.000762939453125,0.00063323974609375,0.00104522705078125,0.0005950927734375,0.00043487548828125,0.000865936279296875,0.00052642822265625,0.00201416015625,0.0005950927734375,0.0003185272216796875,0.000152587890625,0.0005950927734375,0.00092315673828125,0.00043487548828125,0.0015716552734375
step_716_q_0,0.00017642974853515625,0.87109375,0.00099945068359375,0.0019378662109375,0.001251220703125,0.000736236572265625,0.000415802001953125,0.00112152099609375,0.00139617919921875,0.00057220458984375,0.01080322265625,0.00299072265625,0.00543212890625,0.007415771484375,0.002685546875,0.0093994140625,0.00408935546875,0.002777099609375,0.0118408203125,0.0205078125,0.01043701171875,0.00830078125,0.00518798828125,0.0019683837890625,0.0024261474609375,0.0072021484375,0.00299072265625,0.00408935546875
step_717_q_0,5.14984130859375e-05,0.859375,0.00396728515625,0.001068115234375,0.001373291015625,0.000522613525390625,0.09033203125,0.01080322265625,0.00494384765625,0.0021209716796875,0.011474609375,0.00057220458984375,0.0018157958984375,0.00225830078125,5.245208740234375e-05,0.000713348388671875,0.000278472900390625,0.0013275146484375,0.000133514404296875,0.0001277923583984375,0.00018024444580078125,3.218650817871094e-05,0.00543212890625,4.6253204345703125e-05,1.4424324035644531e-05,0.00110626220703125,0.00035858154296875,0.001373291015625
step_718_q_0,8.678436279296875e-05,0.875,0.0006103515625,0.0009765625,0.00060272216796875,0.00025177001953125,0.000492095947265625,0.00054931640625,0.00087738037109375,0.000461578369140625,0.0240478515625,0.001739501953125,0.002960205078125,0.00830078125,0.0103759765625,0.0034637451171875,0.002044677734375,0.00732421875,0.0091552734375,0.00191497802734375,0.008056640625,0.005889892578125,0.0034637451171875,0.003692626953125,0.00119781494140625,0.01171875,0.0113525390625,0.0034637451171875
step_719_q_0,5.3882598876953125e-05,0.43359375,0.0001354217529296875,0.0004024505615234375,0.0002117156982421875,0.0003452301025390625,0.000965118408203125,0.0012969970703125,0.0004634857177734375,0.00017547607421875,0.0023956298828125,0.000919342041015625,0.00063323974609375,0.004119873046875,0.0028839111328125,0.0037078857421875,0.00433349609375,0.0079345703125,0.007232666015625,0.0245361328125,0.0018310546875,0.0023193359375,0.01312255859375,0.0123291015625,0.0123291015625,0.002838134765625,0.232421875,0.2255859375
step_720_q_0,0.0002346038818359375,0.08935546875,0.00038909912109375,0.000301361083984375,3.552436828613281e-05,0.111328125,0.057861328125,0.000965118408203125,0.0009765625,0.00069427490234375,0.0003414154052734375,0.00010967254638671875,0.0194091796875,0.0002880096435546875,0.0003719329833984375,0.00151824951171875,0.000728607177734375,0.00946044921875,0.08935546875,0.000823974609375,0.189453125,0.3125,3.266334533691406e-05,0.052734375,0.00087738037109375,0.0264892578125,0.00078582763671875,0.0035858154296875,0.029052734375
step_721_q_0,5.7220458984375e-05,0.00013065338134765625,0.000324249267578125,0.000324249267578125,0.0002155303955078125,0.0001735687255859375,0.00023651123046875,0.00012111663818359375,0.00012493133544921875,0.001861572265625,0.0001964569091796875,0.0002956390380859375,0.00017833709716796875,0.00010347366333007812,0.000354766845703125,0.0004291534423828125,0.001129150390625,0.001861572265625,0.0014495849609375,0.0029754638671875,0.00262451171875,0.00555419921875,0.022705078125,0.02734375,0.057861328125,0.095703125,0.1904296875,0.427734375,0.1572265625
step_722_q_0,0.000362396240234375,0.09033203125,0.04248046875,0.06201171875,0.04833984375,0.0242919921875,0.0142822265625,0.005767822265625,0.038818359375,0.026611328125,0.04248046875,0.036376953125,0.05810546875,0.04541015625,0.01220703125,0.06591796875,0.05126953125,0.0228271484375,0.018310546875,0.018310546875,0.0142822265625,0.02587890625,0.130859375,0.0189208984375,0.01519775390625,0.0026397705078125,0.005767822265625,0.0137939453125,0.04833984375
step_723_q_0,0.0004100799560546875,0.14453125,0.01348876953125,0.01287841796875,0.00830078125,0.00537109375,0.004302978515625,0.00579833984375,0.0205078125,0.005615234375,0.035400390625,0.01458740234375,0.01434326171875,0.1591796875,0.05322265625,0.0751953125,0.035400390625,0.0244140625,0.035400390625,0.01287841796875,0.0322265625,0.037841796875,0.0849609375,0.07275390625,0.0233154296875,0.0130615234375,0.028564453125,0.010498046875,0.0150146484375
step_724_q_0,0.000873565673828125,0.82421875,0.00148773193359375,0.00341796875,0.00250244140625,0.0025482177734375,0.0029754638671875,0.00421142578125,0.003997802734375,0.00250244140625,0.0016937255859375,0.0028839111328125,0.00189208984375,0.003997802734375,0.00848388671875,0.002288818359375,0.006591796875,0.0033721923828125,0.00848388671875,0.0091552734375,0.0166015625,0.00531005859375,0.0213623046875,0.00531005859375,0.007720947265625,0.004974365234375,0.005828857421875,0.01177978515625,0.022705078125
step_725_q_0,0.00457763671875,0.51953125,0.01123046875,0.04052734375,0.01141357421875,0.00811767578125,0.006988525390625,0.028076171875,0.025390625,0.006744384765625,0.02685546875,0.002197265625,0.0037689208984375,0.01031494140625,0.01226806640625,0.005767822265625,0.017333984375,0.0064697265625,0.0059814453125,0.006195068359375,0.04248046875,0.0194091796875,0.0208740234375,0.0069580078125,0.004241943359375,0.0157470703125,0.00970458984375,0.01361083984375,0.1083984375
step_726_q_0,0.000438690185546875,0.8203125,0.00173187255859375,0.00384521484375,0.0019989013671875,0.000438690185546875,0.000675201416015625,0.0029449462890625,0.00157928466796875,0.0003490447998046875,0.0003204345703125,0.0004787445068359375,0.001068115234375,0.001373291015625,0.007293701171875,0.0037841796875,0.002197265625,0.002777099609375,0.00604248046875,0.0164794921875,0.034912109375,0.01202392578125,0.005859375,0.004241943359375,0.002777099609375,0.005523681640625,0.01202392578125,0.01544189453125,0.03271484375
step_727_q_0,0.000469207763671875,0.02001953125,0.003326416015625,0.00738525390625,0.003082275390625,0.00750732421875,0.00183868408203125,0.01043701171875,0.006500244140625,0.01513671875,0.018798828125,0.004608154296875,0.05126953125,0.01422119140625,0.0311279296875,0.012939453125,0.046630859375,0.0213623046875,0.01214599609375,0.00860595703125,0.059814453125,0.1435546875,0.3046875,0.0274658203125,0.06787109375,0.033203125,0.009765625,0.0177001953125,0.03857421875
step_728_q_0,0.000705718994140625,0.1015625,0.006500244140625,0.02734375,0.0091552734375,0.0225830078125,0.01416015625,0.033935546875,0.052734375,0.0029296875,0.1259765625,0.000865936279296875,0.017578125,0.0654296875,0.033935546875,0.0595703125,0.15234375,0.0194091796875,0.03857421875,0.0166015625,0.01104736328125,0.0225830078125,0.032958984375,0.01068115234375,0.02734375,0.037353515625,0.007598876953125,0.01416015625,0.033935546875
step_729_q_0,3.2335519790649414e-06,0.9921875,0.0002841949462890625,0.00043487548828125,0.0002727508544921875,0.0001621246337890625,0.0001678466796875,6.67572021484375e-05,0.000728607177734375,0.00011491775512695312,0.00106048583984375,0.00013256072998046875,3.075599670410156e-05,0.00021839141845703125,0.0002117156982421875,0.0003185272216796875,0.00018405914306640625,9.5367431640625e-05,0.00012063980102539062,0.00012493133544921875,0.00017547607421875,0.00011348724365234375,0.0004482269287109375,0.00021839141845703125,4.2438507080078125e-05,0.00013065338134765625,0.000244140625,0.00015735626220703125,0.000621795654296875
step_730_q_0,0.000530242919921875,0.95703125,0.0004253387451171875,0.000274658203125,0.0002918243408203125,0.0003204345703125,0.00061798095703125,0.00244140625,0.002685546875,0.00020122528076171875,0.00084686279296875,0.0003643035888671875,0.00022792816162109375,0.0003204345703125,0.00015163421630859375,0.0003414154052734375,0.00022792816162109375,0.0001010894775390625,4.76837158203125e-05,0.00013828277587890625,0.0002346038818359375,0.000530242919921875,0.0002651214599609375,6.532669067382812e-05,0.000301361083984375,0.0004253387451171875,0.00022029876708984375,0.00020122528076171875,0.03076171875
step_731_q_0,2.3692846298217773e-06,0.79296875,6.437301635742188e-05,5.91278076171875e-05,9.298324584960938e-05,6.4849853515625e-05,2.4080276489257812e-05,1.519918441772461e-05,0.00023746490478515625,8.726119995117188e-05,0.0003452301025390625,0.00014972686767578125,0.000148773193359375,0.000598907470703125,0.000579833984375,0.0028533935546875,0.0020904541015625,0.00135040283203125,0.000720977783203125,0.001129150390625,0.00141143798828125,0.0027618408203125,0.005157470703125,0.01806640625,0.01239013671875,0.0164794921875,0.05224609375,0.06494140625,0.024658203125
step_732_q_0,0.00124359130859375,0.890625,0.000492095947265625,0.00174713134765625,0.002349853515625,0.0015411376953125,0.00140380859375,0.004119873046875,0.006195068359375,0.000606536865234375,0.006195068359375,0.00106048583984375,0.000789642333984375,0.001953125,0.005157470703125,0.004547119140625,0.00701904296875,0.0034332275390625,0.004669189453125,0.006805419921875,0.004669189453125,0.006805419921875,0.0135498046875,0.00640869140625,0.00128173828125,0.0018310546875,0.00274658203125,0.00201416015625,0.00701904296875
step_733_q_0,0.00017833709716796875,0.1826171875,0.0002040863037109375,0.000850677490234375,0.000614166259765625,0.000820159912109375,0.00013637542724609375,0.0002918243408203125,0.0003986358642578125,0.0002727508544921875,0.000274658203125,0.000789642333984375,0.005584716796875,0.0033416748046875,0.00494384765625,0.00469970703125,0.027099609375,0.005096435546875,0.002044677734375,0.07373046875,0.2001953125,0.2197265625,0.1142578125,0.0888671875,0.0186767578125,0.004486083984375,0.027099609375,0.01239013671875,0.000957489013671875
step_734_q_0,2.3245811462402344e-06,0.0625,1.537799835205078e-05,4.315376281738281e-05,0.00010013580322265625,6.4849853515625e-05,0.00014591217041015625,0.0003833770751953125,0.0003490447998046875,1.4066696166992188e-05,0.000949859619140625,0.0001964569091796875,7.43865966796875e-05,0.0003490447998046875,0.000152587890625,0.000396728515625,0.00069427490234375,0.000652313232421875,0.00016021728515625,0.0001373291015625,8.58306884765625e-05,0.000339508056640625,0.0042724609375,0.00531005859375,0.0003490447998046875,0.000308990478515625,0.000576019287109375,0.00194549560546875,0.91796875
step_735_q_0,0.00262451171875,0.76171875,0.0018310546875,0.00823974609375,0.006011962890625,0.006805419921875,0.00933837890625,0.0238037109375,0.0269775390625,0.002288818359375,0.052001953125,0.004119873046875,0.0007171630859375,0.01123046875,0.00701904296875,0.00726318359375,0.005126953125,0.00640869140625,0.005462646484375,0.0036468505859375,0.000865936279296875,0.0003528594970703125,0.00142669677734375,0.00118255615234375,0.00128173828125,0.004058837890625,0.0098876953125,0.0185546875,0.00848388671875
step_736_q_0,0.00016498565673828125,0.3125,0.00244140625,0.0223388671875,0.003753662109375,0.003631591796875,0.0013275146484375,0.00885009765625,0.0079345703125,0.000946044921875,0.0615234375,0.00421142578125,0.0020599365234375,0.1435546875,0.0517578125,0.040283203125,0.040283203125,0.07080078125,0.044921875,0.0034332275390625,0.00311279296875,0.0015869140625,0.06884765625,0.01507568359375,0.01904296875,0.00946044921875,0.0225830078125,0.0098876953125,0.023681640625
step_737_q_0,9.012222290039062e-05,0.734375,0.000762939453125,0.002716064453125,0.00109100341796875,0.002044677734375,0.001312255859375,0.005615234375,0.0022735595703125,0.0003414154052734375,0.01019287109375,0.004241943359375,0.0006561279296875,0.006072998046875,0.00616455078125,0.00537109375,0.034423828125,0.013916015625,0.006683349609375,0.0076904296875,0.0023345947265625,0.002593994140625,0.00494384765625,0.005706787109375,0.025146484375,0.01080322265625,0.04150390625,0.040283203125,0.019287109375
step_738_q_0,6.532669067382812e-05,0.93359375,2.1219253540039062e-05,0.000583648681640625,0.00016117095947265625,0.00022602081298828125,0.004180908203125,0.004913330078125,0.0027923583984375,0.00012874603271484375,0.00167083740234375,0.00043487548828125,0.0001373291015625,0.000652313232421875,0.0030670166015625,0.000850677490234375,0.00060272216796875,0.00118255615234375,0.00537109375,0.00107574462890625,0.000850677490234375,0.0004634857177734375,0.00066375732421875,0.000576019287109375,0.00087738037109375,0.000484466552734375,0.0078125,0.00860595703125,0.0177001953125
step_739_q_0,1.2040138244628906e-05,0.00628662109375,9.059906005859375e-06,0.00025177001953125,0.00060272216796875,0.00060272216796875,0.010986328125,0.037353515625,0.0091552734375,2.1576881408691406e-05,0.0186767578125,0.017578125,0.0078125,0.017578125,0.0654296875,0.034912109375,0.07421875,0.2578125,0.06982421875,0.017578125,0.0272216796875,0.012451171875,0.05419921875,0.0133056640625,0.0791015625,0.00885009765625,0.0615234375,0.05419921875,0.042236328125
step_740_q_0,0.001556396484375,0.5546875,0.0084228515625,0.0072021484375,0.0037384033203125,0.0023040771484375,0.017333984375,0.068359375,0.01226806640625,0.00023555755615234375,0.009521484375,0.01348876953125,0.007659912109375,0.013916015625,0.0084228515625,0.064453125,0.060302734375,0.062255859375,0.02294921875,0.0130615234375,0.01434326171875,0.00579833984375,0.01019287109375,0.0030975341796875,0.00543212890625,0.004364013671875,0.00060272216796875,0.000415802001953125,0.003509521484375
step_741_q_0,0.00016307830810546875,0.93359375,0.00020122528076171875,0.0006256103515625,0.000652313232421875,0.000762939453125,0.0024261474609375,0.0027923583984375,0.00177001953125,0.0002841949462890625,0.000942230224609375,0.00023937225341796875,0.0001316070556640625,0.000934600830078125,0.00555419921875,0.003814697265625,0.000732421875,0.003814697265625,0.00946044921875,0.0020751953125,0.0025787353515625,0.0015411376953125,0.00482177734375,0.00555419921875,0.0013580322265625,0.0007171630859375,0.00689697265625,0.003814697265625,0.0022735595703125
step_742_q_0,0.000713348388671875,0.72265625,0.00179290771484375,0.004180908203125,0.002777099609375,0.001739501953125,0.0186767578125,0.044921875,0.019287109375,0.00153350830078125,0.005523681640625,0.005889892578125,0.0036773681640625,0.006072998046875,0.00732421875,0.008056640625,0.0093994140625,0.01409912109375,0.00122833251953125,0.002166748046875,0.0033416748046875,0.0036773681640625,0.005523681640625,0.00390625,0.0159912109375,0.00830078125,0.023193359375,0.0033416748046875,0.05078125
step_743_q_0,8.630752563476562e-05,0.609375,0.0002689361572265625,0.0004024505615234375,0.000476837158203125,0.000537872314453125,0.00020122528076171875,0.0005340576171875,0.00127410888671875,0.000270843505859375,0.00144195556640625,0.000713348388671875,0.0002918243408203125,0.00213623046875,0.0036163330078125,0.0072021484375,0.00579833984375,0.0030059814453125,0.00185394287109375,0.0244140625,0.01953125,0.0244140625,0.040283203125,0.099609375,0.0157470703125,0.003204345703125,0.0703125,0.046875,0.0162353515625
step_744_q_0,0.00193023681640625,0.578125,0.000354766845703125,0.0023193359375,0.004150390625,0.004150390625,0.021728515625,0.03173828125,0.025390625,0.0029449462890625,0.019775390625,0.00567626953125,0.003387451171875,0.00994873046875,0.021728515625,0.0296630859375,0.0174560546875,0.06298828125,0.01202392578125,0.00469970703125,0.0034332275390625,0.004150390625,0.0224609375,0.016357421875,0.016357421875,0.0068359375,0.0185546875,0.00567626953125,0.0458984375
step_745_q_0,0.00104522705078125,0.75390625,0.001983642578125,0.001922607421875,0.000705718994140625,0.000667572021484375,0.000732421875,0.001800537109375,0.00091552734375,0.00167083740234375,0.002288818359375,0.008544921875,0.01141357421875,0.00634765625,0.01123046875,0.005035400390625,0.015625,0.0029144287109375,0.002532958984375,0.04443359375,0.02783203125,0.033447265625,0.015380859375,0.007781982421875,0.00335693359375,0.0123291015625,0.01092529296875,0.006805419921875,0.008056640625
step_746_q_0,3.4332275390625e-05,0.28515625,1.3709068298339844e-05,0.0001373291015625,0.000232696533203125,0.0002899169921875,0.0015411376953125,0.00099945068359375,0.0030670166015625,0.00013446807861328125,0.00592041015625,0.00180816650390625,0.00124359130859375,0.00124359130859375,0.000644683837890625,0.0025482177734375,0.00140380859375,0.003173828125,0.000396728515625,0.0002193450927734375,0.0005340576171875,0.00445556640625,0.031982421875,0.0264892578125,0.003173828125,0.000827789306640625,0.003173828125,0.01556396484375,0.60546875
step_747_q_0,0.0002498626708984375,0.61328125,0.000335693359375,0.00167083740234375,0.00154876708984375,0.0008544921875,0.0028533935546875,0.003326416015625,0.0027618408203125,0.000339508056640625,0.0013885498046875,0.00154876708984375,0.0020904541015625,0.0031280517578125,0.00604248046875,0.005157470703125,0.0021209716796875,0.004852294921875,0.011962890625,0.01446533203125,0.01318359375,0.015869140625,0.025390625,0.02783203125,0.00170135498046875,0.00531005859375,0.0732421875,0.12109375,0.03466796875
step_748_q_0,6.341934204101562e-05,0.359375,0.00112152099609375,0.00171661376953125,0.0004062652587890625,0.000732421875,0.0025787353515625,0.002166748046875,0.00543212890625,0.0030517578125,0.050048828125,0.001556396484375,0.006988525390625,0.060302734375,0.0294189453125,0.1240234375,0.01019287109375,0.006988525390625,0.00148773193359375,0.000453948974609375,0.0029144287109375,0.0098876953125,0.154296875,0.06640625,0.0016632080078125,0.020263671875,0.0277099609375,0.00958251953125,0.040283203125
step_749_q_0,0.00011587142944335938,0.6484375,0.00013828277587890625,0.0004024505615234375,0.0004367828369140625,0.0002002716064453125,0.000530242919921875,0.00213623046875,0.00154876708984375,0.00023555755615234375,0.001556396484375,0.00135040283203125,0.00139617919921875,0.004425048828125,0.007537841796875,0.010009765625,0.005889892578125,0.006256103515625,0.0027313232421875,0.005615234375,0.0147705078125,0.017822265625,0.033203125,0.045654296875,0.012451171875,0.003509521484375,0.042724609375,0.02294921875,0.10595703125
step_750_q_0,0.00019359588623046875,0.91796875,0.0013580322265625,0.00872802734375,0.0036468505859375,0.00213623046875,0.00531005859375,0.006195068359375,0.006011962890625,0.00167083740234375,0.0028839111328125,0.001495361328125,0.0013580322265625,0.00138092041015625,0.00164031982421875,0.001861572265625,0.0022125244140625,0.0017242431640625,0.00116729736328125,0.001495361328125,0.00140380859375,0.00177764892578125,0.0027008056640625,0.0018310546875,0.0008392333984375,0.00142669677734375,0.00250244140625,0.003021240234375,0.0123291015625
step_751_q_0,3.3855438232421875e-05,0.047607421875,0.000537872314453125,0.00665283203125,0.0020904541015625,0.0026092529296875,0.007781982421875,0.0205078125,0.0128173828125,0.0010223388671875,0.03076171875,0.01806640625,0.003143310546875,0.04345703125,0.019287109375,0.07177734375,0.034912109375,0.0299072265625,0.01324462890625,0.0225830078125,0.006866455078125,0.01806640625,0.07373046875,0.07177734375,0.01806640625,0.0048828125,0.201171875,0.1376953125,0.07861328125
step_752_q_0,0.00011110305786132812,0.466796875,0.000667572021484375,0.0040283203125,0.0020904541015625,0.002777099609375,0.0673828125,0.1259765625,0.0255126953125,0.0002841949462890625,0.0159912109375,0.00115203857421875,0.00148773193359375,0.037109375,0.0128173828125,0.06494140625,0.00799560546875,0.0218505859375,0.004425048828125,0.00153350830078125,0.0040283203125,0.006866455078125,0.0279541015625,0.0128173828125,0.0150146484375,0.0020294189453125,0.0186767578125,0.01165771484375,0.037109375
step_753_q_0,0.00013637542724609375,0.88671875,0.00016689300537109375,0.00225830078125,0.001068115234375,0.00083160400390625,0.0031890869140625,0.004364013671875,0.00121307373046875,0.0008087158203125,0.0030059814453125,0.00616455078125,0.0028228759765625,0.0023345947265625,0.0029144287109375,0.0025634765625,0.0031890869140625,0.0045166015625,0.00634765625,0.005615234375,0.009521484375,0.0084228515625,0.00677490234375,0.00165557861328125,0.00396728515625,0.0023345947265625,0.003509521484375,0.007415771484375,0.0172119140625
step_754_q_0,4.2438507080078125e-05,0.8515625,0.002471923828125,0.002716064453125,0.0012054443359375,0.00116729736328125,0.01141357421875,0.022705078125,0.01007080078125,0.000728607177734375,0.00811767578125,0.0027923583984375,0.0022430419921875,0.00506591796875,0.000751495361328125,0.00787353515625,0.00347900390625,0.0037078857421875,0.0003910064697265625,0.00058746337890625,0.0003566741943359375,0.00140380859375,0.002716064453125,0.00128173828125,0.0029754638671875,0.001861572265625,0.00860595703125,0.0033721923828125,0.037353515625
step_755_q_0,1.4603137969970703e-05,0.369140625,9.584426879882812e-05,7.82012939453125e-05,8.0108642578125e-05,0.0001010894775390625,4.506111145019531e-05,2.9206275939941406e-05,0.00035858154296875,0.0002155303955078125,0.0004425048828125,9.393692016601562e-05,0.00017642974853515625,0.000701904296875,0.004364013671875,0.00579833984375,0.006988525390625,0.0007476806640625,0.0037994384765625,0.0034027099609375,0.00897216796875,0.022216796875,0.025146484375,0.0390625,0.022216796875,0.00335693359375,0.1162109375,0.306640625,0.05859375
step_756_q_0,1.1324882507324219e-05,0.044921875,2.9802322387695312e-06,0.00061798095703125,0.00144195556640625,0.00135040283203125,0.00457763671875,0.0048828125,0.00286865234375,0.0001621246337890625,0.003143310546875,0.00072479248046875,0.0005645751953125,0.0113525390625,0.03955078125,0.083984375,0.044921875,0.0576171875,0.08935546875,0.00665283203125,0.0032501220703125,0.03271484375,0.453125,0.07861328125,0.00665283203125,0.0004673004150390625,0.00830078125,0.000301361083984375,0.0186767578125
step_757_q_0,0.0001850128173828125,0.55859375,0.00081634521484375,0.0027618408203125,0.0009002685546875,0.00041961669921875,0.00061798095703125,0.00141143798828125,0.0010986328125,0.001434326171875,0.0034942626953125,0.00176239013671875,0.004974365234375,0.00341796875,0.01556396484375,0.005218505859375,0.01531982421875,0.006805419921875,0.00958251953125,0.01190185546875,0.048583984375,0.048583984375,0.041748046875,0.01708984375,0.037841796875,0.01287841796875,0.0625,0.04296875,0.04296875
step_758_q_0,1.1444091796875e-05,0.1220703125,4.291534423828125e-05,0.00023937225341796875,0.0003490447998046875,8.96453857421875e-05,0.00060272216796875,0.0024566650390625,0.00054931640625,5.91278076171875e-05,0.0026092529296875,0.0004329681396484375,0.000850677490234375,0.0007476806640625,0.0002288818359375,0.0009918212890625,0.000591278076171875,0.000640869140625,5.054473876953125e-05,6.735324859619141e-06,0.0004329681396484375,0.0037994384765625,0.005889892578125,0.00168609619140625,0.0012359619140625,0.000682830810546875,0.000591278076171875,0.004302978515625,0.84765625
step_759_q_0,0.0003185272216796875,0.47265625,0.0019683837890625,0.003143310546875,0.00113677978515625,0.000591278076171875,0.0019683837890625,0.0031890869140625,0.00173187255859375,0.0027313232421875,0.0023345947265625,0.0010833740234375,0.0013275146484375,0.0034027099609375,0.0118408203125,0.0052490234375,0.00122833251953125,0.0031890869140625,0.00543212890625,0.00811767578125,0.00408935546875,0.01300048828125,0.00982666015625,0.01519775390625,0.0025177001953125,0.004791259765625,0.1025390625,0.19140625,0.12353515625
step_760_q_0,3.9577484130859375e-05,0.4375,0.001434326171875,0.00081634521484375,0.00018978118896484375,0.000545501708984375,0.000171661376953125,0.001434326171875,0.0016021728515625,0.000766754150390625,0.000545501708984375,0.00028228759765625,0.00176239013671875,0.004150390625,0.001556396484375,0.02880859375,0.005340576171875,0.01031494140625,0.0042724609375,0.0021209716796875,0.00225830078125,0.1513671875,0.076171875,0.07373046875,0.047607421875,0.005340576171875,0.08349609375,0.0255126953125,0.03173828125
step_761_q_0,9.822845458984375e-05,0.2890625,0.00048828125,0.00021266937255859375,0.00011777877807617188,5.7697296142578125e-05,0.000102996826171875,0.001983642578125,0.000438690185546875,0.000583648681640625,0.00080108642578125,0.002166748046875,0.00116729736328125,0.0015411376953125,0.0019989013671875,0.00927734375,0.0196533203125,0.00958251953125,0.0019989013671875,0.00162506103515625,0.006378173828125,0.00958251953125,0.033447265625,0.028564453125,0.1806640625,0.0028533935546875,0.224609375,0.09375,0.07763671875
step_762_q_0,8.678436279296875e-05,0.75390625,0.0004444122314453125,0.0020599365234375,0.00083160400390625,0.0006256103515625,0.00150299072265625,0.00421142578125,0.000720977783203125,0.00173187255859375,0.00103759765625,0.0014801025390625,0.00141143798828125,0.0028076171875,0.00811767578125,0.0111083984375,0.005584716796875,0.01220703125,0.00787353515625,0.01220703125,0.01080322265625,0.0172119140625,0.00921630859375,0.00421142578125,0.0052490234375,0.00372314453125,0.0089111328125,0.021484375,0.08740234375
step_763_q_0,0.000125885009765625,0.9609375,0.0007171630859375,0.0015869140625,0.000514984130859375,0.00038909912109375,0.0001277923583984375,0.00054168701171875,0.001800537109375,0.008056640625,0.00109100341796875,0.002044677734375,0.0007171630859375,0.0030517578125,0.000331878662109375,0.0024566650390625,0.00042724609375,0.00025177001953125,0.001800537109375,0.000659942626953125,0.00078582763671875,0.00087738037109375,0.0034637451171875,0.0037994384765625,0.000476837158203125,0.00078582763671875,0.000629425048828125,0.000659942626953125,0.000736236572265625
step_764_q_0,6.341934204101562e-05,0.87890625,0.0003204345703125,0.001922607421875,0.00167083740234375,0.000244140625,0.00014400482177734375,0.0003871917724609375,0.00124359130859375,0.0004673004150390625,0.009765625,0.003814697265625,0.012939453125,0.01007080078125,0.00433349609375,0.01373291015625,0.004913330078125,0.0012054443359375,0.00555419921875,0.01177978515625,0.003173828125,0.00421142578125,0.0089111328125,0.001922607421875,0.0029296875,0.01141357421875,0.00124359130859375,0.00054931640625,0.0027923583984375
step_765_q_0,6.914138793945312e-05,0.984375,0.0006561279296875,0.000545501708984375,0.0003528594970703125,0.000110626220703125,0.001312255859375,0.00061798095703125,0.00112152099609375,0.00153350830078125,0.0035552978515625,0.0002574920654296875,0.00049591064453125,0.001434326171875,3.170967102050781e-05,0.0001888275146484375,8.916854858398438e-05,2.110004425048828e-05,0.0001659393310546875,0.00013828277587890625,0.0002002716064453125,1.5974044799804688e-05,0.0003108978271484375,2.849102020263672e-05,6.765127182006836e-06,0.0004520416259765625,1.4543533325195312e-05,5.412101745605469e-05,1.3470649719238281e-05
step_766_q_0,7.534027099609375e-05,0.921875,0.000614166259765625,0.00040435791015625,0.000396728515625,7.295608520507812e-05,0.00010061264038085938,0.000118255615234375,0.0002956390380859375,0.0020751953125,0.004150390625,0.0013885498046875,0.00167083740234375,0.0020751953125,0.00799560546875,0.00125885009765625,0.0006256103515625,0.000732421875,0.005645751953125,0.00125885009765625,0.0096435546875,0.004547119140625,0.0026702880859375,0.0025177001953125,0.0021514892578125,0.00640869140625,0.007720947265625,0.00092315673828125,0.01025390625
step_767_q_0,4.076957702636719e-05,0.33984375,0.0003795623779296875,0.000881195068359375,0.000640869140625,0.000598907470703125,0.000637054443359375,0.000789642333984375,0.00244140625,0.00122833251953125,0.00762939453125,0.0010986328125,0.00189971923828125,0.0125732421875,0.0089111328125,0.036865234375,0.01361083984375,0.0062255859375,0.021728515625,0.00787353515625,0.0050048828125,0.0089111328125,0.05712890625,0.05712890625,0.0380859375,0.01239013671875,0.1767578125,0.1416015625,0.036865234375
step_768_q_0,0.003021240234375,0.00970458984375,0.298828125,0.017333984375,0.0033111572265625,0.007110595703125,0.00128936767578125,0.017333984375,0.029541015625,0.0004425048828125,0.255859375,0.002532958984375,0.00188446044921875,0.255859375,0.01904296875,0.007476806640625,0.0045166015625,0.0123291015625,0.006103515625,0.00335693359375,0.0029296875,0.002655029296875,0.006011962890625,0.00482177734375,0.0057373046875,0.001373291015625,0.01312255859375,0.000885009765625,0.00048828125,0.007476806640625
step_769_q_0,5.817413330078125e-05,7.581710815429688e-05,0.00018215179443359375,0.00014400482177734375,0.0002899169921875,0.0004367828369140625,0.0002193450927734375,0.000362396240234375,0.00063323974609375,0.0115966796875,0.000743865966796875,0.00095367431640625,0.00022602081298828125,0.00028228759765625,0.0002994537353515625,0.00162506103515625,0.00095367431640625,0.0015716552734375,0.001434326171875,0.0027618408203125,0.00469970703125,0.0140380859375,0.07568359375,0.0712890625,0.052001953125,0.09716796875,0.103515625,0.33984375,0.07568359375,0.1416015625
step_770_q_0,0.000530242919921875,0.380859375,0.0201416015625,0.0220947265625,0.017822265625,0.0162353515625,0.01519775390625,0.005767822265625,0.01953125,0.0157470703125,0.0235595703125,0.01953125,0.0302734375,0.0242919921875,0.00494384765625,0.0242919921875,0.027587890625,0.0142822265625,0.01043701171875,0.01519775390625,0.017822265625,0.0242919921875,0.068359375,0.0172119140625,0.00921630859375,0.00421142578125,0.004791259765625,0.01043701171875,0.0341796875,0.10205078125
step_771_q_0,0.000835418701171875,0.263671875,0.01287841796875,0.01348876953125,0.0103759765625,0.0045166015625,0.003753662109375,0.0045166015625,0.01904296875,0.00927734375,0.040283203125,0.0179443359375,0.0216064453125,0.2177734375,0.05859375,0.09375,0.03564453125,0.0184326171875,0.023681640625,0.007110595703125,0.020263671875,0.0179443359375,0.031494140625,0.016357421875,0.0078125,0.006378173828125,0.00628662109375,0.0027008056640625,0.005462646484375,0.00830078125
step_772_q_0,0.00176239013671875,0.54296875,0.0069580078125,0.021728515625,0.00811767578125,0.005767822265625,0.007080078125,0.0125732421875,0.01202392578125,0.00811767578125,0.01025390625,0.00933837890625,0.004791259765625,0.0142822265625,0.037109375,0.0069580078125,0.057373046875,0.00787353515625,0.0125732421875,0.0128173828125,0.0174560546875,0.005767822265625,0.044677734375,0.01025390625,0.024658203125,0.0262451171875,0.011474609375,0.007293701171875,0.00567626953125,0.044677734375
step_773_q_0,0.00115966796875,0.68359375,0.0028076171875,0.0111083984375,0.0059814453125,0.00994873046875,0.00537109375,0.008056640625,0.0091552734375,0.002288818359375,0.0164794921875,0.00144195556640625,0.005828857421875,0.01055908203125,0.00518798828125,0.00885009765625,0.01416015625,0.0042724609375,0.005767822265625,0.00518798828125,0.013427734375,0.01068115234375,0.01806640625,0.01708984375,0.0081787109375,0.0098876953125,0.00909423828125,0.007598876953125,0.0240478515625,0.0654296875
step_774_q_0,0.00024318695068359375,0.70703125,0.0020904541015625,0.004547119140625,0.00433349609375,0.00106048583984375,0.000499725341796875,0.00102996826171875,0.0012054443359375,0.000457763671875,0.00128173828125,0.000766754150390625,0.00167083740234375,0.0017242431640625,0.0057373046875,0.006134033203125,0.0042724609375,0.00439453125,0.01336669921875,0.0166015625,0.0111083984375,0.0301513671875,0.00762939453125,0.00592041015625,0.003326416015625,0.0029449462890625,0.01043701171875,0.0125732421875,0.119140625,0.0177001953125
step_775_q_0,0.000202178955078125,0.02783203125,0.007476806640625,0.0223388671875,0.00848388671875,0.0115966796875,0.0006866455078125,0.006317138671875,0.007720947265625,0.002716064453125,0.031494140625,0.00189208984375,0.036865234375,0.01397705078125,0.015380859375,0.01055908203125,0.030517578125,0.01397705078125,0.0067138671875,0.005645751953125,0.06884765625,0.17578125,0.193359375,0.0223388671875,0.04052734375,0.015869140625,0.00738525390625,0.0223388671875,0.12451171875,0.06689453125
step_776_q_0,0.00170135498046875,0.1767578125,0.01275634765625,0.0230712890625,0.00567626953125,0.021728515625,0.00933837890625,0.027099609375,0.0537109375,0.00360107421875,0.1416015625,0.001953125,0.01165771484375,0.044677734375,0.027099609375,0.049072265625,0.1103515625,0.021728515625,0.0458984375,0.00848388671875,0.0086669921875,0.0224609375,0.0296630859375,0.004547119140625,0.021728515625,0.049072265625,0.00823974609375,0.01239013671875,0.02880859375,0.0169677734375
step_777_q_0,9.5367431640625e-05,0.875,0.002105712890625,0.005035400390625,0.00689697265625,0.00689697265625,0.0034637451171875,0.002777099609375,0.01708984375,0.00017642974853515625,0.01031494140625,0.0001983642578125,9.489059448242188e-05,0.001312255859375,0.0012969970703125,0.0015869140625,0.0034637451171875,0.0026092529296875,0.0026092529296875,0.0027008056640625,0.0009307861328125,0.00112152099609375,0.00885009765625,0.0034637451171875,0.000850677490234375,0.0015411376953125,0.003570556640625,0.004058837890625,0.01416015625,0.0159912109375
step_778_q_0,0.00066375732421875,0.90625,0.004486083984375,0.00116729736328125,0.00180816650390625,0.000568389892578125,0.00066375732421875,0.0038299560546875,0.006927490234375,0.000457763671875,0.00506591796875,0.0008544921875,0.000415802001953125,0.006103515625,0.0003681182861328125,0.00093841552734375,0.00128173828125,0.0004863739013671875,0.0002765655517578125,0.0022430419921875,0.000751495361328125,0.001129150390625,0.004486083984375,0.001495361328125,0.000568389892578125,0.00159454345703125,0.00102996826171875,0.0006256103515625,0.002471923828125,0.039794921875
step_779_q_0,3.695487976074219e-05,0.345703125,0.0014801025390625,0.00067138671875,0.00141143798828125,0.00096893310546875,0.00023174285888671875,0.0003795623779296875,0.0034942626953125,0.0034942626953125,0.00506591796875,0.000843048095703125,0.003082275390625,0.00787353515625,0.00506591796875,0.020751953125,0.00836181640625,0.0050048828125,0.0050048828125,0.01336669921875,0.009765625,0.048095703125,0.08203125,0.1630859375,0.0341796875,0.05126953125,0.06982421875,0.03759765625,0.0341796875,0.03857421875
step_780_q_0,0.000568389892578125,0.07470703125,0.0089111328125,0.095703125,0.0546875,0.026611328125,0.0023193359375,0.005950927734375,0.04248046875,0.00124359130859375,0.048095703125,0.00653076171875,0.01007080078125,0.158203125,0.07470703125,0.06591796875,0.130859375,0.0250244140625,0.045166015625,0.01513671875,0.00180816650390625,0.0021820068359375,0.048095703125,0.0125732421875,0.003082275390625,0.0201416015625,0.00164794921875,0.000553131103515625,0.000804901123046875,0.01611328125
step_781_q_0,0.000942230224609375,0.703125,0.005462646484375,0.00885009765625,0.004425048828125,0.005126953125,0.00107574462890625,0.0015106201171875,0.004486083984375,0.0031585693359375,0.00555419921875,0.003448486328125,0.008056640625,0.01531982421875,0.030029296875,0.02685546875,0.01531982421875,0.003387451171875,0.0028076171875,0.006011962890625,0.020263671875,0.0225830078125,0.01104736328125,0.01251220703125,0.01214599609375,0.016845703125,0.02099609375,0.01483154296875,0.007354736328125,0.00543212890625
step_782_q_0,2.6106834411621094e-05,0.1806640625,0.00011968612670898438,0.00016498565673828125,0.000370025634765625,0.000621795654296875,0.0003223419189453125,0.000354766845703125,0.00112152099609375,1.6689300537109375e-05,0.003997802734375,0.0009918212890625,0.000499725341796875,0.0045166015625,0.0004405975341796875,0.00119781494140625,0.002197265625,0.00146484375,0.0024261474609375,0.001007080078125,0.00011157989501953125,8.106231689453125e-05,0.025146484375,0.0196533203125,0.007232666015625,0.0074462890625,0.004669189453125,0.001007080078125,0.0184326171875,0.71484375
step_783_q_0,0.000568389892578125,0.65625,0.002593994140625,0.00457763671875,0.00457763671875,0.0019989013671875,0.000732421875,0.005340576171875,0.00775146484375,0.000637054443359375,0.00909423828125,0.0023651123046875,0.001068115234375,0.007080078125,0.00799560546875,0.01129150390625,0.0140380859375,0.01239013671875,0.0040283203125,0.00665283203125,0.001190185546875,0.000926971435546875,0.003387451171875,0.004425048828125,0.00421142578125,0.005340576171875,0.0255126953125,0.050537109375,0.11767578125,0.0255126953125
step_784_q_0,1.043081283569336e-05,0.80078125,0.00019359588623046875,0.00078582763671875,0.0002651214599609375,0.0002002716064453125,9.1552734375e-05,0.00168609619140625,0.00101470947265625,9.72747802734375e-05,0.01129150390625,0.000591278076171875,0.001190185546875,0.031494140625,0.016357421875,0.020751953125,0.0169677734375,0.011962890625,0.00738525390625,0.0017852783203125,0.0011444091796875,0.00159454345703125,0.0283203125,0.00726318359375,0.005035400390625,0.0038299560546875,0.00341796875,0.001251220703125,0.00738525390625,0.01458740234375
step_785_q_0,4.9591064453125e-05,0.390625,0.000782012939453125,0.00189208984375,0.00106048583984375,0.0008392333984375,0.00038909912109375,0.00104522705078125,0.00128936767578125,0.0002613067626953125,0.003936767578125,0.0019989013671875,0.0022125244140625,0.0341796875,0.0125732421875,0.039794921875,0.06396484375,0.06982421875,0.0185546875,0.0172119140625,0.0029144287109375,0.006927490234375,0.0234375,0.0234375,0.054443359375,0.01007080078125,0.0986328125,0.072265625,0.036376953125,0.00933837890625
step_786_q_0,0.00029754638671875,0.83984375,0.00029754638671875,0.00250244140625,0.00124359130859375,0.00063323974609375,0.0004825592041015625,0.00347900390625,0.00140380859375,0.000705718994140625,0.00250244140625,0.0029754638671875,0.0013427734375,0.005828857421875,0.01055908203125,0.00933837890625,0.0036468505859375,0.002471923828125,0.004669189453125,0.006805419921875,0.00701904296875,0.005645751953125,0.0034332275390625,0.00439453125,0.0026702880859375,0.002288818359375,0.0174560546875,0.0230712890625,0.016845703125,0.0174560546875
step_787_q_0,2.0265579223632812e-05,0.025146484375,0.00069427490234375,0.0019989013671875,0.00311279296875,0.00171661376953125,0.000759124755859375,0.007232666015625,0.0028228759765625,9.965896606445312e-05,0.025146484375,0.0152587890625,0.01348876953125,0.099609375,0.07763671875,0.034423828125,0.099609375,0.022216796875,0.0126953125,0.025146484375,0.1201171875,0.050048828125,0.068359375,0.0196533203125,0.07275390625,0.003631591796875,0.060546875,0.050048828125,0.0208740234375,0.064453125
step_788_q_0,0.001434326171875,0.8046875,0.0040283203125,0.0031280517578125,0.002899169921875,0.00128173828125,0.00186920166015625,0.01519775390625,0.0054931640625,0.00029754638671875,0.01239013671875,0.005584716796875,0.003326416015625,0.00994873046875,0.0047607421875,0.0189208984375,0.026611328125,0.01318359375,0.00738525390625,0.01129150390625,0.01043701171875,0.01239013671875,0.00799560546875,0.001953125,0.0052490234375,0.0023956298828125,0.00146484375,0.000732421875,0.0025177001953125,0.002716064453125
step_789_q_0,4.9591064453125e-05,0.96875,0.00011968612670898438,0.0002765655517578125,0.00018024444580078125,0.0002498626708984375,0.0012664794921875,0.0023345947265625,0.00113677978515625,0.00011205673217773438,0.00154876708984375,0.0003871917724609375,0.00017070770263671875,0.000774383544921875,0.00152587890625,0.0028533935546875,0.0011749267578125,0.00162506103515625,0.00141143798828125,0.000553131103515625,0.0011749267578125,0.000720977783203125,0.0027313232421875,0.000823974609375,0.00113677978515625,0.000850677490234375,0.00186920166015625,0.000804901123046875,0.0013275146484375,0.00101470947265625
step_790_q_0,0.004241943359375,0.5234375,0.002349853515625,0.00213623046875,0.002838134765625,0.0018310546875,0.0079345703125,0.037841796875,0.02099609375,0.00125885009765625,0.0079345703125,0.01312255859375,0.00531005859375,0.016357421875,0.005462646484375,0.016845703125,0.0123291015625,0.01312255859375,0.005126953125,0.007476806640625,0.005828857421875,0.006378173828125,0.0390625,0.01483154296875,0.016357421875,0.0223388671875,0.037841796875,0.00701904296875,0.0390625,0.10302734375
step_791_q_0,0.0001621246337890625,0.4765625,0.000640869140625,0.00156402587890625,0.001800537109375,0.0027923583984375,0.00191497802734375,0.0029144287109375,0.00445556640625,0.00185394287109375,0.00628662109375,0.0016632080078125,0.00341796875,0.01153564453125,0.013916015625,0.020263671875,0.0126953125,0.01483154296875,0.01483154296875,0.053466796875,0.044189453125,0.0625,0.0625,0.06640625,0.00897216796875,0.003631591796875,0.028564453125,0.016845703125,0.045654296875,0.01348876953125
step_792_q_0,0.0002460479736328125,0.2578125,0.000873565673828125,0.008544921875,0.0093994140625,0.01031494140625,0.034912109375,0.15625,0.0419921875,0.00665283203125,0.03955078125,0.0255126953125,0.012451171875,0.0289306640625,0.03271484375,0.047607421875,0.037109375,0.057373046875,0.0218505859375,0.00604248046875,0.005859375,0.010986328125,0.037109375,0.019287109375,0.0255126953125,0.013671875,0.0159912109375,0.001312255859375,0.00909423828125,0.0255126953125
step_793_q_0,0.00072479248046875,0.390625,0.002471923828125,0.00506591796875,0.0036773681640625,0.00347900390625,0.009033203125,0.0172119140625,0.01275634765625,0.0022735595703125,0.01324462890625,0.003021240234375,0.004608154296875,0.014892578125,0.0234375,0.02490234375,0.005126953125,0.03369140625,0.01422119140625,0.002777099609375,0.004364013671875,0.004638671875,0.0166015625,0.01123046875,0.052001953125,0.0286865234375,0.039794921875,0.03857421875,0.2021484375,0.01434326171875
step_794_q_0,1.8715858459472656e-05,0.06640625,5.125999450683594e-06,4.863739013671875e-05,0.00023937225341796875,0.000461578369140625,0.000591278076171875,0.000408172607421875,0.0019989013671875,9.000301361083984e-06,0.0033111572265625,0.0004482269287109375,0.00107574462890625,0.0045166015625,0.00078582763671875,0.0024261474609375,0.000713348388671875,0.000591278076171875,0.0003490447998046875,0.00017547607421875,0.00011301040649414062,0.0003070831298828125,0.0277099609375,0.006561279296875,0.00146484375,0.004241943359375,0.00146484375,0.00069427490234375,0.01153564453125,0.859375
step_795_q_0,0.00022125244140625,0.326171875,0.00010442733764648438,0.00103759765625,0.00165557861328125,0.00091552734375,0.01080322265625,0.0118408203125,0.004791259765625,0.00021076202392578125,0.0019378662109375,0.001251220703125,0.001007080078125,0.00408935546875,0.01116943359375,0.01385498046875,0.0037384033203125,0.0322265625,0.056640625,0.01385498046875,0.01226806640625,0.01226806640625,0.03662109375,0.056640625,0.0079345703125,0.0030975341796875,0.044189453125,0.046875,0.2099609375,0.07275390625
step_796_q_0,1.33514404296875e-05,0.71484375,0.0004444122314453125,0.0011444091796875,0.0002593994140625,0.000392913818359375,0.0016632080078125,0.003021240234375,0.00156402587890625,0.0009918212890625,0.007232666015625,0.00174713134765625,0.003753662109375,0.02099609375,0.014404296875,0.01904296875,0.006805419921875,0.0079345703125,0.00482177734375,0.0016937255859375,0.00872802734375,0.01123046875,0.048828125,0.02099609375,0.00439453125,0.006805419921875,0.01312255859375,0.007232666015625,0.060546875,0.0045166015625
step_797_q_0,0.000469207763671875,0.46875,0.0003566741943359375,0.00177001953125,0.00140380859375,0.000934600830078125,0.000766754150390625,0.0028839111328125,0.00433349609375,0.00087738037109375,0.003936767578125,0.003265380859375,0.004974365234375,0.030029296875,0.0098876953125,0.03857421875,0.018798828125,0.052734375,0.01556396484375,0.0194091796875,0.01104736328125,0.037353515625,0.0654296875,0.0595703125,0.0281982421875,0.0181884765625,0.0264892578125,0.0123291015625,0.042236328125,0.0194091796875
step_798_q_0,0.0030517578125,0.796875,0.0023345947265625,0.0045166015625,0.003204345703125,0.0048828125,0.006683349609375,0.013671875,0.005889892578125,0.0023345947265625,0.004180908203125,0.006378173828125,0.005615234375,0.0093994140625,0.0032501220703125,0.0093994140625,0.01287841796875,0.006683349609375,0.0037994384765625,0.006378173828125,0.007110595703125,0.008056640625,0.01324462890625,0.00830078125,0.00494384765625,0.004180908203125,0.003204345703125,0.0029144287109375,0.00909423828125,0.0289306640625
step_799_q_0,5.412101745605469e-05,0.02197265625,0.000640869140625,0.00689697265625,0.01141357421875,0.007598876953125,0.01416015625,0.031982421875,0.0177001953125,0.002044677734375,0.05615234375,0.0166015625,0.004608154296875,0.02490234375,0.0986328125,0.049560546875,0.049560546875,0.022705078125,0.02490234375,0.02197265625,0.02490234375,0.049560546875,0.0986328125,0.043701171875,0.030029296875,0.004058837890625,0.0206298828125,0.02001953125,0.1728515625,0.052734375
step_800_q_0,0.000514984130859375,0.330078125,0.0033416748046875,0.01031494140625,0.005096435546875,0.00830078125,0.038330078125,0.06494140625,0.017578125,0.00157928466796875,0.03076171875,0.008544921875,0.0093994140625,0.04345703125,0.017578125,0.061279296875,0.03369140625,0.040771484375,0.012451171875,0.00909423828125,0.0159912109375,0.02978515625,0.035888671875,0.0186767578125,0.0224609375,0.007537841796875,0.0263671875,0.0155029296875,0.053955078125,0.0255126953125
step_801_q_0,0.00023937225341796875,0.72265625,0.000583648681640625,0.0159912109375,0.0113525390625,0.008056640625,0.040771484375,0.03271484375,0.01458740234375,0.002532958984375,0.019287109375,0.007568359375,0.00286865234375,0.012451171875,0.01409912109375,0.01287841796875,0.006866455078125,0.010009765625,0.00909423828125,0.0030517578125,0.0034637451171875,0.00390625,0.01031494140625,0.004302978515625,0.005035400390625,0.0030517578125,0.00286865234375,0.002960205078125,0.01068115234375,0.00457763671875
step_802_q_0,0.00014591217041015625,0.8125,0.0032196044921875,0.0029296875,0.00213623046875,0.0020751953125,0.00701904296875,0.011962890625,0.011962890625,0.00156402587890625,0.01019287109375,0.0026702880859375,0.0026702880859375,0.014404296875,0.0013427734375,0.0126953125,0.005645751953125,0.005126953125,0.00213623046875,0.00118255615234375,0.0004482269287109375,0.00147247314453125,0.00958251953125,0.005126953125,0.0032196044921875,0.003875732421875,0.01397705078125,0.00439453125,0.015869140625,0.029541015625
step_803_q_0,8.7738037109375e-05,0.466796875,0.0007476806640625,0.00083160400390625,0.000885009765625,0.00061798095703125,0.00019741058349609375,0.000148773193359375,0.001007080078125,0.000858306884765625,0.0019989013671875,0.00019168853759765625,0.00083160400390625,0.00494384765625,0.01324462890625,0.012451171875,0.0087890625,0.004241943359375,0.007781982421875,0.00970458984375,0.0087890625,0.044677734375,0.059326171875,0.107421875,0.0255126953125,0.002777099609375,0.0576171875,0.040771484375,0.10107421875,0.0159912109375
step_804_q_0,6.580352783203125e-05,0.1904296875,6.532669067382812e-05,0.003936767578125,0.00738525390625,0.0091552734375,0.0137939453125,0.0194091796875,0.01513671875,0.000518798828125,0.0213623046875,0.004913330078125,0.006500244140625,0.07470703125,0.048095703125,0.1572265625,0.041015625,0.048095703125,0.0206298828125,0.0023193359375,0.00170135498046875,0.01214599609375,0.138671875,0.024169921875,0.00592041015625,0.005401611328125,0.003265380859375,0.000247955322265625,0.0213623046875,0.1015625
step_805_q_0,0.000301361083984375,0.4375,0.00160980224609375,0.006744384765625,0.0020751953125,0.0009918212890625,0.0024566650390625,0.004547119140625,0.0022735595703125,0.0037841796875,0.00738525390625,0.00250244140625,0.007171630859375,0.0111083984375,0.04736328125,0.01806640625,0.01043701171875,0.01361083984375,0.006317138671875,0.005767822265625,0.01806640625,0.027099609375,0.03173828125,0.016357421875,0.03271484375,0.01318359375,0.049072265625,0.0537109375,0.150390625,0.016357421875
step_806_q_0,2.956390380859375e-05,0.265625,0.0001659393310546875,0.00011348724365234375,0.00052642822265625,0.000560760498046875,0.00049591064453125,0.0010986328125,0.000804901123046875,1.7762184143066406e-05,0.0031280517578125,0.000804901123046875,0.0028533935546875,0.0040283203125,0.00022220611572265625,0.001434326171875,0.00124359130859375,0.000942230224609375,0.0003871917724609375,1.5079975128173828e-05,0.0002498626708984375,0.000732421875,0.0062255859375,0.00154876708984375,0.0025177001953125,0.005340576171875,0.000274658203125,0.00046539306640625,0.021728515625,0.67578125
step_807_q_0,0.000247955322265625,0.2060546875,0.00136566162109375,0.00604248046875,0.0028076171875,0.00173187255859375,0.01025390625,0.00823974609375,0.0028533935546875,0.002899169921875,0.0019683837890625,0.000858306884765625,0.00122833251953125,0.0037841796875,0.0174560546875,0.0174560546875,0.0021820068359375,0.015869140625,0.0262451171875,0.0211181640625,0.0042724609375,0.0191650390625,0.049072265625,0.0947265625,0.0062255859375,0.004852294921875,0.1376953125,0.1513671875,0.146484375,0.035888671875
step_808_q_0,4.112720489501953e-06,0.166015625,9.584426879882812e-05,5.364418029785156e-05,2.288818359375e-05,0.00011205673217773438,8.20159912109375e-05,0.000110626220703125,0.00010585784912109375,0.00016689300537109375,0.00010919570922851562,5.245208740234375e-05,0.0002994537353515625,0.005950927734375,0.0016021728515625,0.007659912109375,0.00048828125,0.0052490234375,0.003448486328125,0.00113677978515625,0.00131988525390625,0.053955078125,0.0859375,0.2001953125,0.0556640625,0.000732421875,0.146484375,0.1826171875,0.06689453125,0.0128173828125
step_809_q_0,4.696846008300781e-05,0.396484375,0.00034332275390625,0.0001068115234375,6.914138793945312e-05,0.0001373291015625,8.392333984375e-05,0.0007476806640625,0.0002231597900390625,0.00072479248046875,0.0011138916015625,0.00167083740234375,0.00135040283203125,0.00182342529296875,0.00128173828125,0.006622314453125,0.0096435546875,0.0223388671875,0.00799560546875,0.001953125,0.003326416015625,0.0091552734375,0.02783203125,0.04052734375,0.06884765625,0.00347900390625,0.1171875,0.07080078125,0.12890625,0.07568359375
step_810_q_0,5.340576171875e-05,0.30859375,0.000324249267578125,0.00096893310546875,0.00142669677734375,0.0004367828369140625,0.0004787445068359375,0.0013885498046875,0.00151824951171875,0.0004367828369140625,0.000698089599609375,0.00063323974609375,0.000789642333984375,0.0032196044921875,0.002349853515625,0.01446533203125,0.0035400390625,0.005157470703125,0.00872802734375,0.0123291015625,0.01092529296875,0.0286865234375,0.0458984375,0.01446533203125,0.00799560546875,0.005157470703125,0.0115966796875,0.0269775390625,0.240234375,0.240234375
step_811_q_0,0.0001430511474609375,0.91796875,0.00110626220703125,0.0084228515625,0.002410888671875,0.00182342529296875,0.0001926422119140625,0.000629425048828125,0.0030059814453125,0.01348876953125,0.0015106201171875,0.00177001953125,0.000461578369140625,0.0079345703125,0.00032806396484375,0.0029144287109375,0.0030059814453125,0.00171661376953125,0.002197265625,0.000652313232421875,0.000408172607421875,0.00011301040649414062,0.0045166015625,0.0084228515625,0.00138092041015625,0.0019989013671875,0.002349853515625,0.000537872314453125,0.0003490447998046875,0.00958251953125
step_812_q_0,0.0002498626708984375,0.79296875,0.000926971435546875,0.0029449462890625,0.00136566162109375,0.000957489013671875,0.00024318695068359375,0.0013275146484375,0.002227783203125,0.000530242919921875,0.0203857421875,0.005950927734375,0.01202392578125,0.01092529296875,0.004425048828125,0.00823974609375,0.01361083984375,0.00360107421875,0.01202392578125,0.0174560546875,0.00360107421875,0.005859375,0.01129150390625,0.007293701171875,0.00823974609375,0.0191650390625,0.0027618408203125,0.00164794921875,0.00384521484375,0.025390625
step_813_q_0,6.628036499023438e-05,0.953125,0.0019683837890625,0.00079345703125,0.00052642822265625,0.000423431396484375,0.0106201171875,0.001434326171875,0.0030364990234375,0.00994873046875,0.00823974609375,0.000385284423828125,0.000579833984375,0.00244140625,4.601478576660156e-05,0.00037384033203125,0.000301361083984375,0.00018787384033203125,0.0001468658447265625,4.5299530029296875e-05,0.00016307830810546875,8.821487426757812e-06,0.0010833740234375,4.601478576660156e-05,1.8477439880371094e-05,0.00130462646484375,3.600120544433594e-05,0.000133514404296875,4.410743713378906e-05,0.00115203857421875
step_814_q_0,0.00013256072998046875,0.82421875,0.00069427490234375,0.0004482269287109375,0.000507354736328125,0.00018405914306640625,0.0003490447998046875,0.0004787445068359375,0.0004711151123046875,0.0028839111328125,0.004608154296875,0.001983642578125,0.0031585693359375,0.0037078857421875,0.01141357421875,0.00262451171875,0.001800537109375,0.0023956298828125,0.004058837890625,0.00164031982421875,0.006500244140625,0.0091552734375,0.00592041015625,0.0078125,0.004058837890625,0.01104736328125,0.0166015625,0.006500244140625,0.054443359375,0.01007080078125
step_815_q_0,2.5510787963867188e-05,0.38671875,0.0002593994140625,0.00037384033203125,0.0004596710205078125,0.000244140625,0.00024318695068359375,0.0001678466796875,0.000732421875,0.00110626220703125,0.00543212890625,0.00079345703125,0.00104522705078125,0.00750732421875,0.0024871826171875,0.0306396484375,0.00823974609375,0.007171630859375,0.00933837890625,0.005096435546875,0.00141143798828125,0.00244140625,0.076171875,0.039306640625,0.0174560546875,0.00396728515625,0.046142578125,0.1005859375,0.025390625,0.2197265625
step_816_q_0,5.289912223815918e-07,6.973743438720703e-06,0.0003528594970703125,0.0003871917724609375,0.265625,3.075599670410156e-05,4.023313522338867e-06,0.0007476806640625,0.00012969970703125,1.3445969671010971e-08,0.00061798095703125,8.791685104370117e-07,2.47955322265625e-05,0.000545501708984375,0.0003871917724609375,0.0004119873046875,0.0026092529296875,3.170967102050781e-05,9.119510650634766e-06,0.04345703125,1.245737075805664e-05,4.649162292480469e-06,0.341796875,2.652406692504883e-06,0.002777099609375,2.3469328880310059e-07,6.723403930664062e-05,1.1682510375976562e-05,1.0013580322265625e-05,0.341796875,1.0967254638671875e-05
step_817_q_0,0.00043487548828125,0.0003185272216796875,0.00055694580078125,0.000476837158203125,0.000576019287109375,0.0011444091796875,0.00086212158203125,0.000507354736328125,0.00107574462890625,0.0076904296875,0.00274658203125,0.004974365234375,0.003753662109375,0.00250244140625,0.0024261474609375,0.004669189453125,0.004974365234375,0.006195068359375,0.006378173828125,0.0130615234375,0.006195068359375,0.0108642578125,0.0157470703125,0.0517578125,0.07080078125,0.0966796875,0.0517578125,0.1494140625,0.11669921875,0.232421875,0.1318359375
step_818_q_0,0.0004100799560546875,0.22265625,0.026611328125,0.022705078125,0.02001953125,0.0146484375,0.01336669921875,0.0037078857421875,0.024169921875,0.01251220703125,0.037353515625,0.02001953125,0.041015625,0.03515625,0.00506591796875,0.032958984375,0.026611328125,0.01611328125,0.0089111328125,0.01141357421875,0.0166015625,0.02197265625,0.072265625,0.01422119140625,0.00946044921875,0.0027923583984375,0.00433349609375,0.009765625,0.031005859375,0.208984375,0.01336669921875
step_819_q_0,0.00090789794921875,0.21875,0.011962890625,0.01397705078125,0.01092529296875,0.0042724609375,0.00347900390625,0.0038909912109375,0.0223388671875,0.007720947265625,0.033447265625,0.015380859375,0.0174560546875,0.2060546875,0.05029296875,0.103515625,0.04443359375,0.0230712890625,0.0223388671875,0.007476806640625,0.025390625,0.021728515625,0.055419921875,0.02099609375,0.01007080078125,0.007049560546875,0.007049560546875,0.0033721923828125,0.007476806640625,0.014892578125,0.005157470703125
step_820_q_0,0.000797271728515625,0.6328125,0.00433349609375,0.00958251953125,0.007476806640625,0.007110595703125,0.004608154296875,0.01312255859375,0.0123291015625,0.005645751953125,0.008056640625,0.005706787109375,0.003753662109375,0.01007080078125,0.022216796875,0.00689697265625,0.03564453125,0.00958251953125,0.00872802734375,0.0113525390625,0.0123291015625,0.006683349609375,0.02685546875,0.016845703125,0.0303955078125,0.00860595703125,0.01171875,0.00701904296875,0.00689697265625,0.028564453125,0.0260009765625
step_821_q_0,0.00115966796875,0.74609375,0.0015411376953125,0.006927490234375,0.004150390625,0.007568359375,0.006927490234375,0.00579833984375,0.00787353515625,0.0016632080078125,0.01068115234375,0.00080108642578125,0.0034027099609375,0.00750732421875,0.00518798828125,0.005706787109375,0.00640869140625,0.0024261474609375,0.00537109375,0.0031585693359375,0.0030975341796875,0.002410888671875,0.008544921875,0.013671875,0.00518798828125,0.00396728515625,0.00616455078125,0.004241943359375,0.00604248046875,0.032958984375,0.07177734375
step_822_q_0,8.249282836914062e-05,0.55859375,0.000705718994140625,0.0026702880859375,0.002716064453125,0.00174713134765625,0.0011138916015625,0.001617431640625,0.00107574462890625,0.000518798828125,0.000606536865234375,0.00089263916015625,0.00093841552734375,0.000949859619140625,0.00848388671875,0.00640869140625,0.004974365234375,0.007720947265625,0.05712890625,0.103515625,0.006805419921875,0.014404296875,0.0230712890625,0.016845703125,0.006805419921875,0.00174713134765625,0.030517578125,0.0269775390625,0.052001953125,0.031494140625,0.0269775390625
step_823_q_0,0.0002498626708984375,0.05224609375,0.00390625,0.00830078125,0.004791259765625,0.00921630859375,0.00118255615234375,0.00518798828125,0.00390625,0.00165557861328125,0.01495361328125,0.0025177001953125,0.00982666015625,0.010986328125,0.01043701171875,0.01202392578125,0.027099609375,0.0211181640625,0.0096435546875,0.01324462890625,0.053955078125,0.06103515625,0.2001953125,0.0419921875,0.046142578125,0.0174560546875,0.0289306640625,0.05224609375,0.12890625,0.11767578125,0.0279541015625
step_824_q_0,0.003265380859375,0.44140625,0.0108642578125,0.032958984375,0.0103759765625,0.00927734375,0.004058837890625,0.00885009765625,0.0361328125,0.00537109375,0.15234375,0.00335693359375,0.003265380859375,0.030029296875,0.0159912109375,0.029052734375,0.039794921875,0.00958251953125,0.0194091796875,0.00830078125,0.005462646484375,0.00830078125,0.0240478515625,0.00701904296875,0.00872802734375,0.033935546875,0.00579833984375,0.004669189453125,0.0126953125,0.0064697265625,0.01019287109375
step_825_q_0,3.2901763916015625e-05,0.94140625,0.0004329681396484375,0.00091552734375,0.00083160400390625,0.0014190673828125,0.00083160400390625,0.0005645751953125,0.003509521484375,3.7670135498046875e-05,0.0021209716796875,0.0001773834228515625,4.482269287109375e-05,0.001556396484375,0.00067901611328125,0.0019378662109375,0.0020599365234375,0.001007080078125,0.001251220703125,0.001373291015625,0.0004520416259765625,0.000629425048828125,0.01116943359375,0.00408935546875,0.0004253387451171875,0.00113677978515625,0.00182342529296875,0.0018768310546875,0.00146484375,0.0079345703125,0.005615234375
step_826_q_0,9.918212890625e-05,0.9375,0.002716064453125,0.0013275146484375,0.000644683837890625,0.0004177093505859375,0.0001850128173828125,0.0012054443359375,0.0013275146484375,0.00030517578125,0.000881195068359375,0.0002956390380859375,0.0002307891845703125,0.00170135498046875,0.000804901123046875,0.00096893310546875,0.00186920166015625,0.00096893310546875,0.0012054443359375,0.003387451171875,0.0002307891845703125,0.0005035400390625,0.00360107421875,0.00360107421875,0.000804901123046875,0.001068115234375,0.00186920166015625,0.0002956390380859375,0.0002689361572265625,0.006744384765625,0.0220947265625
step_827_q_0,8.344650268554688e-05,0.28515625,0.000949859619140625,0.000850677490234375,0.00098419189453125,0.00140380859375,0.0003986358642578125,0.000263214111328125,0.002349853515625,0.006103515625,0.006927490234375,0.001800537109375,0.005218505859375,0.00946044921875,0.003997802734375,0.00885009765625,0.00592041015625,0.0078125,0.01177978515625,0.02197265625,0.006500244140625,0.0281982421875,0.06982421875,0.1474609375,0.0234375,0.029052734375,0.049560546875,0.02197265625,0.051025390625,0.134765625,0.05615234375
step_828_q_0,0.000492095947265625,0.1416015625,0.0008392333984375,0.015380859375,0.0191650390625,0.01397705078125,0.003997802734375,0.0123291015625,0.031494140625,0.0004215240478515625,0.0174560546875,0.00177764892578125,0.005462646484375,0.055419921875,0.07080078125,0.08056640625,0.181640625,0.055419921875,0.10986328125,0.0216064453125,0.0020751953125,0.00274658203125,0.08056640625,0.0245361328125,0.00177764892578125,0.007476806640625,0.00130462646484375,0.0003185272216796875,0.0011138916015625,0.0245361328125,0.014404296875
step_829_q_0,0.000537872314453125,0.4453125,0.0021209716796875,0.010986328125,0.004425048828125,0.00665283203125,0.00250244140625,0.0031890869140625,0.00897216796875,0.004791259765625,0.006866455078125,0.00121307373046875,0.001983642578125,0.005706787109375,0.013671875,0.0186767578125,0.007080078125,0.00634765625,0.00616455078125,0.0157470703125,0.0150146484375,0.04541015625,0.051513671875,0.050048828125,0.007080078125,0.006072998046875,0.068359375,0.04150390625,0.034912109375,0.07275390625,0.034912109375
step_830_q_0,1.9073486328125e-05,0.0546875,2.4318695068359375e-05,7.724761962890625e-05,9.632110595703125e-05,0.00022029876708984375,0.0002307891845703125,7.724761962890625e-05,0.00015163421630859375,3.7848949432373047e-06,0.000431060791015625,0.000278472900390625,7.05718994140625e-05,0.0011749267578125,0.000522613525390625,0.000392913818359375,0.000690460205078125,0.000431060791015625,0.0018157958984375,0.000759124755859375,4.220008850097656e-05,5.3942203521728516e-06,0.000446319580078125,0.000759124755859375,0.0023345947265625,0.00421142578125,0.0020599365234375,0.000133514404296875,0.000446319580078125,0.0147705078125,0.9140625
step_831_q_0,0.00046539306640625,0.333984375,0.00113677978515625,0.0052490234375,0.01220703125,0.00738525390625,0.006744384765625,0.0498046875,0.03759765625,0.00037384033203125,0.0257568359375,0.00421142578125,0.000698089599609375,0.00653076171875,0.01519775390625,0.0235595703125,0.0235595703125,0.029296875,0.0201416015625,0.0177001953125,0.0018157958984375,0.000827789306640625,0.0125732421875,0.003173828125,0.006134033203125,0.006134033203125,0.0201416015625,0.0301513671875,0.16796875,0.10205078125,0.026611328125
step_832_q_0,2.8014183044433594e-05,0.74609375,0.000270843505859375,0.0021820068359375,0.000762939453125,0.000736236572265625,0.0004634857177734375,0.0031585693359375,0.0024871826171875,0.00014495849609375,0.00848388671875,0.0007171630859375,0.00127410888671875,0.04150390625,0.03125,0.0267333984375,0.01806640625,0.0162353515625,0.01226806640625,0.002288818359375,0.00150299072265625,0.00121307373046875,0.022216796875,0.0093994140625,0.0032501220703125,0.0033111572265625,0.004150390625,0.0009307861328125,0.00921630859375,0.010498046875,0.0198974609375
step_833_q_0,3.24249267578125e-05,0.4296875,0.0001163482666015625,0.0009918212890625,0.0004405975341796875,0.000736236572265625,0.00130462646484375,0.0089111328125,0.0033721923828125,0.00012302398681640625,0.005218505859375,0.0020751953125,0.0010986328125,0.020751953125,0.0172119140625,0.032958984375,0.046630859375,0.1083984375,0.018798828125,0.01141357421875,0.002288818359375,0.0037689208984375,0.0301513671875,0.01104736328125,0.0341796875,0.006927490234375,0.06787109375,0.043701171875,0.02001953125,0.026611328125,0.043701171875
step_834_q_0,0.0002880096435546875,0.88671875,7.534027099609375e-05,0.00127410888671875,0.000659942626953125,0.0004138946533203125,0.00112152099609375,0.0032958984375,0.00182342529296875,0.00019073486328125,0.0020599365234375,0.001373291015625,0.000492095947265625,0.003204345703125,0.0079345703125,0.00677490234375,0.00133514404296875,0.00133514404296875,0.0030975341796875,0.0023345947265625,0.00153350830078125,0.00153350830078125,0.0020599365234375,0.00133514404296875,0.00077056884765625,0.000835418701171875,0.00958251953125,0.00677490234375,0.0157470703125,0.020263671875,0.0130615234375
step_835_q_0,7.450580596923828e-06,0.006103515625,0.0001583099365234375,0.001129150390625,0.001922607421875,0.00128173828125,0.002471923828125,0.018798828125,0.00946044921875,3.0159950256347656e-05,0.022705078125,0.00836181640625,0.00347900390625,0.0257568359375,0.045166015625,0.031005859375,0.05810546875,0.045166015625,0.05810546875,0.018798828125,0.045166015625,0.024169921875,0.0791015625,0.0177001953125,0.045166015625,0.0023956298828125,0.05810546875,0.039794921875,0.06982421875,0.06982421875,0.1904296875
step_836_q_0,0.00130462646484375,0.54296875,0.0096435546875,0.0087890625,0.0087890625,0.0038299560546875,0.007049560546875,0.032470703125,0.01275634765625,0.000720977783203125,0.0185546875,0.01129150390625,0.0087890625,0.039306640625,0.015380859375,0.103515625,0.05712890625,0.0458984375,0.025390625,0.00775146484375,0.0042724609375,0.003082275390625,0.00604248046875,0.0014801025390625,0.00408935546875,0.00775146484375,0.00092315673828125,0.00046539306640625,0.0038909912109375,0.002899169921875,0.0040283203125
step_837_q_0,9.393692016601562e-05,0.92578125,8.535385131835938e-05,0.000698089599609375,0.0004520416259765625,0.000843048095703125,0.003662109375,0.00408935546875,0.0028533935546875,0.00019073486328125,0.002685546875,0.0003490447998046875,0.00021648406982421875,0.0011138916015625,0.0050048828125,0.005340576171875,0.00152587890625,0.00775146484375,0.01361083984375,0.00193023681640625,0.00173187255859375,0.0017852783203125,0.00604248046875,0.0023956298828125,0.000545501708984375,0.000461578369140625,0.0021514892578125,0.0010528564453125,0.00299072265625,0.00157928466796875,0.0017547607421875
step_838_q_0,0.00113677978515625,0.7421875,0.00141143798828125,0.0027618408203125,0.0028533935546875,0.00244140625,0.0062255859375,0.01361083984375,0.01129150390625,0.00116729736328125,0.00640869140625,0.003326416015625,0.00150299072265625,0.00799560546875,0.0062255859375,0.0140380859375,0.01025390625,0.015869140625,0.00604248046875,0.0050048828125,0.00244140625,0.0023651123046875,0.0140380859375,0.00775146484375,0.009033203125,0.01361083984375,0.0169677734375,0.002593994140625,0.01129150390625,0.0211181640625,0.036865234375
step_839_q_0,4.172325134277344e-05,0.25390625,0.00014495849609375,0.000690460205078125,0.000667572021484375,0.001007080078125,0.000942230224609375,0.000942230224609375,0.002227783203125,0.000591278076171875,0.004638671875,0.00049591064453125,0.00061798095703125,0.00494384765625,0.0157470703125,0.00982666015625,0.004638671875,0.013427734375,0.0167236328125,0.03662109375,0.0439453125,0.0771484375,0.185546875,0.11962890625,0.00634765625,0.0016326904296875,0.029296875,0.01263427734375,0.054931640625,0.0771484375,0.0228271484375
step_840_q_0,0.00026702880859375,0.275390625,0.000293731689453125,0.00335693359375,0.0057373046875,0.00628662109375,0.0206298828125,0.1015625,0.02197265625,0.0028839111328125,0.02490234375,0.0133056640625,0.00860595703125,0.0281982421875,0.0615234375,0.06982421875,0.03515625,0.1298828125,0.039794921875,0.0057373046875,0.0035858154296875,0.00885009765625,0.044921875,0.0133056640625,0.01287841796875,0.00628662109375,0.00970458984375,0.000568389892578125,0.00555419921875,0.0181884765625,0.0206298828125
step_841_q_0,0.00034332275390625,0.4140625,0.000736236572265625,0.0026702880859375,0.0015411376953125,0.001953125,0.00726318359375,0.0157470703125,0.004974365234375,0.00122833251953125,0.00799560546875,0.00286865234375,0.00213623046875,0.00799560546875,0.00872802734375,0.01416015625,0.006988525390625,0.033447265625,0.02294921875,0.0079345703125,0.00970458984375,0.0089111328125,0.033935546875,0.0390625,0.048583984375,0.0078125,0.08544921875,0.044921875,0.0966796875,0.016845703125,0.04345703125
step_842_q_0,8.64267349243164e-06,0.0458984375,1.8104910850524902e-06,8.940696716308594e-06,2.110004425048828e-05,6.29425048828125e-05,0.0004367828369140625,0.00023365020751953125,0.00015544891357421875,1.4826655387878418e-06,0.00028228759765625,0.0001506805419921875,0.0003185272216796875,0.0035400390625,0.00101470947265625,0.00115203857421875,0.000385284423828125,0.0004787445068359375,0.00052642822265625,0.00021266937255859375,7.104873657226562e-05,4.601478576660156e-05,0.0013885498046875,0.0006561279296875,0.0006561279296875,0.0013885498046875,0.00189971923828125,0.0001373291015625,0.00101470947265625,0.014892578125,0.921875
step_843_q_0,0.00022220611572265625,0.298828125,6.151199340820312e-05,0.0013427734375,0.00250244140625,0.00171661376953125,0.01019287109375,0.020263671875,0.0081787109375,0.0002765655517578125,0.005645751953125,0.003021240234375,0.002838134765625,0.01123046875,0.015869140625,0.030517578125,0.009033203125,0.03564453125,0.07568359375,0.015869140625,0.016357421875,0.0238037109375,0.07568359375,0.032470703125,0.01123046875,0.006195068359375,0.015869140625,0.00927734375,0.058837890625,0.11669921875,0.08544921875
step_844_q_0,5.364418029785156e-05,0.52734375,0.0003871917724609375,0.00153350830078125,0.00077056884765625,0.00179290771484375,0.005523681640625,0.024658203125,0.004730224609375,0.00077056884765625,0.02392578125,0.004730224609375,0.012451171875,0.0712890625,0.037109375,0.03271484375,0.0289306640625,0.0810546875,0.0159912109375,0.0029449462890625,0.013671875,0.00909423828125,0.0169677734375,0.004425048828125,0.00909423828125,0.0211181640625,0.0010528564453125,0.0004673004150390625,0.017578125,0.017578125,0.0093994140625
step_845_q_0,0.00019359588623046875,0.453125,0.00013828277587890625,0.00081634521484375,0.00067901611328125,0.000385284423828125,0.0020751953125,0.007232666015625,0.003631591796875,0.00057220458984375,0.0030517578125,0.0035247802734375,0.004730224609375,0.00860595703125,0.0103759765625,0.018798828125,0.0247802734375,0.04345703125,0.018798828125,0.031982421875,0.028076171875,0.05419921875,0.06982421875,0.031982421875,0.034912109375,0.00555419921875,0.006683349609375,0.003631591796875,0.0615234375,0.0361328125,0.0299072265625
step_846_q_0,0.00075531005859375,0.76171875,0.0014190673828125,0.0059814453125,0.003936767578125,0.0022735595703125,0.00897216796875,0.037841796875,0.01153564453125,0.00054931640625,0.01116943359375,0.0084228515625,0.004302978515625,0.00958251953125,0.005706787109375,0.00872802734375,0.020263671875,0.0126953125,0.0032501220703125,0.005035400390625,0.005615234375,0.006988525390625,0.00927734375,0.0031585693359375,0.00445556640625,0.00133514404296875,0.00182342529296875,0.00060272216796875,0.0157470703125,0.0126953125,0.0157470703125
step_847_q_0,2.276897430419922e-05,0.00799560546875,4.887580871582031e-05,0.001953125,0.0026702880859375,0.002838134765625,0.01025390625,0.06884765625,0.0087890625,0.000396728515625,0.03466796875,0.060791015625,0.02099609375,0.05712890625,0.10693359375,0.0830078125,0.1650390625,0.08837890625,0.032470703125,0.0269775390625,0.01123046875,0.039306640625,0.050537109375,0.00640869140625,0.00799560546875,0.01446533203125,0.0020751953125,0.00081634521484375,0.016357421875,0.019775390625,0.050537109375
step_848_q_0,0.00023746490478515625,0.126953125,0.00145721435546875,0.01422119140625,0.01007080078125,0.0194091796875,0.041259765625,0.11181640625,0.0125732421875,0.00150299072265625,0.005767822265625,0.0400390625,0.031982421875,0.048095703125,0.052978515625,0.072265625,0.11181640625,0.0986328125,0.0257568359375,0.024169921875,0.041259765625,0.0439453125,0.00836181640625,0.00141143798828125,0.00396728515625,0.00811767578125,0.00102996826171875,0.00106048583984375,0.003387451171875,0.0067138671875,0.0291748046875
step_849_q_0,7.724761962890625e-05,0.71875,0.0003986358642578125,0.0203857421875,0.01806640625,0.01025390625,0.03173828125,0.0203857421875,0.023193359375,0.000843048095703125,0.0279541015625,0.002288818359375,0.0033416748046875,0.01495361328125,0.0262451171875,0.0191650390625,0.0054931640625,0.0062255859375,0.0054931640625,0.000896453857421875,0.000926971435546875,0.00157928466796875,0.00750732421875,0.002685546875,0.00152587890625,0.00775146484375,0.0012664794921875,0.0010833740234375,0.004547119140625,0.0029449462890625,0.0106201171875
step_850_q_0,5.698204040527344e-05,0.86328125,0.00138092041015625,0.00677490234375,0.00439453125,0.003875732421875,0.005462646484375,0.005462646484375,0.0074462890625,0.0016632080078125,0.0081787109375,0.00201416015625,0.002655029296875,0.00897216796875,0.005462646484375,0.0130615234375,0.005615234375,0.004241943359375,0.0029144287109375,0.00078582763671875,0.000232696533203125,0.000919342041015625,0.00482177734375,0.005279541015625,0.00146484375,0.0029144287109375,0.003997802734375,0.00107574462890625,0.0025787353515625,0.003997802734375,0.020263671875
step_851_q_0,0.00013637542724609375,0.171875,0.000545501708984375,0.001251220703125,0.0018157958984375,0.0016021728515625,0.0004863739013671875,0.0003643035888671875,0.0019989013671875,0.00110626220703125,0.010009765625,0.000415802001953125,0.0026092529296875,0.01544189453125,0.0159912109375,0.00970458984375,0.03076171875,0.0164794921875,0.047607421875,0.04345703125,0.00830078125,0.07373046875,0.08642578125,0.12158203125,0.019287109375,0.002227783203125,0.07373046875,0.0419921875,0.1259765625,0.06494140625,0.0087890625
step_852_q_0,5.316734313964844e-05,0.294921875,4.267692565917969e-05,0.0028076171875,0.006134033203125,0.006134033203125,0.0167236328125,0.021484375,0.0101318359375,0.00057220458984375,0.0228271484375,0.004486083984375,0.00543212890625,0.09619140625,0.1396484375,0.1396484375,0.035400390625,0.07470703125,0.0228271484375,0.0031890869140625,0.00103759765625,0.006134033203125,0.021484375,0.0031890869140625,0.00128936767578125,0.002899169921875,0.00048828125,8.916854858398438e-05,0.0118408203125,0.0201416015625,0.0274658203125
step_853_q_0,5.245208740234375e-05,0.052001953125,0.0003376007080078125,0.00099945068359375,0.00024127960205078125,0.0003070831298828125,0.0021820068359375,0.01318359375,0.0012054443359375,0.000881195068359375,0.00189971923828125,0.0007781982421875,0.0014801025390625,0.0042724609375,0.00360107421875,0.00775146484375,0.0050048828125,0.01361083984375,0.0028076171875,0.00164794921875,0.0035400390625,0.01495361328125,0.04052734375,0.035888671875,0.05712890625,0.00102996826171875,0.291015625,0.1171875,0.255859375,0.01275634765625,0.055419921875
step_854_q_0,0.000247955322265625,0.255859375,0.000186920166015625,0.0004425048828125,0.000507354736328125,0.00072479248046875,0.0031280517578125,0.001983642578125,0.0026397705078125,7.390975952148438e-05,0.00750732421875,0.000911712646484375,0.0021514892578125,0.02099609375,0.00421142578125,0.00640869140625,0.00170135498046875,0.0026397705078125,0.00057220458984375,6.961822509765625e-05,0.00045013427734375,0.00081634521484375,0.0021514892578125,0.00095367431640625,0.00201416015625,0.00506591796875,0.000606536865234375,0.0002689361572265625,0.00848388671875,0.031494140625,0.6328125
step_855_q_0,0.0004253387451171875,0.380859375,0.0011749267578125,0.01519775390625,0.00982666015625,0.005767822265625,0.04833984375,0.042724609375,0.017822265625,0.0036163330078125,0.013427734375,0.00113677978515625,0.002899169921875,0.01263427734375,0.041259765625,0.0284423828125,0.0021514892578125,0.011474609375,0.01080322265625,0.0084228515625,0.004638671875,0.017822265625,0.0341796875,0.01953125,0.0023345947265625,0.005767822265625,0.0220947265625,0.033203125,0.0771484375,0.035400390625,0.09033203125
step_856_q_0,1.4603137969970703e-05,0.62890625,0.00194549560546875,0.000263214111328125,0.000118255615234375,0.000553131103515625,0.00018310546875,0.000946044921875,0.00156402587890625,0.0005035400390625,0.00689697265625,0.0002918243408203125,0.0167236328125,0.10302734375,0.020263671875,0.0517578125,0.00885009765625,0.01904296875,0.0020294189453125,0.00121307373046875,0.0015106201171875,0.01190185546875,0.045654296875,0.0152587890625,0.00830078125,0.010498046875,0.005462646484375,0.00194549560546875,0.00927734375,0.00689697265625,0.017822265625
step_857_q_0,0.0001544952392578125,0.51171875,0.0011749267578125,0.000514984130859375,0.0002727508544921875,0.000553131103515625,0.0003185272216796875,0.0024261474609375,0.00188446044921875,0.00121307373046875,0.00469970703125,0.00408935546875,0.006134033203125,0.01055908203125,0.00604248046875,0.0262451171875,0.01495361328125,0.0230712890625,0.00469970703125,0.0020294189453125,0.005584716796875,0.01422119140625,0.055419921875,0.0224609375,0.0537109375,0.0068359375,0.025390625,0.01092529296875,0.01495361328125,0.08349609375,0.0859375
step_858_q_0,4.744529724121094e-05,0.44921875,0.00075531005859375,0.001953125,0.004150390625,0.0015716552734375,0.00183868408203125,0.0022125244140625,0.0035400390625,0.000606536865234375,0.00142669677734375,0.0034332275390625,0.0022125244140625,0.01025390625,0.00439453125,0.041748046875,0.019775390625,0.0179443359375,0.007720947265625,0.015869140625,0.0035400390625,0.00750732421875,0.0269775390625,0.0245361328125,0.00823974609375,0.01025390625,0.004852294921875,0.004852294921875,0.0203857421875,0.041748046875,0.255859375
step_859_q_0,0.0002193450927734375,0.8125,0.003662109375,0.0458984375,0.014892578125,0.006011962890625,0.001953125,0.005157470703125,0.0032196044921875,0.00775146484375,0.004150390625,0.0054931640625,0.0017242431640625,0.01092529296875,0.005157470703125,0.01025390625,0.0191650390625,0.0179443359375,0.0026702880859375,0.0013885498046875,0.0004367828369140625,0.0001354217529296875,0.0013885498046875,0.0011138916015625,0.0023651123046875,0.0029296875,0.001953125,0.000339508056640625,0.00063323974609375,0.0028533935546875,0.0038909912109375
step_860_q_0,0.0002613067626953125,0.828125,0.0010833740234375,0.00494384765625,0.0028533935546875,0.000751495361328125,0.0004405975341796875,0.000904083251953125,0.00145721435546875,0.0008697509765625,0.0162353515625,0.005096435546875,0.0084228515625,0.00811767578125,0.00665283203125,0.01385498046875,0.013427734375,0.00567626953125,0.0118408203125,0.013427734375,0.00390625,0.004364013671875,0.003387451171875,0.0024871826171875,0.0101318359375,0.0086669921875,0.0033416748046875,0.00145721435546875,0.0025634765625,0.0084228515625,0.005157470703125
step_861_q_0,3.933906555175781e-06,0.98828125,0.0003757476806640625,0.0003528594970703125,0.0003757476806640625,0.000194549560546875,0.000598907470703125,0.00022792816162109375,0.0005645751953125,0.0024566650390625,0.00179290771484375,0.0002498626708984375,0.000530242919921875,0.00139617919921875,2.1576881408691406e-05,0.00020122528076171875,0.000301361083984375,9.489059448242188e-05,7.867813110351562e-05,2.8967857360839844e-05,3.838539123535156e-05,2.592802047729492e-06,0.0002498626708984375,1.0192394256591797e-05,4.589557647705078e-06,0.000598907470703125,1.4543533325195312e-05,8.58306884765625e-06,2.473592758178711e-06,0.0002841949462890625,0.0002841949462890625
step_862_q_0,0.000148773193359375,0.94140625,0.0003509521484375,0.00067901611328125,0.000438690185546875,4.124641418457031e-05,7.724761962890625e-05,4.8160552978515625e-05,0.0003509521484375,0.00113677978515625,0.00421142578125,0.0018157958984375,0.0021820068359375,0.00170135498046875,0.01080322265625,0.0011749267578125,0.0006256103515625,0.00150299072265625,0.0021209716796875,0.00057220458984375,0.005584716796875,0.0034942626953125,0.001068115234375,0.0019989013671875,0.00037384033203125,0.004791259765625,0.0018157958984375,0.0004596710205078125,0.006744384765625,0.00150299072265625,0.0021209716796875
step_863_q_0,6.389617919921875e-05,0.34375,0.0003528594970703125,0.000766754150390625,0.001922607421875,0.0002727508544921875,0.00018596649169921875,0.00020313262939453125,0.00180816650390625,0.00074005126953125,0.004486083984375,0.000606536865234375,0.00154876708984375,0.0274658203125,0.0089111328125,0.07470703125,0.012939453125,0.01007080078125,0.00738525390625,0.001953125,0.000560760498046875,0.0023651123046875,0.07470703125,0.02490234375,0.01611328125,0.0032806396484375,0.0125732421875,0.02001953125,0.00592041015625,0.0869140625,0.251953125
step_864_q_0,5.791662260890007e-09,2.9616057872772217e-07,4.302710294723511e-07,1.519918441772461e-05,0.333984375,2.3990869522094727e-06,3.725290298461914e-06,6.389617919921875e-05,8.165836334228516e-06,8.265487849712372e-09,5.699694156646729e-07,9.42964106798172e-09,1.621246337890625e-05,7.82310962677002e-07,1.71661376953125e-05,0.00015354156494140625,0.0006866455078125,9.5367431640625e-07,2.905726432800293e-06,0.033203125,8.195638656616211e-07,1.2293457984924316e-06,0.294921875,4.041939973831177e-07,0.0007781982421875,7.8580342233181e-09,1.080334186553955e-06,6.668269634246826e-07,6.5267086029052734e-06,0.333984375,1.601874828338623e-06,1.080334186553955e-06
step_865_q_0,0.001129150390625,0.00038909912109375,0.00017261505126953125,0.00013446807861328125,0.00013446807861328125,0.00060272216796875,0.00102996826171875,0.0004024505615234375,0.0002689361572265625,0.0004024505615234375,0.0005340576171875,0.001495361328125,0.00714111328125,0.001800537109375,0.001922607421875,0.000568389892578125,0.000934600830078125,0.00164031982421875,0.0023956298828125,0.008056640625,0.0014495849609375,0.00119781494140625,0.0014495849609375,0.0057373046875,0.02490234375,0.01708984375,0.0194091796875,0.01708984375,0.03857421875,0.162109375,0.6015625,0.07666015625
step_866_q_0,0.00015735626220703125,0.1181640625,0.0255126953125,0.0289306640625,0.0233154296875,0.0155029296875,0.013671875,0.0036773681640625,0.028076171875,0.010009765625,0.0289306640625,0.021240234375,0.0361328125,0.0263671875,0.00537109375,0.03271484375,0.0240478515625,0.01708984375,0.0113525390625,0.012451171875,0.01031494140625,0.0155029296875,0.0810546875,0.01324462890625,0.007110595703125,0.002166748046875,0.0026092529296875,0.010986328125,0.028076171875,0.322265625,0.00885009765625,0.0155029296875
step_867_q_0,0.0005950927734375,0.1142578125,0.007537841796875,0.0118408203125,0.0086669921875,0.004364013671875,0.0034942626953125,0.005340576171875,0.019775390625,0.005096435546875,0.0255126953125,0.0096435546875,0.01129150390625,0.234375,0.050537109375,0.125,0.050537109375,0.02880859375,0.0279541015625,0.0086669921875,0.0224609375,0.0211181640625,0.06494140625,0.038330078125,0.01806640625,0.00604248046875,0.0118408203125,0.005340576171875,0.00909423828125,0.0255126953125,0.0128173828125,0.01129150390625
step_868_q_0,0.0002918243408203125,0.82421875,0.001220703125,0.003173828125,0.0017242431640625,0.00159454345703125,0.0013427734375,0.002593994140625,0.00347900390625,0.002471923828125,0.0026702880859375,0.002044677734375,0.00147247314453125,0.0037689208984375,0.01141357421875,0.002593994140625,0.02197265625,0.002593994140625,0.0032196044921875,0.00482177734375,0.004119873046875,0.00180816650390625,0.0137939453125,0.00640869140625,0.01708984375,0.01336669921875,0.00433349609375,0.00433349609375,0.00274658203125,0.01214599609375,0.00946044921875,0.0103759765625
step_869_q_0,0.00055694580078125,0.6015625,0.004150390625,0.029052734375,0.0113525390625,0.0123291015625,0.018798828125,0.0260009765625,0.0184326171875,0.001800537109375,0.0126953125,0.00087738037109375,0.0021209716796875,0.010009765625,0.0281982421875,0.0184326171875,0.0194091796875,0.014404296875,0.0159912109375,0.0113525390625,0.0029144287109375,0.00421142578125,0.0074462890625,0.01171875,0.004974365234375,0.00537109375,0.005706787109375,0.0042724609375,0.01416015625,0.01556396484375,0.0252685546875,0.040283203125
step_870_q_0,2.765655517578125e-05,0.89453125,0.000385284423828125,0.0013427734375,0.0017547607421875,0.000568389892578125,0.0004100799560546875,0.000598907470703125,0.00048065185546875,7.343292236328125e-05,0.000247955322265625,0.000141143798828125,0.000209808349609375,0.0001735687255859375,0.0027618408203125,0.00201416015625,0.0022125244140625,0.003662109375,0.015380859375,0.01025390625,0.003326416015625,0.0028533935546875,0.00201416015625,0.002593994140625,0.0013275146484375,0.000362396240234375,0.0040283203125,0.0017547607421875,0.01806640625,0.005859375,0.0140380859375,0.00567626953125
step_871_q_0,0.000965118408203125,0.18359375,0.00701904296875,0.01068115234375,0.0120849609375,0.01507568359375,0.0103759765625,0.01904296875,0.01153564453125,0.004364013671875,0.0308837890625,0.00390625,0.018798828125,0.02734375,0.034423828125,0.051025390625,0.0244140625,0.0361328125,0.0277099609375,0.022216796875,0.0208740234375,0.01708984375,0.0654296875,0.0654296875,0.0260009765625,0.020263671875,0.022216796875,0.02734375,0.0634765625,0.04931640625,0.04150390625,0.029052734375
step_872_q_0,0.00360107421875,0.52734375,0.00811767578125,0.01129150390625,0.0203857421875,0.0101318359375,0.0022125244140625,0.006439208984375,0.00811767578125,0.000904083251953125,0.025390625,0.0020294189453125,0.00238037109375,0.0380859375,0.00933837890625,0.03173828125,0.0306396484375,0.01361083984375,0.007415771484375,0.0034942626953125,0.00177001953125,0.00421142578125,0.00811767578125,0.02978515625,0.01519775390625,0.0101318359375,0.0125732421875,0.025390625,0.00244140625,0.01043701171875,0.0712890625,0.046142578125
step_873_q_0,1.329183578491211e-05,0.984375,4.315376281738281e-05,0.00010919570922851562,0.0002536773681640625,0.000720977783203125,0.0010833740234375,0.0004520416259765625,0.0012664794921875,3.993511199951172e-06,0.00152587890625,2.8371810913085938e-05,9.834766387939453e-06,5.602836608886719e-05,5.078315734863281e-05,0.0002040863037109375,0.000278472900390625,5.841255187988281e-05,0.00018596649169921875,0.000598907470703125,0.000347137451171875,0.00011444091796875,0.000530242919921875,0.00115203857421875,7.343292236328125e-05,5.698204040527344e-05,0.000820159912109375,0.0003681182861328125,0.0002651214599609375,0.0004520416259765625,0.0018463134765625,0.0010833740234375
step_874_q_0,0.000522613525390625,0.9140625,0.0015106201171875,0.0172119140625,0.00396728515625,0.0028228759765625,0.00110626220703125,0.004638671875,0.0030975341796875,0.00113677978515625,0.0020599365234375,0.0004062652587890625,0.0030059814453125,0.00165557861328125,0.01263427734375,0.004638671875,0.00176239013671875,0.0027313232421875,0.002197265625,0.0004329681396484375,0.00015926361083984375,0.000316619873046875,0.0001544952392578125,0.00019168853759765625,0.000553131103515625,0.00041961669921875,0.000522613525390625,0.0002918243408203125,0.000301361083984375,0.0002040863037109375,0.0016021728515625,0.0142822265625
step_875_q_0,3.337860107421875e-05,0.78515625,6.198883056640625e-05,4.267692565917969e-05,6.771087646484375e-05,5.650520324707031e-05,9.965896606445312e-05,1.5735626220703125e-05,7.009506225585938e-05,0.0002899169921875,0.000324249267578125,0.000843048095703125,0.003204345703125,0.0016632080078125,0.000598907470703125,0.0003490447998046875,0.00019741058349609375,0.00081634521484375,0.00101470947265625,0.003997802734375,0.00286865234375,0.0030517578125,0.00160980224609375,0.0030517578125,0.002166748046875,0.005126953125,0.0024566650390625,0.00213623046875,0.01434326171875,0.02685546875,0.080078125,0.05859375
step_876_q_0,0.000164031982421875,0.40625,9.965896606445312e-05,0.0015106201171875,0.0026397705078125,0.00408935546875,0.0037384033203125,0.00396728515625,0.00787353515625,0.0003204345703125,0.0020599365234375,0.000591278076171875,0.0021209716796875,0.00787353515625,0.033203125,0.04541015625,0.062255859375,0.0703125,0.1025390625,0.0167236328125,0.0016021728515625,0.0023345947265625,0.04833984375,0.042724609375,0.004241943359375,0.0030975341796875,0.00616455078125,0.0021209716796875,0.0072021484375,0.04541015625,0.042724609375,0.0208740234375
step_877_q_0,0.0002765655517578125,0.294921875,0.0005035400390625,0.0021820068359375,0.00110626220703125,0.000568389892578125,0.000209808349609375,0.000568389892578125,0.000553131103515625,0.00049591064453125,0.000659942626953125,0.00051116943359375,0.0021820068359375,0.0037078857421875,0.003936767578125,0.0052490234375,0.0087890625,0.004150390625,0.005157470703125,0.036376953125,0.0062255859375,0.0213623046875,0.095703125,0.10498046875,0.0057373046875,0.0030364990234375,0.04248046875,0.0115966796875,0.0137939453125,0.1533203125,0.16796875,0.00188446044921875
step_878_q_0,8.630752563476562e-05,0.11865234375,0.00012063980102539062,0.000202178955078125,8.153915405273438e-05,0.0001583099365234375,0.000774383544921875,0.000377655029296875,0.00023937225341796875,6.437301635742188e-05,0.0003185272216796875,0.000225067138671875,0.00012874603271484375,0.00133514404296875,0.001983642578125,0.000965118408203125,0.000507354736328125,0.000499725341796875,0.001007080078125,0.00066375732421875,0.0001983642578125,2.181529998779297e-05,0.0001926422119140625,9.298324584960938e-05,0.0002803802490234375,0.00131988525390625,0.0016937255859375,0.0003662109375,0.00164031982421875,0.0023040771484375,0.041015625,0.82421875
step_879_q_0,0.0003643035888671875,0.7578125,0.0003604888916015625,0.002227783203125,0.004241943359375,0.004364013671875,0.01434326171875,0.03125,0.0184326171875,0.0001983642578125,0.01116943359375,0.0027313232421875,0.00017070770263671875,0.0024871826171875,0.002685546875,0.006561279296875,0.0045166015625,0.0086669921875,0.01116943359375,0.005615234375,0.001007080078125,0.0005340576171875,0.00146484375,0.00103759765625,0.001708984375,0.0021209716796875,0.0045166015625,0.0130615234375,0.009521484375,0.011474609375,0.0189208984375,0.04541015625
step_880_q_0,2.396106719970703e-05,0.7890625,0.0003509521484375,0.000713348388671875,0.000301361083984375,0.0003299713134765625,0.0001735687255859375,0.00131988525390625,0.00189971923828125,0.0001659393310546875,0.007354736328125,0.000461578369140625,0.00078582763671875,0.01953125,0.0120849609375,0.019287109375,0.00701904296875,0.0067138671875,0.004547119140625,0.000911712646484375,0.00106048583984375,0.00103759765625,0.01239013671875,0.00732421875,0.00191497802734375,0.003570556640625,0.0032196044921875,0.00118255615234375,0.01116943359375,0.01019287109375,0.057373046875,0.01531982421875
step_881_q_0,1.8477439880371094e-05,0.703125,0.00021839141845703125,0.00156402587890625,0.00146484375,0.000667572021484375,9.059906005859375e-05,0.00115966796875,0.000583648681640625,2.4437904357910156e-05,0.00146484375,0.0030059814453125,0.00140380859375,0.010009765625,0.01104736328125,0.0206298828125,0.017578125,0.0103759765625,0.0059814453125,0.01171875,0.00140380859375,0.002655029296875,0.0093994140625,0.003753662109375,0.0093994140625,0.005126953125,0.0093994140625,0.0120849609375,0.0024566650390625,0.0225830078125,0.08935546875,0.0299072265625
step_882_q_0,9.441375732421875e-05,0.94921875,6.4849853515625e-05,0.000865936279296875,0.000606536865234375,0.0003681182861328125,0.0012054443359375,0.002349853515625,0.002349853515625,0.0004634857177734375,0.0013427734375,0.000568389892578125,0.0002231597900390625,0.00095367431640625,0.005157470703125,0.0027618408203125,0.0005035400390625,0.00106048583984375,0.0038909912109375,0.001129150390625,0.0005950927734375,0.0005340576171875,0.00167083740234375,0.00107574462890625,0.0006256103515625,0.000255584716796875,0.00250244140625,0.0020751953125,0.0020751953125,0.0022125244140625,0.00726318359375,0.0022125244140625
step_883_q_0,6.5267086029052734e-06,0.0028839111328125,2.518296241760254e-06,0.00012302398681640625,0.0002994537353515625,0.0004787445068359375,0.015625,0.02197265625,0.012939453125,4.26173210144043e-06,0.00836181640625,0.0037078857421875,0.00116729736328125,0.0091552734375,0.05615234375,0.02734375,0.012939453125,0.1962890625,0.126953125,0.003936767578125,0.004913330078125,0.0016937255859375,0.03857421875,0.0067138671875,0.0281982421875,0.006927490234375,0.032958984375,0.0257568359375,0.052734375,0.0146484375,0.1435546875,0.1435546875
step_884_q_0,0.0003604888916015625,0.2255859375,0.00138092041015625,0.001617431640625,0.00189208984375,0.001495361328125,0.007476806640625,0.029541015625,0.003753662109375,4.76837158203125e-05,0.00174713134765625,0.00872802734375,0.002044677734375,0.0033111572265625,0.00262451171875,0.09130859375,0.078125,0.1923828125,0.11328125,0.0216064453125,0.015869140625,0.011962890625,0.031494140625,0.01312255859375,0.014404296875,0.00167083740234375,0.003753662109375,0.00439453125,0.0196533203125,0.036865234375,0.0458984375,0.0126953125
step_885_q_0,7.724761962890625e-05,0.859375,0.0001354217529296875,0.00084686279296875,0.00110626220703125,0.0018768310546875,0.006561279296875,0.00543212890625,0.0030059814453125,0.00041961669921875,0.00179290771484375,0.00030517578125,0.000255584716796875,0.000946044921875,0.017333984375,0.00634765625,0.0020904541015625,0.01385498046875,0.0157470703125,0.0029144287109375,0.0030975341796875,0.0031890869140625,0.00982666015625,0.004364013671875,0.0010528564453125,0.0003108978271484375,0.005615234375,0.004364013671875,0.0081787109375,0.0032958984375,0.004364013671875,0.01226806640625
step_886_q_0,0.0002994537353515625,0.71875,0.0011138916015625,0.0024261474609375,0.00189208984375,0.001434326171875,0.00848388671875,0.0174560546875,0.0062255859375,0.0022125244140625,0.003326416015625,0.002593994140625,0.003021240234375,0.00750732421875,0.01025390625,0.01446533203125,0.0115966796875,0.02783203125,0.00933837890625,0.00750732421875,0.001617431640625,0.00201416015625,0.004547119140625,0.00183868408203125,0.00933837890625,0.00640869140625,0.01275634765625,0.004852294921875,0.00848388671875,0.00640869140625,0.0087890625,0.07568359375
step_887_q_0,3.647804260253906e-05,0.53515625,0.00018596649169921875,0.0004634857177734375,0.00042724609375,0.0004253387451171875,0.0001392364501953125,0.0003223419189453125,0.0019683837890625,0.0002307891845703125,0.0031890869140625,0.00075531005859375,0.000637054443359375,0.007415771484375,0.00396728515625,0.00921630859375,0.0033416748046875,0.0040283203125,0.005096435546875,0.00811767578125,0.005767822265625,0.007171630859375,0.0220947265625,0.0250244140625,0.00811767578125,0.004425048828125,0.0086669921875,0.00396728515625,0.0118408203125,0.03125,0.2451171875,0.0400390625
step_888_q_0,0.0002288818359375,0.53515625,7.486343383789062e-05,0.0008544921875,0.0021209716796875,0.00299072265625,0.0137939453125,0.048095703125,0.00506591796875,0.00095367431640625,0.005584716796875,0.00372314453125,0.003173828125,0.0069580078125,0.0291748046875,0.0228271484375,0.0257568359375,0.1533203125,0.0250244140625,0.00225830078125,0.000766754150390625,0.00162506103515625,0.0125732421875,0.005950927734375,0.01336669921875,0.0025482177734375,0.005584716796875,0.000579833984375,0.005767822265625,0.0069580078125,0.0311279296875,0.026611328125
step_889_q_0,0.000316619873046875,0.59765625,0.000728607177734375,0.00201416015625,0.001007080078125,0.000522613525390625,0.00121307373046875,0.0020751953125,0.00168609619140625,0.0004291534423828125,0.0033416748046875,0.002044677734375,0.0024566650390625,0.0037384033203125,0.0079345703125,0.01080322265625,0.006805419921875,0.005767822265625,0.0037841796875,0.00897216796875,0.0057373046875,0.01165771484375,0.050048828125,0.0267333984375,0.01409912109375,0.0150146484375,0.046875,0.0164794921875,0.047607421875,0.0289306640625,0.0673828125,0.005035400390625
step_890_q_0,6.723403930664062e-05,0.1298828125,3.314018249511719e-05,7.295608520507812e-05,4.410743713378906e-05,8.630752563476562e-05,0.0012359619140625,0.000659942626953125,0.0004673004150390625,9.202957153320312e-05,0.000499725341796875,0.0003108978271484375,0.000499725341796875,0.006256103515625,0.003570556640625,0.0048828125,0.000598907470703125,0.00144195556640625,0.000598907470703125,0.0005645751953125,0.000640869140625,0.00014972686767578125,0.001312255859375,0.0003528594970703125,0.000438690185546875,0.00135040283203125,0.005035400390625,0.0007476806640625,0.0032501220703125,0.003570556640625,0.037109375,0.79296875
step_891_q_0,5.9604644775390625e-05,0.40625,3.4332275390625e-05,0.002197265625,0.004791259765625,0.002410888671875,0.01263427734375,0.020263671875,0.01153564453125,0.00022792816162109375,0.01080322265625,0.0019989013671875,0.0028228759765625,0.01226806640625,0.01263427734375,0.0244140625,0.0074462890625,0.03125,0.051513671875,0.005279541015625,0.013916015625,0.027587890625,0.054931640625,0.0244140625,0.013916015625,0.005096435546875,0.0086669921875,0.004791259765625,0.0244140625,0.051513671875,0.0751953125,0.0751953125
step_892_q_0,6.103515625e-05,0.60546875,0.00046539306640625,0.00081634521484375,0.00048065185546875,0.0003681182861328125,0.0023956298828125,0.009521484375,0.0017547607421875,0.0006866455078125,0.0118408203125,0.005401611328125,0.0086669921875,0.0274658203125,0.0250244140625,0.0177001953125,0.0177001953125,0.0274658203125,0.026611328125,0.0021209716796875,0.0032806396484375,0.011474609375,0.01470947265625,0.00421142578125,0.005950927734375,0.0228271484375,0.00099945068359375,0.0004444122314453125,0.0172119140625,0.0311279296875,0.08203125,0.01336669921875
step_893_q_0,6.771087646484375e-05,0.65625,0.00028228759765625,0.001251220703125,0.000972747802734375,0.00048065185546875,0.000858306884765625,0.004150390625,0.002777099609375,0.0003032684326171875,0.004791259765625,0.0010833740234375,0.002685546875,0.0255126953125,0.0174560546875,0.05224609375,0.007080078125,0.008544921875,0.0036163330078125,0.00384521484375,0.0023651123046875,0.00830078125,0.024658203125,0.01165771484375,0.007080078125,0.0093994140625,0.00390625,0.0019683837890625,0.0174560546875,0.0198974609375,0.06103515625,0.037109375
step_894_q_0,0.00022029876708984375,0.89453125,0.0015716552734375,0.015869140625,0.0054931640625,0.002288818359375,0.0030364990234375,0.0050048828125,0.0140380859375,0.0012664794921875,0.00994873046875,0.00128936767578125,0.0023956298828125,0.0042724609375,0.00567626953125,0.0040283203125,0.0017852783203125,0.001678466796875,0.0004405975341796875,0.000667572021484375,0.0006256103515625,0.0021514892578125,0.0021514892578125,0.00070953369140625,0.00067901611328125,0.0014801025390625,0.000499725341796875,0.0002689361572265625,0.0023956298828125,0.0023345947265625,0.0028076171875,0.006622314453125
step_895_q_0,2.3603439331054688e-05,0.0299072265625,0.00019168853759765625,0.0048828125,0.0093994140625,0.007781982421875,0.047607421875,0.07373046875,0.038330078125,0.0004634857177734375,0.047607421875,0.034912109375,0.0164794921875,0.028076171875,0.055908203125,0.038330078125,0.04345703125,0.055908203125,0.0169677734375,0.00665283203125,0.005340576171875,0.017578125,0.03271484375,0.0064697265625,0.0032958984375,0.01031494140625,0.004425048828125,0.00286865234375,0.0186767578125,0.0225830078125,0.171875,0.1474609375
step_896_q_0,5.5789947509765625e-05,0.033935546875,0.00022125244140625,0.0026092529296875,0.00127410888671875,0.004730224609375,0.04931640625,0.1259765625,0.0040283203125,0.00017452239990234375,0.0036773681640625,0.002227783203125,0.0016326904296875,0.0263671875,0.008544921875,0.1337890625,0.076171875,0.052490234375,0.008056640625,0.003448486328125,0.0064697265625,0.04345703125,0.08642578125,0.03173828125,0.01324462890625,0.00179290771484375,0.01031494140625,0.01031494140625,0.035888671875,0.040771484375,0.1181640625,0.06298828125
step_897_q_0,5.602836608886719e-05,0.875,0.00020503997802734375,0.00860595703125,0.00689697265625,0.0030670166015625,0.01287841796875,0.01068115234375,0.01171875,0.00054168701171875,0.0091552734375,0.0015411376953125,0.001129150390625,0.002166748046875,0.0113525390625,0.0035858154296875,0.002532958984375,0.00286865234375,0.00119781494140625,0.000583648681640625,0.000751495361328125,0.00140380859375,0.0031585693359375,0.0010223388671875,0.00119781494140625,0.0013580322265625,0.000774383544921875,0.000751495361328125,0.002044677734375,0.000934600830078125,0.001983642578125,0.0181884765625
step_898_q_0,3.6716461181640625e-05,0.875,0.000751495361328125,0.007568359375,0.00537109375,0.0022430419921875,0.007568359375,0.0091552734375,0.01416015625,0.000530242919921875,0.01416015625,0.0022430419921875,0.00191497802734375,0.004730224609375,0.004730224609375,0.01171875,0.00238037109375,0.0015869140625,0.000823974609375,0.00021457672119140625,7.534027099609375e-05,0.000453948974609375,0.00127410888671875,0.00060272216796875,0.00034332275390625,0.00148773193359375,0.00144195556640625,0.000514984130859375,0.0027008056640625,0.00144195556640625,0.004302978515625,0.0181884765625
step_899_q_0,3.910064697265625e-05,0.65625,8.821487426757812e-05,7.2479248046875e-05,6.246566772460938e-05,0.000152587890625,5.9604644775390625e-05,4.649162292480469e-05,0.000335693359375,7.343292236328125e-05,0.004425048828125,0.000270843505859375,0.000942230224609375,0.0038909912109375,0.0007781982421875,0.000732421875,0.000335693359375,0.00113677978515625,0.00396728515625,0.00183868408203125,0.000385284423828125,0.0007781982421875,0.003387451171875,0.0050048828125,0.0030364990234375,0.0021820068359375,0.004852294921875,0.00189971923828125,0.0262451171875,0.0859375,0.1708984375,0.0203857421875
step_900_q_0,5.2928924560546875e-05,0.421875,4.1484832763671875e-05,0.005828857421875,0.009033203125,0.007049560546875,0.011962890625,0.0269775390625,0.0238037109375,0.0005950927734375,0.032470703125,0.00469970703125,0.0029449462890625,0.04443359375,0.05712890625,0.05712890625,0.036865234375,0.04736328125,0.01239013671875,0.00101470947265625,0.00023365020751953125,0.0022125244140625,0.019775390625,0.004150390625,0.0012664794921875,0.0023651123046875,0.000637054443359375,7.963180541992188e-05,0.009033203125,0.06494140625,0.078125,0.01239013671875
step_901_q_0,7.200241088867188e-05,0.279296875,0.000537872314453125,0.0036773681640625,0.000858306884765625,0.000881195068359375,0.003509521484375,0.012451171875,0.0026397705078125,0.0019073486328125,0.005615234375,0.004638671875,0.0101318359375,0.01031494140625,0.0220947265625,0.01385498046875,0.0164794921875,0.020751953125,0.01263427734375,0.003448486328125,0.004364013671875,0.0302734375,0.06201171875,0.027587890625,0.060302734375,0.00665283203125,0.09033203125,0.0235595703125,0.09912109375,0.0703125,0.09033203125,0.00970458984375
step_902_q_0,0.00014495849609375,0.19140625,0.0003032684326171875,0.000667572021484375,0.00015544891357421875,0.0001354217529296875,0.001556396484375,0.0009002685546875,0.0013275146484375,0.00016021728515625,0.0029144287109375,0.000553131103515625,0.000759124755859375,0.0118408203125,0.002166748046875,0.00677490234375,0.00139617919921875,0.0023345947265625,0.0003452301025390625,0.00014400482177734375,0.000385284423828125,0.0005645751953125,0.001312255859375,0.0002880096435546875,0.000637054443359375,0.00494384765625,0.0021209716796875,0.0004253387451171875,0.006988525390625,0.0034027099609375,0.04150390625,0.7109375
step_903_q_0,0.00012874603271484375,0.6015625,0.000934600830078125,0.0234375,0.01104736328125,0.005218505859375,0.01416015625,0.022705078125,0.01141357421875,0.00156402587890625,0.0181884765625,0.00177764892578125,0.006103515625,0.01556396484375,0.030029296875,0.024169921875,0.0031585693359375,0.003265380859375,0.0018310546875,0.00138092041015625,0.00140380859375,0.00592041015625,0.0031585693359375,0.0033721923828125,0.00101470947265625,0.00592041015625,0.003936767578125,0.00628662109375,0.0166015625,0.00836181640625,0.039794921875,0.10498046875
step_904_q_0,4.601478576660156e-05,0.7734375,0.00439453125,0.00072479248046875,0.00067138671875,0.00107574462890625,0.000324249267578125,0.00164031982421875,0.003753662109375,0.000835418701171875,0.0091552734375,0.000507354736328125,0.0155029296875,0.0133056640625,0.00860595703125,0.01416015625,0.0048828125,0.007568359375,0.003204345703125,0.00138092041015625,0.00048828125,0.006683349609375,0.00732421875,0.00213623046875,0.00112152099609375,0.00628662109375,0.0037994384765625,0.003631591796875,0.012451171875,0.00732421875,0.033935546875,0.051025390625
step_905_q_0,0.0004119873046875,0.7265625,0.0012664794921875,0.00113677978515625,0.0009002685546875,0.001556396484375,0.000644683837890625,0.00537109375,0.0028533935546875,0.000244140625,0.002685546875,0.0036163330078125,0.004058837890625,0.007354736328125,0.006805419921875,0.0103759765625,0.00958251953125,0.00701904296875,0.0014495849609375,0.00075531005859375,0.002197265625,0.00927734375,0.009765625,0.002777099609375,0.02783203125,0.00506591796875,0.0031890869140625,0.00121307373046875,0.0091552734375,0.0264892578125,0.051025390625,0.05615234375
step_906_q_0,0.00021839141845703125,0.4296875,0.00099945068359375,0.0020904541015625,0.0011138916015625,0.00193023681640625,0.001983642578125,0.001434326171875,0.000568389892578125,0.0012664794921875,0.0008087158203125,0.00154876708984375,0.0020904541015625,0.002899169921875,0.0025177001953125,0.00469970703125,0.004425048828125,0.0034332275390625,0.00225830078125,0.003662109375,0.00154876708984375,0.002471923828125,0.00469970703125,0.0042724609375,0.004638671875,0.0054931640625,0.00787353515625,0.0069580078125,0.01953125,0.01043701171875,0.033203125,0.4296875
step_907_q_0,0.00018024444580078125,0.92578125,0.0023040771484375,0.00823974609375,0.00994873046875,0.007080078125,0.00115203857421875,0.00457763671875,0.00518798828125,0.002685546875,0.0036773681640625,0.0018463134765625,0.000820159912109375,0.004852294921875,0.00135040283203125,0.007293701171875,0.002685546875,0.0005035400390625,0.000926971435546875,0.00112152099609375,0.0002384185791015625,0.00015163421630859375,0.0002498626708984375,0.0002346038818359375,0.0004444122314453125,0.001312255859375,0.0001163482666015625,0.00014495849609375,0.0002040863037109375,0.000537872314453125,0.0004062652587890625,0.0030364990234375
step_908_q_0,0.00023174285888671875,0.81640625,0.00078582763671875,0.00141143798828125,0.00150299072265625,0.000579833984375,0.0003185272216796875,0.000728607177734375,0.001220703125,0.000972747802734375,0.00994873046875,0.00390625,0.006134033203125,0.01043701171875,0.00518798828125,0.021728515625,0.007171630859375,0.0032806396484375,0.01318359375,0.01544189453125,0.00469970703125,0.006439208984375,0.004638671875,0.0040283203125,0.00494384765625,0.008544921875,0.00372314453125,0.00494384765625,0.0050048828125,0.0128173828125,0.007415771484375,0.01129150390625
step_909_q_0,1.8477439880371094e-05,0.98828125,9.202957153320312e-05,0.000400543212890625,0.000621795654296875,0.000274658203125,0.002166748046875,0.000621795654296875,0.0009918212890625,0.00011110305786132812,0.0009613037109375,0.000904083251953125,0.000797271728515625,0.000701904296875,6.961822509765625e-05,0.00013828277587890625,0.0001010894775390625,2.8133392333984375e-05,3.0994415283203125e-05,0.0001621246337890625,0.00011491775512695312,1.2278556823730469e-05,0.00021457672119140625,5.21540641784668e-06,2.592802047729492e-06,0.000400543212890625,1.0371208190917969e-05,1.704692840576172e-05,9.298324584960938e-06,0.0001773834228515625,4.792213439941406e-05,7.927417755126953e-06
step_910_q_0,9.393692016601562e-05,0.94140625,0.00145721435546875,0.00150299072265625,0.00176239013671875,0.0002346038818359375,0.000301361083984375,0.000213623046875,0.0004596710205078125,0.001708984375,0.00421142578125,0.00225830078125,0.0028076171875,0.00408935546875,0.01220703125,0.00150299072265625,0.001373291015625,0.0010223388671875,0.00150299072265625,0.001708984375,0.0031890869140625,0.0018768310546875,0.000957489013671875,0.000972747802734375,0.00077056884765625,0.00121307373046875,0.0004520416259765625,0.000530242919921875,0.0004119873046875,0.00141143798828125,0.0028076171875,0.0036163330078125
step_911_q_0,0.0001544952392578125,0.41796875,0.000659942626953125,0.003143310546875,0.004486083984375,0.0028228759765625,0.0013275146484375,0.00148773193359375,0.0012664794921875,0.0020904541015625,0.0086669921875,0.0025177001953125,0.0040283203125,0.0167236328125,0.013427734375,0.0189208984375,0.03759765625,0.0242919921875,0.0284423828125,0.0086669921875,0.0018157958984375,0.0024871826171875,0.01080322265625,0.0235595703125,0.03125,0.0029449462890625,0.0189208984375,0.0228271484375,0.007415771484375,0.03759765625,0.2099609375,0.03125
step_912_q_0,1.9278377294540405e-07,4.0531158447265625e-05,0.0002994537353515625,0.00028228759765625,0.19921875,0.00014591217041015625,9.1552734375e-05,0.0017242431640625,0.0003299713134765625,1.4808028936386108e-07,0.0002651214599609375,1.7508864402770996e-07,0.0002651214599609375,0.00016117095947265625,0.000247955322265625,0.0020904541015625,0.00531005859375,7.82012939453125e-05,0.00010395050048828125,0.05712890625,0.00012111663818359375,0.00012874603271484375,0.330078125,2.205371856689453e-05,0.004150390625,1.3262033462524414e-06,0.00014209747314453125,3.4809112548828125e-05,9.441375732421875e-05,0.396484375,8.58306884765625e-05,3.361701965332031e-05,0.00046539306640625
step_913_q_0,0.000835418701171875,0.0003376007080078125,3.838539123535156e-05,1.0669231414794922e-05,1.4603137969970703e-05,5.6743621826171875e-05,0.000576019287109375,0.00014972686767578125,0.00011301040649414062,5.8650970458984375e-05,7.05718994140625e-05,0.0002803802490234375,0.0019989013671875,0.000316619873046875,0.000492095947265625,5.6743621826171875e-05,8.821487426757812e-05,0.00023174285888671875,0.000629425048828125,0.003631591796875,0.000461578369140625,0.0003948211669921875,0.000461578369140625,0.00067138671875,0.0034027099609375,0.0098876953125,0.005615234375,0.0081787109375,0.017333984375,0.1748046875,0.5078125,0.1748046875,0.087890625
step_914_q_0,0.0002765655517578125,0.27734375,0.0283203125,0.0257568359375,0.01953125,0.01336669921875,0.01300048828125,0.0047607421875,0.020751953125,0.0257568359375,0.0283203125,0.0257568359375,0.041259765625,0.0283203125,0.005950927734375,0.0283203125,0.0220947265625,0.01611328125,0.00921630859375,0.0111083984375,0.01470947265625,0.0228271484375,0.06005859375,0.01043701171875,0.007171630859375,0.003173828125,0.00421142578125,0.0142822265625,0.035400390625,0.1396484375,0.01043701171875,0.0201416015625,0.01220703125
step_915_q_0,0.00067138671875,0.13671875,0.0120849609375,0.01458740234375,0.00927734375,0.005126953125,0.003814697265625,0.005462646484375,0.0252685546875,0.0076904296875,0.03564453125,0.0179443359375,0.016845703125,0.205078125,0.060546875,0.1064453125,0.04150390625,0.0208740234375,0.0277099609375,0.0081787109375,0.0252685546875,0.0216064453125,0.05029296875,0.028564453125,0.0120849609375,0.007110595703125,0.0120849609375,0.006103515625,0.010009765625,0.0277099609375,0.016845703125,0.01416015625,0.0074462890625
step_916_q_0,0.00116729736328125,0.73046875,0.0047607421875,0.00787353515625,0.00433349609375,0.0034332275390625,0.0026397705078125,0.0047607421875,0.004547119140625,0.004608154296875,0.0035400390625,0.0042724609375,0.0035400390625,0.006622314453125,0.0177001953125,0.00433349609375,0.018310546875,0.005584716796875,0.007049560546875,0.01007080078125,0.004486083984375,0.0047607421875,0.0194091796875,0.00823974609375,0.024169921875,0.0137939453125,0.007049560546875,0.00726318359375,0.003173828125,0.011962890625,0.00531005859375,0.0038299560546875,0.03759765625
step_917_q_0,0.0003147125244140625,0.384765625,0.00860595703125,0.03564453125,0.01123046875,0.01275634765625,0.012939453125,0.03564453125,0.0234375,0.0034637451171875,0.01141357421875,0.00092315673828125,0.005889892578125,0.01123046875,0.04443359375,0.026123046875,0.058837890625,0.045166015625,0.02783203125,0.0296630859375,0.006103515625,0.00726318359375,0.0172119140625,0.0223388671875,0.018310546875,0.00823974609375,0.01397705078125,0.01336669921875,0.0096435546875,0.0146484375,0.0174560546875,0.02490234375,0.036376953125
step_918_q_0,4.76837158203125e-05,0.9140625,0.00067138671875,0.00168609619140625,0.0023345947265625,0.0003452301025390625,0.00022125244140625,0.000759124755859375,0.000797271728515625,6.246566772460938e-05,0.0004119873046875,1.3709068298339844e-05,0.000301361083984375,0.0005645751953125,0.0029144287109375,0.004638671875,0.002655029296875,0.0030975341796875,0.00634765625,0.005279541015625,0.0028228759765625,0.0031890869140625,0.0034027099609375,0.002227783203125,0.000835418701171875,0.000640869140625,0.0019378662109375,0.0010223388671875,0.0072021484375,0.00396728515625,0.010498046875,0.01116943359375,0.0038604736328125
step_919_q_0,0.001434326171875,0.130859375,0.0166015625,0.020751953125,0.01055908203125,0.0179443359375,0.003204345703125,0.00714111328125,0.006622314453125,0.0029754638671875,0.0274658203125,0.00445556640625,0.059814453125,0.039794921875,0.06982421875,0.0927734375,0.056396484375,0.0286865234375,0.01214599609375,0.01123046875,0.026123046875,0.0301513671875,0.06982421875,0.01470947265625,0.0177001953125,0.03515625,0.006927490234375,0.0306396484375,0.048095703125,0.03369140625,0.00811767578125,0.02001953125,0.03759765625
step_920_q_0,0.0025177001953125,0.390625,0.00848388671875,0.0172119140625,0.0213623046875,0.00811767578125,0.00154876708984375,0.00738525390625,0.004150390625,0.00124359130859375,0.0140380859375,0.00159454345703125,0.0034332275390625,0.026611328125,0.01129150390625,0.015625,0.04248046875,0.0301513671875,0.0172119140625,0.0111083984375,0.0038909912109375,0.00811767578125,0.014892578125,0.0283203125,0.0174560546875,0.01446533203125,0.0220947265625,0.061767578125,0.0030364990234375,0.022705078125,0.0927734375,0.038818359375,0.03515625
step_921_q_0,1.4841556549072266e-05,0.984375,7.05718994140625e-05,9.632110595703125e-05,0.000335693359375,0.00037384033203125,0.000720977783203125,0.0002307891845703125,0.001190185546875,2.0742416381835938e-05,0.0023651123046875,7.152557373046875e-05,1.436471939086914e-05,6.151199340820312e-05,4.57763671875e-05,0.0003147125244140625,0.0001220703125,3.695487976074219e-05,0.000164031982421875,0.0004596710205078125,0.000843048095703125,0.0002689361572265625,0.0003795623779296875,0.000518798828125,4.291534423828125e-05,0.00010156631469726562,0.0003509521484375,0.0003204345703125,0.0030364990234375,0.0008697509765625,0.000942230224609375,0.0003509521484375,0.000274658203125
step_922_q_0,0.00055694580078125,0.890625,0.0024261474609375,0.00927734375,0.004974365234375,0.0011444091796875,0.000812530517578125,0.004974365234375,0.00250244140625,0.000408172607421875,0.00146484375,0.0003604888916015625,0.00177001953125,0.00138092041015625,0.003753662109375,0.005615234375,0.0029144287109375,0.00579833984375,0.00118255615234375,0.001007080078125,6.866455078125e-05,0.0001697540283203125,0.00020503997802734375,0.0002117156982421875,0.00142669677734375,0.00074005126953125,0.0011444091796875,0.00032806396484375,0.00016498565673828125,0.00043487548828125,0.003631591796875,0.00579833984375,0.044189453125
step_923_q_0,2.682209014892578e-05,0.64453125,6.246566772460938e-05,3.528594970703125e-05,3.719329833984375e-05,2.4437904357910156e-05,4.7206878662109375e-05,3.075599670410156e-05,9.202957153320312e-05,0.00014972686767578125,0.0001621246337890625,0.0002460479736328125,0.0006103515625,0.0012054443359375,0.0003490447998046875,0.00020885467529296875,5.435943603515625e-05,0.00011587142944335938,0.000362396240234375,0.00154876708984375,0.00183868408203125,0.0027618408203125,0.00152587890625,0.0021209716796875,0.00069427490234375,0.0026397705078125,0.0023956298828125,0.0015716552734375,0.006622314453125,0.0274658203125,0.072265625,0.1904296875,0.03759765625
step_924_q_0,0.000370025634765625,0.482421875,0.0004673004150390625,0.005523681640625,0.00665283203125,0.005889892578125,0.003143310546875,0.0037994384765625,0.0159912109375,0.000713348388671875,0.0064697265625,0.00185394287109375,0.00390625,0.0186767578125,0.03955078125,0.04638671875,0.055908203125,0.03271484375,0.0576171875,0.012451171875,0.002777099609375,0.0026092529296875,0.0289306640625,0.0289306640625,0.00518798828125,0.0064697265625,0.00665283203125,0.0024566650390625,0.006866455078125,0.03271484375,0.03955078125,0.0272216796875,0.0093994140625
step_925_q_0,0.0010833740234375,0.265625,0.000606536865234375,0.0011138916015625,0.000667572021484375,0.00086212158203125,0.000225067138671875,0.0020904541015625,0.00150299072265625,0.000240325927734375,0.0015716552734375,0.0019683837890625,0.00933837890625,0.0262451171875,0.00823974609375,0.01202392578125,0.050537109375,0.0169677734375,0.00994873046875,0.0306396484375,0.01220703125,0.021728515625,0.06494140625,0.04052734375,0.016357421875,0.006439208984375,0.0279541015625,0.0189208984375,0.01519775390625,0.1611328125,0.1611328125,0.0107421875,0.002716064453125
step_926_q_0,1.7404556274414062e-05,0.06982421875,0.00011014938354492188,0.0001506805419921875,8.058547973632812e-05,0.0001068115234375,0.000335693359375,0.0004711151123046875,0.00021266937255859375,6.103515625e-05,0.00012493133544921875,0.00010347366333007812,2.5391578674316406e-05,0.0004291534423828125,0.0006866455078125,0.00093841552734375,0.000911712646484375,0.000568389892578125,0.0004291534423828125,0.0004444122314453125,0.00011205673217773438,4.8160552978515625e-05,0.0001506805419921875,3.1948089599609375e-05,6.818771362304688e-05,0.00058746337890625,0.0012054443359375,0.0012054443359375,0.00093841552734375,0.00159454345703125,0.01611328125,0.048095703125,0.8515625
step_927_q_0,0.0004558563232421875,0.73828125,0.002349853515625,0.005462646484375,0.0098876953125,0.005218505859375,0.005462646484375,0.014404296875,0.0277099609375,0.00061798095703125,0.01904296875,0.00250244140625,0.00058746337890625,0.0028839111328125,0.00341796875,0.005706787109375,0.00250244140625,0.00311279296875,0.003814697265625,0.00274658203125,0.0023040771484375,0.000728607177734375,0.00171661376953125,0.00074005126953125,0.0010223388671875,0.00274658203125,0.000823974609375,0.0015869140625,0.0074462890625,0.003753662109375,0.00872802734375,0.06884765625,0.044189453125
step_928_q_0,1.71661376953125e-05,0.75,0.0004062652587890625,0.0015106201171875,0.0009918212890625,0.000579833984375,0.0002880096435546875,0.00457763671875,0.00439453125,0.0002803802490234375,0.0108642578125,0.00145721435546875,0.00124359130859375,0.0194091796875,0.015625,0.0174560546875,0.01031494140625,0.004913330078125,0.0025482177734375,0.001739501953125,0.001007080078125,0.0015716552734375,0.0118408203125,0.0045166015625,0.0024871826171875,0.00531005859375,0.0020294189453125,0.00118255615234375,0.01141357421875,0.0264892578125,0.058837890625,0.01141357421875,0.01177978515625
step_929_q_0,5.7697296142578125e-05,0.85546875,0.00048065185546875,0.00152587890625,0.0032806396484375,0.0016021728515625,0.000213623046875,0.003387451171875,0.0042724609375,8.153915405273438e-05,0.00469970703125,0.00113677978515625,0.0015716552734375,0.006134033203125,0.002899169921875,0.0118408203125,0.005584716796875,0.00102996826171875,0.000667572021484375,0.0020904541015625,0.00775146484375,0.004547119140625,0.01220703125,0.00567626953125,0.00115203857421875,0.0038299560546875,0.0014801025390625,0.0021820068359375,0.0026702880859375,0.0111083984375,0.0291748046875,0.0027618408203125,0.0086669921875
step_930_q_0,0.0001850128173828125,0.8671875,0.000457763671875,0.006622314453125,0.0042724609375,0.0020294189453125,0.0020904541015625,0.004547119140625,0.021728515625,0.00083160400390625,0.01129150390625,0.00130462646484375,0.00048828125,0.0020294189453125,0.0169677734375,0.007293701171875,0.00070953369140625,0.0006866455078125,0.00173187255859375,0.00162506103515625,0.00173187255859375,0.00173187255859375,0.0021514892578125,0.000885009765625,0.00049591064453125,0.0003108978271484375,0.0013885498046875,0.0012664794921875,0.0019683837890625,0.003662109375,0.004547119140625,0.0030364990234375,0.0211181640625
step_931_q_0,4.76837158203125e-06,0.0272216796875,0.0001220703125,0.00112152099609375,0.00168609619140625,0.002227783203125,0.00445556640625,0.0225830078125,0.010986328125,3.361701965332031e-05,0.034912109375,0.019287109375,0.0120849609375,0.03955078125,0.08935546875,0.0654296875,0.1220703125,0.034912109375,0.0225830078125,0.0255126953125,0.044921875,0.0255126953125,0.1298828125,0.012451171875,0.0478515625,0.00830078125,0.019287109375,0.0186767578125,0.0255126953125,0.0478515625,0.0654296875,0.00537109375,0.013671875
step_932_q_0,0.0007171630859375,0.251953125,0.0015869140625,0.00445556640625,0.004058837890625,0.00433349609375,0.01507568359375,0.03857421875,0.01104736328125,0.000141143798828125,0.00830078125,0.00238037109375,0.001220703125,0.007110595703125,0.0024566650390625,0.039794921875,0.0194091796875,0.07421875,0.08154296875,0.00885009765625,0.01251220703125,0.007354736328125,0.052734375,0.044921875,0.01373291015625,0.00147247314453125,0.01373291015625,0.01507568359375,0.0615234375,0.0478515625,0.09814453125,0.025634765625,0.029052734375
step_933_q_0,6.771087646484375e-05,0.8984375,0.00012111663818359375,0.00064849853515625,0.000537872314453125,0.001251220703125,0.00390625,0.004730224609375,0.0023651123046875,0.00011682510375976562,0.00244140625,0.0003871917724609375,0.00018405914306640625,0.00077056884765625,0.0026397705078125,0.0018768310546875,0.00146484375,0.00225830078125,0.0033416748046875,0.0026092529296875,0.00518798828125,0.0033416748046875,0.004852294921875,0.0036773681640625,0.001251220703125,0.000408172607421875,0.0027313232421875,0.0035552978515625,0.01202392578125,0.0029449462890625,0.004730224609375,0.007537841796875,0.0169677734375
step_934_q_0,0.0002193450927734375,0.4765625,0.004547119140625,0.0108642578125,0.01055908203125,0.0115966796875,0.0216064453125,0.031494140625,0.0380859375,0.004547119140625,0.0286865234375,0.00933837890625,0.005462646484375,0.016845703125,0.007720947265625,0.0223388671875,0.015869140625,0.0135498046875,0.005126953125,0.0035400390625,0.00177764892578125,0.0026702880859375,0.004547119140625,0.003021240234375,0.00958251953125,0.0135498046875,0.01312255859375,0.002838134765625,0.00933837890625,0.00439453125,0.0135498046875,0.06884765625,0.11328125
step_935_q_0,3.933906555175781e-05,0.76953125,0.0004425048828125,0.000858306884765625,0.000782012939453125,0.00049591064453125,0.000186920166015625,0.0005950927734375,0.001708984375,0.0002193450927734375,0.005035400390625,0.0012664794921875,0.00139617919921875,0.005859375,0.0032958984375,0.0032501220703125,0.0030975341796875,0.0012664794921875,0.00179290771484375,0.004791259765625,0.00457763671875,0.00494384765625,0.00494384765625,0.004425048828125,0.0019989013671875,0.003143310546875,0.001708984375,0.00104522705078125,0.002777099609375,0.0087890625,0.0673828125,0.034912109375,0.053955078125
step_936_q_0,0.000701904296875,0.734375,0.0005645751953125,0.004669189453125,0.003631591796875,0.00543212890625,0.00958251953125,0.0244140625,0.017822265625,0.00133514404296875,0.034423828125,0.0076904296875,0.0025787353515625,0.01019287109375,0.0157470703125,0.01226806640625,0.01153564453125,0.01080322265625,0.0074462890625,0.004364013671875,0.003204345703125,0.0032958984375,0.01226806640625,0.005126953125,0.00927734375,0.004669189453125,0.0059814453125,0.000736236572265625,0.00543212890625,0.01263427734375,0.0130615234375,0.002105712890625,0.001312255859375
step_937_q_0,0.00102996826171875,0.51953125,0.001251220703125,0.00286865234375,0.001678466796875,0.00109100341796875,0.00250244140625,0.01031494140625,0.002288818359375,0.00077056884765625,0.005096435546875,0.01141357421875,0.0086669921875,0.0093994140625,0.010009765625,0.01519775390625,0.0220947265625,0.0162353515625,0.01409912109375,0.011962890625,0.00921630859375,0.01519775390625,0.03076171875,0.0162353515625,0.0255126953125,0.0167236328125,0.044677734375,0.017578125,0.04541015625,0.0220947265625,0.056640625,0.020751953125,0.01129150390625
step_938_q_0,6.198883056640625e-06,0.040283203125,2.6464462280273438e-05,0.00012493133544921875,3.24249267578125e-05,4.4345855712890625e-05,0.000476837158203125,0.00055694580078125,0.000476837158203125,0.0001544952392578125,0.0002727508544921875,0.00016021728515625,0.00012493133544921875,0.00151824951171875,0.0035247802734375,0.006195068359375,0.0007171630859375,0.00069427490234375,6.67572021484375e-05,0.0002727508544921875,0.00069427490234375,0.000263214111328125,0.000476837158203125,3.910064697265625e-05,5.364418029785156e-05,0.0004634857177734375,0.00151824951171875,0.000762939453125,0.000576019287109375,0.000652313232421875,0.0022735595703125,0.0179443359375,0.91796875
step_939_q_0,0.00012111663818359375,0.271484375,0.00020599365234375,0.00726318359375,0.0123291015625,0.009033203125,0.0286865234375,0.026123046875,0.048828125,0.00138092041015625,0.064453125,0.00189208984375,0.004547119140625,0.0191650390625,0.0174560546875,0.0196533203125,0.006011962890625,0.016845703125,0.0098876953125,0.003021240234375,0.0037689208984375,0.0098876953125,0.015869140625,0.00341796875,0.004974365234375,0.005462646484375,0.00201416015625,0.0015716552734375,0.015380859375,0.0191650390625,0.0238037109375,0.2255859375,0.10009765625
step_940_q_0,9.775161743164062e-05,0.59375,0.00098419189453125,0.0018310546875,0.00060272216796875,0.00060272216796875,0.0025787353515625,0.01312255859375,0.00201416015625,0.001617431640625,0.0135498046875,0.0108642578125,0.0245361328125,0.03466796875,0.041748046875,0.014892578125,0.0269775390625,0.033447265625,0.0196533203125,0.003021240234375,0.004119873046875,0.007720947265625,0.0098876953125,0.0018310546875,0.00439453125,0.03466796875,0.0005340576171875,0.00019931793212890625,0.0098876953125,0.03466796875,0.03564453125,0.006805419921875,0.00872802734375
step_941_q_0,0.0002460479736328125,0.68359375,0.000286102294921875,0.00156402587890625,0.00125885009765625,0.00106048583984375,0.001617431640625,0.007568359375,0.00433349609375,0.000461578369140625,0.0079345703125,0.003997802734375,0.0031585693359375,0.0159912109375,0.0078125,0.02734375,0.0081787109375,0.007354736328125,0.00262451171875,0.003204345703125,0.00194549560546875,0.004608154296875,0.007476806640625,0.003692626953125,0.006683349609375,0.0057373046875,0.00125885009765625,0.00081634521484375,0.009765625,0.00958251953125,0.039794921875,0.043701171875,0.07666015625
step_942_q_0,0.000431060791015625,0.58203125,0.00567626953125,0.1005859375,0.05224609375,0.01031494140625,0.006866455078125,0.007781982421875,0.0673828125,0.00604248046875,0.047607421875,0.0019989013671875,0.005340576171875,0.01165771484375,0.03369140625,0.00830078125,0.0023651123046875,0.000858306884765625,0.00020599365234375,0.000339508056640625,0.00051116943359375,0.001190185546875,0.0009918212890625,0.00043487548828125,0.000324249267578125,0.00323486328125,0.00018978118896484375,0.00014209747314453125,0.0014190673828125,0.0023651123046875,0.002410888671875,0.00604248046875,0.03076171875
step_943_q_0,0.0001468658447265625,0.09423828125,0.0002079010009765625,0.003021240234375,0.003021240234375,0.0031280517578125,0.019775390625,0.03564453125,0.00933837890625,0.0005035400390625,0.0458984375,0.036865234375,0.01025390625,0.026123046875,0.05712890625,0.03369140625,0.036865234375,0.0296630859375,0.0458984375,0.015869140625,0.0174560546875,0.026123046875,0.060791015625,0.032470703125,0.0174560546875,0.009033203125,0.011962890625,0.003997802734375,0.036865234375,0.06298828125,0.09423828125,0.050537109375,0.06884765625
step_944_q_0,8.678436279296875e-05,0.0966796875,0.000614166259765625,0.00927734375,0.0022125244140625,0.005828857421875,0.07568359375,0.11669921875,0.011962890625,0.0002994537353515625,0.0126953125,0.0022735595703125,0.004974365234375,0.029541015625,0.0108642578125,0.0625,0.048828125,0.033447265625,0.0098876953125,0.0033111572265625,0.006378173828125,0.0252685546875,0.0517578125,0.0135498046875,0.006195068359375,0.0025787353515625,0.0135498046875,0.01055908203125,0.04296875,0.029541015625,0.0625,0.11669921875,0.080078125
step_945_q_0,0.00010728836059570312,0.8984375,0.0003108978271484375,0.008544921875,0.0062255859375,0.0033416748046875,0.0164794921875,0.01092529296875,0.00775146484375,0.0010528564453125,0.00567626953125,0.0010833740234375,0.000766754150390625,0.00130462646484375,0.0062255859375,0.0013885498046875,0.00101470947265625,0.00101470947265625,0.00067901611328125,0.0002460479736328125,0.0002956390380859375,0.0004520416259765625,0.0010528564453125,0.0002346038818359375,0.0003986358642578125,0.000560760498046875,0.000423431396484375,0.00048065185546875,0.0017852783203125,0.00048065185546875,0.00101470947265625,0.0050048828125,0.0169677734375
step_946_q_0,6.580352783203125e-05,0.8515625,0.0016937255859375,0.00811767578125,0.005401611328125,0.0038299560546875,0.0089111328125,0.01214599609375,0.0166015625,0.00066375732421875,0.0213623046875,0.003173828125,0.002044677734375,0.0033721923828125,0.001983642578125,0.004913330078125,0.002044677734375,0.00136566162109375,0.0005035400390625,0.0004711151123046875,0.0001583099365234375,0.000644683837890625,0.0010986328125,0.000518798828125,0.00054931640625,0.0014495849609375,0.00136566162109375,0.00054931640625,0.001861572265625,0.00080108642578125,0.00136566162109375,0.0038299560546875,0.03515625
step_947_q_0,3.62396240234375e-05,0.85546875,0.000274658203125,0.00020503997802734375,7.772445678710938e-05,8.630752563476562e-05,6.29425048828125e-05,9.393692016601562e-05,0.0003147125244140625,0.00011110305786132812,0.00162506103515625,0.00019550323486328125,0.000408172607421875,0.0011749267578125,0.000514984130859375,0.000209808349609375,7.200241088867188e-05,0.00010919570922851562,0.00075531005859375,0.001373291015625,0.0025634765625,0.001190185546875,0.000782012939453125,0.00075531005859375,0.000690460205078125,0.0010986328125,0.0021514892578125,0.00102996826171875,0.011474609375,0.01300048828125,0.03125,0.058349609375,0.0118408203125
step_948_q_0,6.818771362304688e-05,0.8046875,6.914138793945312e-05,0.00225830078125,0.0025634765625,0.001556396484375,0.003387451171875,0.007171630859375,0.005096435546875,0.0003814697265625,0.01080322265625,0.0019989013671875,0.00150299072265625,0.01263427734375,0.013427734375,0.0086669921875,0.005767822265625,0.0086669921875,0.004364013671875,0.000972747802734375,0.000553131103515625,0.0027313232421875,0.0086669921875,0.0016021728515625,0.0005035400390625,0.0013275146484375,0.000804901123046875,0.0001468658447265625,0.01080322265625,0.0228271484375,0.035400390625,0.01385498046875,0.004791259765625
step_949_q_0,0.000133514404296875,0.625,0.0030059814453125,0.01165771484375,0.0031890869140625,0.002105712890625,0.004425048828125,0.00750732421875,0.004486083984375,0.0052490234375,0.01043701171875,0.004180908203125,0.01025390625,0.01470947265625,0.038818359375,0.01129150390625,0.0169677734375,0.01300048828125,0.006622314453125,0.003753662109375,0.005584716796875,0.0172119140625,0.0177001953125,0.0069580078125,0.01470947265625,0.00823974609375,0.0211181640625,0.00909423828125,0.035400390625,0.0172119140625,0.018310546875,0.01385498046875,0.0172119140625
step_950_q_0,0.00010251998901367188,0.1787109375,0.000518798828125,0.00159454345703125,0.00014972686767578125,2.872943878173828e-05,0.00089263916015625,0.0011138916015625,0.001983642578125,0.000492095947265625,0.00433349609375,0.000385284423828125,0.0003490447998046875,0.0078125,0.00445556640625,0.015625,0.002105712890625,0.00180816650390625,0.000202178955078125,0.00012874603271484375,0.00043487548828125,0.000762939453125,0.002105712890625,0.0002193450927734375,0.00022602081298828125,0.001922607421875,0.0022430419921875,0.0012969970703125,0.00714111328125,0.0028839111328125,0.00811767578125,0.0869140625,0.6640625
step_951_q_0,0.00032806396484375,0.66015625,0.0019683837890625,0.01171875,0.0064697265625,0.0034027099609375,0.010009765625,0.01171875,0.00885009765625,0.00390625,0.0145263671875,0.002166748046875,0.0032958984375,0.00970458984375,0.012451171875,0.008056640625,0.0020294189453125,0.0030517578125,0.0028228759765625,0.002197265625,0.00165557861328125,0.00457763671875,0.0028228759765625,0.002960205078125,0.00084686279296875,0.00390625,0.0028228759765625,0.005889892578125,0.0289306640625,0.004180908203125,0.033935546875,0.09765625,0.03271484375
step_952_q_0,4.696846008300781e-05,0.74609375,0.0023040771484375,0.000644683837890625,0.00054168701171875,0.0010528564453125,0.000308990478515625,0.00090789794921875,0.002685546875,0.00069427490234375,0.002227783203125,0.000415802001953125,0.003448486328125,0.003509521484375,0.0069580078125,0.0052490234375,0.002227783203125,0.00421142578125,0.0018463134765625,0.0021514892578125,0.000701904296875,0.0087890625,0.003509521484375,0.0030975341796875,0.0019989013671875,0.0020904541015625,0.01031494140625,0.0052490234375,0.0050048828125,0.002685546875,0.007781982421875,0.0289306640625,0.1337890625
step_953_q_0,0.00046539306640625,0.58984375,0.00099945068359375,0.0005645751953125,0.000209808349609375,0.00019359588623046875,0.0002422332763671875,0.0024871826171875,0.000698089599609375,0.00051116943359375,0.00107574462890625,0.003082275390625,0.0021820068359375,0.0023651123046875,0.00274658203125,0.002655029296875,0.0022125244140625,0.0011749267578125,0.000736236572265625,0.0021209716796875,0.0024566650390625,0.0024871826171875,0.00299072265625,0.00152587890625,0.00732421875,0.00183868408203125,0.00213623046875,0.001251220703125,0.00482177734375,0.00689697265625,0.0240478515625,0.154296875,0.169921875
step_954_q_0,0.00011920928955078125,0.6875,0.00081634521484375,0.00130462646484375,0.00095367431640625,0.00106048583984375,0.0034942626953125,0.0032806396484375,0.000614166259765625,0.00081634521484375,0.0003032684326171875,0.00063323974609375,0.00099945068359375,0.00177764892578125,0.00141143798828125,0.0032806396484375,0.004608154296875,0.00714111328125,0.00183868408203125,0.00299072265625,0.001129150390625,0.0012664794921875,0.00141143798828125,0.00152587890625,0.0028076171875,0.002716064453125,0.00811767578125,0.00946044921875,0.00433349609375,0.00201416015625,0.006317138671875,0.026611328125,0.208984375
step_955_q_0,9.679794311523438e-05,0.9453125,0.00160980224609375,0.004974365234375,0.0016632080078125,0.00194549560546875,0.0012969970703125,0.0084228515625,0.0025787353515625,0.00133514404296875,0.0028228759765625,0.00121307373046875,0.00067138671875,0.005615234375,0.00138092041015625,0.0025787353515625,0.00103759765625,0.000701904296875,0.000659942626953125,0.000476837158203125,0.0001544952392578125,0.0002593994140625,0.00013446807861328125,0.00014781951904296875,0.0004482269287109375,0.0014190673828125,0.00011873245239257812,0.00072479248046875,0.00103759765625,0.0003948211669921875,0.0011444091796875,0.0016632080078125,0.005615234375
step_956_q_0,0.0003414154052734375,0.83203125,0.0006103515625,0.00177764892578125,0.000850677490234375,0.0010833740234375,0.00064849853515625,0.002410888671875,0.001251220703125,0.00089263916015625,0.007415771484375,0.003448486328125,0.004730224609375,0.00897216796875,0.005035400390625,0.0093994140625,0.008544921875,0.004638671875,0.012451171875,0.01409912109375,0.006072998046875,0.0079345703125,0.0028228759765625,0.005706787109375,0.0040283203125,0.00677490234375,0.0027923583984375,0.006561279296875,0.005279541015625,0.00518798828125,0.006866455078125,0.00921630859375,0.01031494140625
step_957_q_0,3.695487976074219e-05,0.96484375,0.000728607177734375,0.001800537109375,0.0027008056640625,0.0016937255859375,0.01141357421875,0.00174713134765625,0.0037078857421875,0.00034332275390625,0.004058837890625,0.000324249267578125,0.00080108642578125,0.001983642578125,7.915496826171875e-05,0.000324249267578125,5.435943603515625e-05,0.00016307830810546875,2.6941299438476562e-05,8.058547973632812e-05,4.172325134277344e-05,1.0132789611816406e-05,0.00060272216796875,2.16066837310791e-06,9.611248970031738e-07,0.00090789794921875,4.57763671875e-05,0.000202178955078125,1.800060272216797e-05,0.000823974609375,0.00022220611572265625,2.3484230041503906e-05,0.00099945068359375
step_958_q_0,6.723403930664062e-05,0.94921875,0.0003833770751953125,0.0003223419189453125,0.0002899169921875,5.5789947509765625e-05,0.00012969970703125,0.0001316070556640625,0.000499725341796875,0.000377655029296875,0.007476806640625,0.0025787353515625,0.0022735595703125,0.00341796875,0.003753662109375,0.000949859619140625,0.000354766845703125,0.00078582763671875,0.0036468505859375,0.00147247314453125,0.00201416015625,0.002838134765625,0.00063323974609375,0.00090789794921875,0.0002880096435546875,0.0035247802734375,0.0005950927734375,0.000762939453125,0.00213623046875,0.000728607177734375,0.0014495849609375,0.00482177734375,0.00171661376953125
step_959_q_0,9.965896606445312e-05,0.66796875,0.00024127960205078125,0.0010986328125,0.0009002685546875,0.000751495361328125,0.0004596710205078125,0.00043487548828125,0.000270843505859375,0.00098419189453125,0.004425048828125,0.001251220703125,0.0021209716796875,0.0040283203125,0.004425048828125,0.004150390625,0.005767822265625,0.004302978515625,0.00653076171875,0.006134033203125,0.00176239013671875,0.0020294189453125,0.004638671875,0.0069580078125,0.006744384765625,0.00139617919921875,0.020751953125,0.01385498046875,0.00921630859375,0.01385498046875,0.068359375,0.0228271484375,0.1123046875
step_960_q_0,4.315376281738281e-05,0.051513671875,0.000118255615234375,0.0004062652587890625,4.076957702636719e-05,0.056640625,0.08251953125,0.0009002685546875,0.00011301040649414062,1.5616416931152344e-05,0.0003070831298828125,0.00011920928955078125,0.00677490234375,0.00029754638671875,0.00041961669921875,0.00067901611328125,0.000194549560546875,0.01153564453125,0.051513671875,0.0009918212890625,0.056640625,0.033203125,8.106231689453125e-05,0.068359375,0.0003261566162109375,0.0162353515625,0.00396728515625,0.0184326171875,0.0267333984375,0.00010347366333007812,0.058349609375,0.05322265625,0.392578125,0.0059814453125
step_961_q_0,0.00101470947265625,0.00189208984375,0.0003509521484375,0.00019931793212890625,4.00543212890625e-05,9.1552734375e-05,0.0004367828369140625,0.000385284423828125,0.00081634521484375,0.00049591064453125,0.00017070770263671875,0.00019931793212890625,0.000576019287109375,0.000396728515625,0.0029296875,0.00063323974609375,0.00051116943359375,0.00019359588623046875,0.000339508056640625,0.00189208984375,0.00130462646484375,0.00115203857421875,0.0027618408203125,0.003021240234375,0.0024261474609375,0.005828857421875,0.0036468505859375,0.011962890625,0.01123046875,0.04443359375,0.1552734375,0.1650390625,0.5078125,0.06884765625
step_962_q_0,0.00029754638671875,0.1953125,0.0272216796875,0.0240478515625,0.0240478515625,0.019287109375,0.01458740234375,0.0048828125,0.0247802734375,0.01416015625,0.0225830078125,0.0272216796875,0.04638671875,0.0198974609375,0.004302978515625,0.033935546875,0.01458740234375,0.0133056640625,0.00970458984375,0.01287841796875,0.01287841796875,0.0240478515625,0.08154296875,0.01287841796875,0.00537109375,0.0030670166015625,0.0022430419921875,0.00970458984375,0.0264892578125,0.2216796875,0.007568359375,0.0181884765625,0.00830078125,0.01287841796875
step_963_q_0,0.000518798828125,0.1298828125,0.00897216796875,0.0128173828125,0.00909423828125,0.0029144287109375,0.003143310546875,0.0036773681640625,0.0255126953125,0.00616455078125,0.034912109375,0.0164794921875,0.0159912109375,0.146484375,0.03955078125,0.09765625,0.0255126953125,0.0198974609375,0.0272216796875,0.0072021484375,0.0255126953125,0.0218505859375,0.06298828125,0.0289306640625,0.013671875,0.007659912109375,0.0150146484375,0.00970458984375,0.0155029296875,0.0673828125,0.03173828125,0.0272216796875,0.017578125,0.0211181640625
step_964_q_0,0.000457763671875,0.83203125,0.002197265625,0.0037841796875,0.0015411376953125,0.000858306884765625,0.0011444091796875,0.0028076171875,0.0020904541015625,0.00109100341796875,0.0020599365234375,0.0018463134765625,0.001800537109375,0.00665283203125,0.011474609375,0.0028076171875,0.01263427734375,0.0030364990234375,0.003387451171875,0.005523681640625,0.00299072265625,0.0019989013671875,0.0189208984375,0.004791259765625,0.01043701171875,0.00799560546875,0.004425048828125,0.0040283203125,0.0019073486328125,0.01202392578125,0.00396728515625,0.0036773681640625,0.0101318359375,0.0147705078125
step_965_q_0,0.00015354156494140625,0.328125,0.00628662109375,0.03466796875,0.0216064453125,0.0166015625,0.00823974609375,0.02099609375,0.0234375,0.00173187255859375,0.0126953125,0.00052642822265625,0.01055908203125,0.01416015625,0.04296875,0.05029296875,0.036865234375,0.0390625,0.02197265625,0.0135498046875,0.00836181640625,0.031494140625,0.025634765625,0.0216064453125,0.00836181640625,0.00384521484375,0.00872802734375,0.005462646484375,0.00927734375,0.0079345703125,0.012939453125,0.02734375,0.053466796875,0.07080078125
step_966_q_0,6.341934204101562e-05,0.78125,0.000579833984375,0.0036163330078125,0.004364013671875,0.00079345703125,0.000873565673828125,0.0019989013671875,0.0019683837890625,7.82012939453125e-05,0.00079345703125,2.956390380859375e-05,0.00051116943359375,0.0004596710205078125,0.00396728515625,0.0032958984375,0.0014190673828125,0.0009307861328125,0.0086669921875,0.005096435546875,0.0030975341796875,0.0030059814453125,0.0027313232421875,0.0018768310546875,0.000553131103515625,0.000667572021484375,0.0023345947265625,0.001373291015625,0.011474609375,0.0030975341796875,0.0118408203125,0.0703125,0.03662109375,0.0302734375
step_967_q_0,0.00101470947265625,0.12158203125,0.0054931640625,0.019775390625,0.015625,0.0174560546875,0.00396728515625,0.0068359375,0.01025390625,0.0026397705078125,0.035888671875,0.0035552978515625,0.0306396484375,0.0167236328125,0.06689453125,0.0712890625,0.076171875,0.0712890625,0.02880859375,0.019775390625,0.0164794921875,0.0106201171875,0.050537109375,0.027099609375,0.01611328125,0.0279541015625,0.009521484375,0.027099609375,0.035888671875,0.0712890625,0.043212890625,0.0140380859375,0.011474609375,0.01300048828125
step_968_q_0,0.00103759765625,0.3203125,0.004486083984375,0.01806640625,0.007537841796875,0.00933837890625,0.0018463134765625,0.0084228515625,0.0191650390625,0.0003566741943359375,0.0712890625,0.0014801025390625,0.0003910064697265625,0.015869140625,0.01129150390625,0.0140380859375,0.0174560546875,0.0174560546875,0.0145263671875,0.009521484375,0.001007080078125,0.0025177001953125,0.023193359375,0.07861328125,0.005859375,0.007171630859375,0.034912109375,0.0279541015625,0.01129150390625,0.046142578125,0.1513671875,0.015869140625,0.0069580078125,0.02392578125
step_969_q_0,1.7642974853515625e-05,0.9765625,8.630752563476562e-05,0.000125885009765625,0.00069427490234375,0.001251220703125,0.002197265625,0.0015106201171875,0.005126953125,9.584426879882812e-05,0.0076904296875,0.00012683868408203125,1.3113021850585938e-05,8.296966552734375e-05,0.00016117095947265625,0.0003833770751953125,0.000270843505859375,0.00016117095947265625,0.00017833709716796875,0.000255584716796875,0.0003490447998046875,9.441375732421875e-05,0.00011968612670898438,0.0002079010009765625,0.00014781951904296875,0.00023937225341796875,0.0001220703125,0.00011873245239257812,0.00133514404296875,0.00023555755615234375,0.000225067138671875,0.00017833709716796875,6.4849853515625e-05,0.00023174285888671875
step_970_q_0,0.0003681182861328125,0.8828125,0.00102996826171875,0.00164794921875,0.005950927734375,0.00116729736328125,0.00096893310546875,0.00225830078125,0.003173828125,8.487701416015625e-05,0.003387451171875,0.0008544921875,0.00145721435546875,0.0006256103515625,0.00145721435546875,0.00225830078125,0.000335693359375,0.0003566741943359375,0.0001735687255859375,9.918212890625e-05,1.8596649169921875e-05,5.3882598876953125e-05,9.012222290039062e-05,2.968311309814453e-05,0.00020313262939453125,0.0002231597900390625,7.963180541992188e-05,2.7060508728027344e-05,0.000881195068359375,0.001068115234375,0.000553131103515625,0.003173828125,0.0125732421875,0.072265625
step_971_q_0,8.344650268554688e-06,0.59375,9.107589721679688e-05,5.984306335449219e-05,3.719329833984375e-05,9.655952453613281e-06,4.6193599700927734e-06,9.775161743164062e-06,5.7220458984375e-05,0.00018978118896484375,4.1484832763671875e-05,8.20159912109375e-05,0.00011491775512695312,0.0005035400390625,0.00030517578125,0.000598907470703125,5.8650970458984375e-05,5.602836608886719e-05,0.0002956390380859375,0.00106048583984375,0.0016937255859375,0.004547119140625,0.0029754638671875,0.0017547607421875,0.00101470947265625,0.001922607421875,0.0022430419921875,0.004058837890625,0.01446533203125,0.0191650390625,0.04736328125,0.1708984375,0.11376953125,0.016357421875
step_972_q_0,0.0003566741943359375,0.81640625,0.00075531005859375,0.0042724609375,0.0042724609375,0.0026702880859375,0.00093841552734375,0.0017242431640625,0.009033203125,0.0004177093505859375,0.0068359375,0.0013885498046875,0.00092315673828125,0.00531005859375,0.00848388671875,0.00823974609375,0.0262451171875,0.00933837890625,0.01318359375,0.004852294921875,0.00189971923828125,0.0020904541015625,0.01275634765625,0.006622314453125,0.0023651123046875,0.00531005859375,0.001953125,0.0008697509765625,0.0029449462890625,0.0115966796875,0.01129150390625,0.00848388671875,0.0034332275390625,0.004150390625
step_973_q_0,0.0004024505615234375,0.181640625,0.000518798828125,0.00066375732421875,0.000476837158203125,0.0004673004150390625,0.00015544891357421875,0.000812530517578125,0.000690460205078125,0.00048828125,0.00098419189453125,0.00101470947265625,0.00341796875,0.006011962890625,0.001983642578125,0.0042724609375,0.016357421875,0.005645751953125,0.00433349609375,0.03466796875,0.0286865234375,0.1328125,0.078125,0.181640625,0.017333984375,0.004547119140625,0.03564453125,0.0203857421875,0.012939453125,0.1328125,0.0830078125,0.004974365234375,0.002349853515625,0.00136566162109375
step_974_q_0,2.5153160095214844e-05,0.1357421875,0.000537872314453125,0.0009765625,0.000492095947265625,0.000370025634765625,0.0002803802490234375,0.000690460205078125,0.00091552734375,0.00022792816162109375,0.00121307373046875,7.867813110351562e-05,7.200241088867188e-05,0.000888824462890625,0.0011444091796875,0.0029144287109375,0.00091552734375,0.0015106201171875,0.00064849853515625,0.00011491775512695312,9.059906005859375e-05,0.0001316070556640625,0.000736236572265625,0.00014019012451171875,4.792213439941406e-05,0.000461578369140625,0.0003871917724609375,0.000759124755859375,0.0059814453125,0.0025634765625,0.0157470703125,0.01153564453125,0.028564453125,0.78125
step_975_q_0,0.0001201629638671875,0.546875,0.000274658203125,0.00176239013671875,0.0037994384765625,0.002960205078125,0.0032501220703125,0.006439208984375,0.00665283203125,0.00011110305786132812,0.004425048828125,0.001068115234375,0.00015544891357421875,0.0019073486328125,0.001251220703125,0.004425048828125,0.00139617919921875,0.002227783203125,0.0026092529296875,0.002227783203125,0.00168609619140625,0.0004825592041015625,0.00083160400390625,0.00049591064453125,0.000637054443359375,0.0037994384765625,0.0019073486328125,0.0023040771484375,0.002166748046875,0.0037994384765625,0.0169677734375,0.1298828125,0.201171875,0.0419921875
step_976_q_0,1.537799835205078e-05,0.71875,0.000492095947265625,0.0012359619140625,0.0004405975341796875,0.00020313262939453125,0.00014400482177734375,0.00162506103515625,0.003448486328125,0.00017642974853515625,0.007720947265625,0.000614166259765625,0.0010528564453125,0.022705078125,0.0150146484375,0.01348876953125,0.0030670166015625,0.0019683837890625,0.0035400390625,0.00188446044921875,0.000759124755859375,0.0010833740234375,0.01458740234375,0.008544921875,0.0031585693359375,0.00531005859375,0.0064697265625,0.0021820068359375,0.00927734375,0.0245361328125,0.05615234375,0.0291748046875,0.0257568359375,0.015625
step_977_q_0,5.030632019042969e-05,0.7734375,4.458427429199219e-05,0.000701904296875,0.000568389892578125,0.0003604888916015625,0.00015163421630859375,0.00138092041015625,0.000885009765625,2.09808349609375e-05,0.000827789306640625,0.000579833984375,9.822845458984375e-05,0.0008087158203125,0.001861572265625,0.00347900390625,0.0023956298828125,0.0010223388671875,0.0005950927734375,0.00164031982421875,0.003173828125,0.001983642578125,0.0021820068359375,0.000446319580078125,0.00115966796875,0.002105712890625,0.0020751953125,0.0030670166015625,0.0047607421875,0.0103759765625,0.0177001953125,0.0146484375,0.10498046875,0.03857421875
step_978_q_0,0.00011730194091796875,0.921875,9.1552734375e-05,0.0024261474609375,0.001220703125,0.00125885009765625,0.0015716552734375,0.003021240234375,0.005645751953125,0.00016307830810546875,0.0038909912109375,0.0004787445068359375,0.0001373291015625,0.0011138916015625,0.004852294921875,0.0020751953125,0.000423431396484375,0.000457763671875,0.0020751953125,0.0008392333984375,0.0008392333984375,0.000675201416015625,0.000698089599609375,0.0005950927734375,0.000385284423828125,0.000385284423828125,0.00189208984375,0.00167083740234375,0.00167083740234375,0.001953125,0.005645751953125,0.0031280517578125,0.01397705078125,0.01275634765625
step_979_q_0,7.569789886474609e-06,0.014404296875,2.1338462829589844e-05,0.000507354736328125,0.0016632080078125,0.00177764892578125,0.032470703125,0.047119140625,0.0252685546875,2.491474151611328e-05,0.023681640625,0.00250244140625,0.00125885009765625,0.01123046875,0.08837890625,0.030517578125,0.014404296875,0.05029296875,0.0390625,0.00341796875,0.006591796875,0.0022735595703125,0.034423828125,0.00872802734375,0.02685546875,0.003753662109375,0.0184326171875,0.023681640625,0.06884765625,0.014404296875,0.1650390625,0.08837890625,0.09375,0.056884765625
step_980_q_0,0.0003719329833984375,0.0458984375,0.000152587890625,0.000614166259765625,0.000762939453125,0.00063323974609375,0.0203857421875,0.04296875,0.004119873046875,9.953975677490234e-06,0.00142669677734375,0.0003719329833984375,0.00011920928955078125,0.00142669677734375,0.00074005126953125,0.052001953125,0.005645751953125,0.169921875,0.181640625,0.0011444091796875,0.00274658203125,0.0011138916015625,0.02783203125,0.0230712890625,0.0179443359375,0.0002651214599609375,0.00726318359375,0.0123291015625,0.1416015625,0.052001953125,0.150390625,0.026123046875,0.005157470703125,0.00201416015625
step_981_q_0,3.981590270996094e-05,0.79296875,0.00010585784912109375,0.000598907470703125,0.000713348388671875,0.0013275146484375,0.007080078125,0.004425048828125,0.0019378662109375,0.00011587142944335938,0.000858306884765625,0.000255584716796875,0.0001678466796875,0.000438690185546875,0.01031494140625,0.0032501220703125,0.001708984375,0.01324462890625,0.00909423828125,0.004302978515625,0.006072998046875,0.0035552978515625,0.01031494140625,0.007080078125,0.00238037109375,0.00049591064453125,0.010986328125,0.00909423828125,0.01165771484375,0.0030517578125,0.0035552978515625,0.03076171875,0.03076171875,0.0164794921875
step_982_q_0,0.00025177001953125,0.439453125,0.002532958984375,0.00885009765625,0.00885009765625,0.0078125,0.0186767578125,0.038330078125,0.052490234375,0.002777099609375,0.03173828125,0.010009765625,0.006683349609375,0.0205078125,0.0133056640625,0.0164794921875,0.0133056640625,0.0091552734375,0.002777099609375,0.00185394287109375,0.000850677490234375,0.00139617919921875,0.002777099609375,0.0015869140625,0.00732421875,0.00970458984375,0.00885009765625,0.00112152099609375,0.0133056640625,0.00830078125,0.010009765625,0.0299072265625,0.04638671875,0.15234375
step_983_q_0,4.3392181396484375e-05,0.6328125,0.0005645751953125,0.001617431640625,0.000885009765625,0.000774383544921875,0.0001659393310546875,0.0004825592041015625,0.0027923583984375,0.00023746490478515625,0.004608154296875,0.0007476806640625,0.000965118408203125,0.006011962890625,0.0047607421875,0.004058837890625,0.00174713134765625,0.0004825592041015625,0.00101470947265625,0.002838134765625,0.0042724609375,0.006500244140625,0.00506591796875,0.0029754638671875,0.002044677734375,0.00628662109375,0.00250244140625,0.0021820068359375,0.0047607421875,0.0135498046875,0.06689453125,0.039306640625,0.1416015625,0.03564453125
step_984_q_0,0.000335693359375,0.6875,0.0005035400390625,0.005767822265625,0.00836181640625,0.015625,0.026611328125,0.0283203125,0.046875,0.00186920166015625,0.0498046875,0.0023345947265625,0.00186920166015625,0.01220703125,0.026611328125,0.01385498046875,0.006317138671875,0.01385498046875,0.00494384765625,0.00099945068359375,0.0010986328125,0.0010986328125,0.00836181640625,0.003387451171875,0.0024871826171875,0.0052490234375,0.00128936767578125,0.000156402587890625,0.0025634765625,0.00494384765625,0.0111083984375,0.000537872314453125,0.0002536773681640625,0.002716064453125
step_985_q_0,0.00067138671875,0.625,0.0020294189453125,0.003875732421875,0.0010986328125,0.000949859619140625,0.00102996826171875,0.0034332275390625,0.00139617919921875,0.000835418701171875,0.004913330078125,0.01422119140625,0.0108642578125,0.009033203125,0.01068115234375,0.00927734375,0.0238037109375,0.005889892578125,0.005859375,0.0169677734375,0.00994873046875,0.0177001953125,0.024658203125,0.01318359375,0.01092529296875,0.0220947265625,0.0262451171875,0.00885009765625,0.0230712890625,0.0185546875,0.0306396484375,0.00958251953125,0.0257568359375,0.00732421875
step_986_q_0,7.4803829193115234e-06,0.0625,5.1021575927734375e-05,0.00043487548828125,0.00016021728515625,0.000102996826171875,0.00078582763671875,0.000652313232421875,0.00133514404296875,0.0001697540283203125,0.00151824951171875,0.0001926422119140625,0.00010967254638671875,0.0009765625,0.001007080078125,0.00848388671875,0.00089263916015625,0.0035247802734375,0.00020503997802734375,0.00012063980102539062,0.0003719329833984375,0.000614166259765625,0.0035247802734375,0.00019931793212890625,7.343292236328125e-05,0.0002727508544921875,0.000476837158203125,0.00125885009765625,0.01019287109375,0.0045166015625,0.005828857421875,0.00958251953125,0.016845703125,0.86328125
step_987_q_0,6.4849853515625e-05,0.376953125,0.00013446807861328125,0.002166748046875,0.003936767578125,0.001800537109375,0.004180908203125,0.005706787109375,0.00885009765625,0.00020885467529296875,0.005706787109375,0.0012359619140625,0.00238037109375,0.0078125,0.00555419921875,0.01458740234375,0.0024566650390625,0.004058837890625,0.007110595703125,0.003936767578125,0.00445556640625,0.00970458984375,0.0159912109375,0.004058837890625,0.000682830810546875,0.00628662109375,0.00238037109375,0.00140380859375,0.0120849609375,0.032958984375,0.051025390625,0.1474609375,0.1298828125,0.12255859375
step_988_q_0,5.2928924560546875e-05,0.5078125,0.00131988525390625,0.0020751953125,0.00063323974609375,0.0005950927734375,0.0015869140625,0.006805419921875,0.0016632080078125,0.000934600830078125,0.0157470703125,0.007476806640625,0.028564453125,0.0751953125,0.041748046875,0.02685546875,0.01904296875,0.028564453125,0.00927734375,0.00133514404296875,0.003204345703125,0.01904296875,0.0208740234375,0.004669189453125,0.004241943359375,0.06884765625,0.0007171630859375,0.0002899169921875,0.013916015625,0.02685546875,0.0517578125,0.003753662109375,0.004241943359375,0.000797271728515625
step_989_q_0,0.0001392364501953125,0.5390625,0.0001888275146484375,0.00121307373046875,0.000873565673828125,0.000682830810546875,0.00148773193359375,0.004058837890625,0.002105712890625,0.00020599365234375,0.0024871826171875,0.0015869140625,0.0013580322265625,0.01116943359375,0.005706787109375,0.0294189453125,0.00335693359375,0.00445556640625,0.00179290771484375,0.0016632080078125,0.00075531005859375,0.0048828125,0.0081787109375,0.0019683837890625,0.0024871826171875,0.004058837890625,0.00119781494140625,0.00127410888671875,0.025146484375,0.034423828125,0.099609375,0.07275390625,0.0908203125,0.040283203125
step_990_q_0,0.00016689300537109375,0.859375,0.0019989013671875,0.0244140625,0.0157470703125,0.0076904296875,0.0028228759765625,0.0028228759765625,0.0196533203125,0.0016326904296875,0.0108642578125,0.0015106201171875,0.002349853515625,0.0033111572265625,0.00482177734375,0.0028228759765625,0.001312255859375,0.00035858154296875,5.555152893066406e-05,0.00020599365234375,0.0001354217529296875,0.00103759765625,0.000492095947265625,0.00021839141845703125,0.00011587142944335938,0.00274658203125,7.200241088867188e-05,6.437301635742188e-05,0.000408172607421875,0.0035247802734375,0.0016326904296875,0.0015106201171875,0.00958251953125,0.0130615234375
step_991_q_0,6.496906280517578e-06,0.032958984375,0.00011014938354492188,0.00714111328125,0.01214599609375,0.0091552734375,0.037353515625,0.048095703125,0.02734375,4.506111145019531e-05,0.054443359375,0.0177001953125,0.003265380859375,0.039794921875,0.1474609375,0.04248046875,0.0177001953125,0.0078125,0.003265380859375,0.00164031982421875,0.0021820068359375,0.00592041015625,0.04248046875,0.0078125,0.001922607421875,0.00628662109375,0.002471923828125,0.00102996826171875,0.01556396484375,0.061767578125,0.21484375,0.024169921875,0.0791015625,0.024169921875
step_992_q_0,0.000232696533203125,0.228515625,0.00140380859375,0.0048828125,0.00147247314453125,0.002105712890625,0.04638671875,0.09521484375,0.0113525390625,0.00055694580078125,0.0159912109375,0.0035858154296875,0.007568359375,0.0240478515625,0.007354736328125,0.041015625,0.017578125,0.01507568359375,0.004180908203125,0.00174713134765625,0.004608154296875,0.0225830078125,0.031982421875,0.02001953125,0.00885009765625,0.0078125,0.03857421875,0.02490234375,0.1220703125,0.02734375,0.09521484375,0.031982421875,0.025634765625,0.00830078125
step_993_q_0,8.869171142578125e-05,0.81640625,0.000385284423828125,0.007293701171875,0.007293701171875,0.00162506103515625,0.0087890625,0.005157470703125,0.0040283203125,0.0023651123046875,0.0087890625,0.0037841796875,0.0031280517578125,0.0068359375,0.024658203125,0.00994873046875,0.0027618408203125,0.002685546875,0.00162506103515625,0.0025177001953125,0.001953125,0.0033416748046875,0.0096435546875,0.0025177001953125,0.0023651123046875,0.0034332275390625,0.0029449462890625,0.00115203857421875,0.007293701171875,0.001953125,0.0050048828125,0.008544921875,0.008544921875,0.021728515625
step_994_q_0,7.104873657226562e-05,0.76171875,0.0024261474609375,0.01312255859375,0.0098876953125,0.0036468505859375,0.00848388671875,0.0135498046875,0.029541015625,0.00151824951171875,0.029541015625,0.003997802734375,0.0022735595703125,0.007476806640625,0.004669189453125,0.0108642578125,0.003021240234375,0.0020751953125,0.0011138916015625,0.00063323974609375,0.000202178955078125,0.00098419189453125,0.00213623046875,0.0011138916015625,0.0012969970703125,0.0020751953125,0.00118255615234375,0.000576019287109375,0.0036468505859375,0.0020751953125,0.00250244140625,0.006805419921875,0.016357421875,0.048828125
step_995_q_0,9.059906005859375e-06,0.296875,0.0003147125244140625,0.000339508056640625,0.00019073486328125,6.29425048828125e-05,2.5153160095214844e-05,3.910064697265625e-05,0.0004673004150390625,8.916854858398438e-05,0.00110626220703125,5.7697296142578125e-05,0.00018596649169921875,0.0010528564453125,0.000682830810546875,0.000244140625,2.7298927307128906e-05,1.4483928680419922e-05,0.00020122528076171875,0.0002460479736328125,0.00165557861328125,0.002655029296875,0.00179290771484375,0.000782012939453125,0.00035858154296875,0.001373291015625,0.0027008056640625,0.004638671875,0.035400390625,0.07275390625,0.1201171875,0.24609375,0.1689453125,0.037841796875
step_996_q_0,5.7220458984375e-06,0.049072265625,3.600120544433594e-05,0.00604248046875,0.015869140625,0.00604248046875,0.01025390625,0.03173828125,0.049072265625,0.0002269744873046875,0.06689453125,0.0050048828125,0.0096435546875,0.1416015625,0.0556640625,0.1611328125,0.03369140625,0.03173828125,0.004425048828125,0.00010395050048828125,8.7738037109375e-05,0.00189971923828125,0.06298828125,0.00098419189453125,0.000362396240234375,0.00909423828125,4.673004150390625e-05,3.7848949432373047e-06,0.005157470703125,0.11767578125,0.11767578125,0.0023651123046875,0.000423431396484375,0.0035552978515625
step_997_q_0,7.295608520507812e-05,0.1982421875,0.00103759765625,0.002532958984375,0.000621795654296875,0.0004482269287109375,0.00069427490234375,0.007110595703125,0.0024566650390625,0.00286865234375,0.007110595703125,0.006988525390625,0.0162353515625,0.01483154296875,0.032470703125,0.0108642578125,0.023681640625,0.01904296875,0.01226806640625,0.00927734375,0.00897216796875,0.054931640625,0.04296875,0.01116943359375,0.10302734375,0.005615234375,0.0751953125,0.02685546875,0.1748046875,0.0517578125,0.040283203125,0.005615234375,0.0064697265625,0.023681640625
step_998_q_0,2.384185791015625e-05,0.314453125,0.000690460205078125,0.002410888671875,0.0002880096435546875,1.150369644165039e-05,0.00028228759765625,0.0004749298095703125,0.00113677978515625,0.00012493133544921875,0.0020599365234375,0.00022029876708984375,0.0002918243408203125,0.00077056884765625,0.000591278076171875,0.00372314453125,0.00121307373046875,0.001007080078125,0.00010824203491210938,1.2218952178955078e-05,0.00010824203491210938,0.0003204345703125,0.000820159912109375,3.0040740966796875e-05,1.1861324310302734e-05,0.00225830078125,7.724761962890625e-05,0.00018024444580078125,0.007659912109375,0.0028228759765625,0.00145721435546875,0.00110626220703125,0.025146484375,0.62890625
step_999_q_0,5.435943603515625e-05,0.1396484375,0.000530242919921875,0.0037384033203125,0.0028228759765625,0.00157928466796875,0.004364013671875,0.0045166015625,0.004241943359375,0.00115966796875,0.0032958984375,0.0007476806640625,0.00168609619140625,0.00168609619140625,0.007659912109375,0.0031890869140625,0.0004253387451171875,0.00077056884765625,0.00127410888671875,0.00225830078125,0.0016326904296875,0.003509521484375,0.00135040283203125,0.0006103515625,0.000240325927734375,0.002410888671875,0.005096435546875,0.005279541015625,0.0294189453125,0.0025634765625,0.0130615234375,0.296875,0.1162109375,0.3359375
step_1000_q_0,1.6570091247558594e-05,0.349609375,0.0025787353515625,4.482269287109375e-05,0.0001678466796875,0.000728607177734375,0.00020885467529296875,0.00250244140625,0.016357421875,0.000507354736328125,0.016357421875,0.000514984130859375,0.031494140625,0.01483154296875,0.00110626220703125,0.00848388671875,0.006011962890625,0.0126953125,0.00274658203125,0.00042724609375,0.0003490447998046875,0.0108642578125,0.0135498046875,0.0035247802734375,0.002655029296875,0.031494140625,0.0157470703125,0.00274658203125,0.09375,0.0223388671875,0.2255859375,0.05029296875,0.033447265625,0.0277099609375
step_1001_q_0,0.0001983642578125,0.1884765625,0.00118255615234375,0.0003757476806640625,0.0001850128173828125,9.775161743164062e-05,9.059906005859375e-05,0.00109100341796875,0.000782012939453125,0.0004253387451171875,0.00092315673828125,0.002197265625,0.002197265625,0.002655029296875,0.001251220703125,0.004425048828125,0.002960205078125,0.0019378662109375,0.0004024505615234375,0.00128173828125,0.002197265625,0.0030517578125,0.0074462890625,0.0013885498046875,0.01153564453125,0.003509521484375,0.0059814453125,0.002655029296875,0.00909423828125,0.0164794921875,0.053955078125,0.234375,0.220703125,0.2138671875
step_1002_q_0,0.00012111663818359375,0.6953125,0.0006561279296875,0.0031280517578125,0.000675201416015625,0.0004367828369140625,0.000843048095703125,0.0034332275390625,0.000743865966796875,0.00177764892578125,0.0008544921875,0.00124359130859375,0.004150390625,0.003662109375,0.011962890625,0.0068359375,0.0027618408203125,0.0026702880859375,0.0012054443359375,0.00180816650390625,0.0021514892578125,0.0050048828125,0.002044677734375,0.002593994140625,0.0023651123046875,0.005645751953125,0.0038909912109375,0.0042724609375,0.0203857421875,0.005157470703125,0.00799560546875,0.01318359375,0.01446533203125,0.1650390625
step_1003_q_0,6.198883056640625e-05,0.75,0.0089111328125,0.00592041015625,0.007354736328125,0.0010986328125,0.00022220611572265625,0.000934600830078125,0.01177978515625,0.06982421875,0.01007080078125,0.00811767578125,0.0047607421875,0.048095703125,0.00159454345703125,0.045166015625,0.005218505859375,0.000827789306640625,0.000705718994140625,0.00080108642578125,0.000293731689453125,0.00013256072998046875,0.00116729736328125,0.0008544921875,0.0004863739013671875,0.0027923583984375,0.00011205673217773438,8.20159912109375e-05,0.0001735687255859375,0.003265380859375,0.003814697265625,0.00090789794921875,0.0029754638671875,0.00022220611572265625
step_1004_q_0,9.298324584960938e-05,0.8671875,0.000347137451171875,0.00180816650390625,0.0027618408203125,0.000392913818359375,0.00010251998901367188,0.0003452301025390625,0.002593994140625,0.000736236572265625,0.01312255859375,0.0022430419921875,0.007476806640625,0.01397705078125,0.00347900390625,0.025390625,0.004913330078125,0.00104522705078125,0.0031280517578125,0.003997802734375,0.00167083740234375,0.002349853515625,0.0037689208984375,0.00164794921875,0.0022125244140625,0.00823974609375,0.000675201416015625,0.0003528594970703125,0.00142669677734375,0.011962890625,0.0036468505859375,0.003997802734375,0.00136566162109375,0.0030670166015625
step_1005_q_0,1.1801719665527344e-05,0.984375,0.000896453857421875,0.000789642333984375,0.00101470947265625,0.0003509521484375,0.0008697509765625,0.00017642974853515625,0.0020904541015625,0.0037689208984375,0.003326416015625,0.000133514404296875,0.0001068115234375,0.001953125,7.104873657226562e-05,0.000423431396484375,2.9206275939941406e-05,5.751848220825195e-06,9.72747802734375e-05,1.424551010131836e-05,6.103515625e-05,1.296401023864746e-06,4.744529724121094e-05,7.510185241699219e-06,8.344650268554688e-07,0.000720977783203125,1.2218952178955078e-06,1.0788440704345703e-05,5.27501106262207e-06,7.82012939453125e-05,0.000385284423828125,1.239776611328125e-05,7.82012939453125e-05,1.8358230590820312e-05
step_1006_q_0,0.00021076202392578125,0.83203125,0.000782012939453125,0.0003414154052734375,0.000537872314453125,0.00012969970703125,0.00012683868408203125,8.535385131835938e-05,0.0003414154052734375,0.0030975341796875,0.0072021484375,0.00543212890625,0.01080322265625,0.00396728515625,0.0072021484375,0.00396728515625,0.000972747802734375,0.00176239013671875,0.0030059814453125,0.00225830078125,0.01153564453125,0.01226806640625,0.00176239013671875,0.005096435546875,0.000858306884765625,0.00543212890625,0.001373291015625,0.000690460205078125,0.000659942626953125,0.0028228759765625,0.00543212890625,0.0081787109375,0.0028228759765625,0.056640625
step_1007_q_0,0.0003261566162109375,0.177734375,0.00080108642578125,0.0020294189453125,0.0030059814453125,0.000896453857421875,0.000759124755859375,0.00128936767578125,0.0018463134765625,0.00115966796875,0.006988525390625,0.00133514404296875,0.003509521484375,0.0255126953125,0.0218505859375,0.037109375,0.0150146484375,0.01171875,0.0128173828125,0.0205078125,0.0024566650390625,0.005096435546875,0.0169677734375,0.028076171875,0.0159912109375,0.00286865234375,0.03173828125,0.0145263671875,0.007080078125,0.03271484375,0.220703125,0.061279296875,0.1943359375,0.0198974609375
step_1008_q_0,0.0026397705078125,0.001678466796875,0.2412109375,0.0054931640625,0.00014781951904296875,0.000911712646484375,0.0002307891845703125,0.0016021728515625,0.01165771484375,5.53131103515625e-05,0.3515625,0.0031280517578125,0.00020122528076171875,0.3515625,0.005157470703125,0.0027618408203125,0.0013275146484375,0.0025177001953125,0.0004177093505859375,0.000766754150390625,0.000675201416015625,0.000675201416015625,0.0002994537353515625,0.0007781982421875,0.00186920166015625,0.000354766845703125,0.001953125,0.00024318695068359375,0.00011730194091796875,0.000385284423828125,0.000560760498046875,0.00201416015625,0.000560760498046875,0.00244140625,0.0040283203125
step_1009_q_0,0.0035552978515625,0.01202392578125,0.002593994140625,0.000843048095703125,0.000431060791015625,0.00046539306640625,0.00067901611328125,0.000598907470703125,0.0035552978515625,0.0010833740234375,0.001434326171875,0.001190185546875,0.002593994140625,0.0033416748046875,0.008544921875,0.00933837890625,0.0020294189453125,0.00122833251953125,0.001434326171875,0.0028533935546875,0.0028533935546875,0.004150390625,0.0174560546875,0.01446533203125,0.006622314453125,0.01446533203125,0.01025390625,0.0185546875,0.021728515625,0.1416015625,0.2197265625,0.181640625,0.1416015625,0.04052734375,0.103515625
step_1010_q_0,0.0002117156982421875,0.318359375,0.0123291015625,0.016845703125,0.01483154296875,0.01483154296875,0.020263671875,0.005126953125,0.0157470703125,0.0252685546875,0.0184326171875,0.030517578125,0.0277099609375,0.016845703125,0.003875732421875,0.0179443359375,0.0196533203125,0.01190185546875,0.0098876953125,0.0123291015625,0.0157470703125,0.0184326171875,0.047119140625,0.0135498046875,0.009033203125,0.00274658203125,0.006011962890625,0.0135498046875,0.028564453125,0.12451171875,0.014404296875,0.016357421875,0.005828857421875,0.020263671875,0.0517578125
step_1011_q_0,0.00048065185546875,0.435546875,0.00775146484375,0.007171630859375,0.005584716796875,0.002288818359375,0.0021820068359375,0.00323486328125,0.01239013671875,0.006134033203125,0.0296630859375,0.01239013671875,0.02099609375,0.193359375,0.0306396484375,0.05712890625,0.0191650390625,0.0111083984375,0.01495361328125,0.004913330078125,0.0174560546875,0.0140380859375,0.0203857421875,0.0089111328125,0.0050048828125,0.0037689208984375,0.00372314453125,0.0026397705078125,0.006622314453125,0.00738525390625,0.003387451171875,0.004547119140625,0.00146484375,0.0050048828125,0.0174560546875
step_1012_q_0,0.000888824462890625,0.453125,0.00830078125,0.019287109375,0.010009765625,0.004669189453125,0.00311279296875,0.006988525390625,0.01171875,0.006988525390625,0.0159912109375,0.00689697265625,0.00689697265625,0.0218505859375,0.05419921875,0.013916015625,0.07177734375,0.0074462890625,0.01068115234375,0.01171875,0.0120849609375,0.0074462890625,0.03857421875,0.01348876953125,0.0272216796875,0.0133056640625,0.01348876953125,0.0078125,0.00732421875,0.025634765625,0.01171875,0.00860595703125,0.00860595703125,0.01348876953125,0.04345703125
step_1013_q_0,0.0004482269287109375,0.671875,0.006988525390625,0.01708984375,0.006988525390625,0.0126953125,0.00274658203125,0.004486083984375,0.00457763671875,0.0018157958984375,0.0181884765625,0.00124359130859375,0.00616455078125,0.032958984375,0.01190185546875,0.0206298828125,0.0181884765625,0.00823974609375,0.004669189453125,0.00186920166015625,0.0029754638671875,0.00299072265625,0.0064697265625,0.00579833984375,0.00421142578125,0.006683349609375,0.0027618408203125,0.00152587890625,0.00439453125,0.0113525390625,0.00897216796875,0.0025787353515625,0.00567626953125,0.01226806640625,0.068359375
step_1014_q_0,0.0002841949462890625,0.5703125,0.00396728515625,0.00921630859375,0.00787353515625,0.0025177001953125,0.000896453857421875,0.0031280517578125,0.0027618408203125,0.000644683837890625,0.0021209716796875,8.296966552734375e-05,0.0013275146484375,0.0027618408203125,0.00408935546875,0.0067138671875,0.005950927734375,0.01141357421875,0.012939453125,0.0111083984375,0.0125732421875,0.0172119140625,0.005401611328125,0.00506591796875,0.002471923828125,0.0038299560546875,0.0111083984375,0.00921630859375,0.01611328125,0.0089111328125,0.020751953125,0.0400390625,0.0498046875,0.130859375,0.00811767578125
step_1015_q_0,0.00017070770263671875,0.21484375,0.01019287109375,0.021240234375,0.0146484375,0.01251220703125,0.0025482177734375,0.01214599609375,0.0166015625,0.005218505859375,0.0361328125,0.0010223388671875,0.02490234375,0.031005859375,0.0166015625,0.0281982421875,0.022705078125,0.021240234375,0.0181884765625,0.01141357421875,0.0595703125,0.07421875,0.0595703125,0.0206298828125,0.0177001953125,0.01068115234375,0.006011962890625,0.01068115234375,0.0595703125,0.03857421875,0.0206298828125,0.0133056640625,0.0078125,0.052734375,0.0264892578125
step_1016_q_0,0.00128173828125,0.69140625,0.00885009765625,0.017333984375,0.0081787109375,0.010009765625,0.00154876708984375,0.00482177734375,0.01116943359375,0.0010528564453125,0.045654296875,0.0016632080078125,0.004364013671875,0.03125,0.01171875,0.02294921875,0.0208740234375,0.0034637451171875,0.0022735595703125,0.0015106201171875,0.004241943359375,0.005279541015625,0.004974365234375,0.005523681640625,0.0022735595703125,0.0130615234375,0.0019683837890625,0.003509521484375,0.0024871826171875,0.00445556640625,0.01324462890625,0.005035400390625,0.0013885498046875,0.0025787353515625,0.028564453125
step_1017_q_0,4.38690185546875e-05,0.94921875,6.437301635742188e-05,0.000705718994140625,0.002349853515625,0.001953125,0.000934600830078125,0.000789642333984375,0.0042724609375,1.0132789611816406e-05,0.00213623046875,3.0159950256347656e-05,1.2755393981933594e-05,0.000484466552734375,0.0011444091796875,0.0036468505859375,0.004974365234375,0.00167083740234375,0.0011138916015625,0.00109100341796875,0.00010156631469726562,0.00010395050048828125,0.003021240234375,0.00147247314453125,0.0004711151123046875,0.000484466552734375,0.00074005126953125,0.000682830810546875,0.0004482269287109375,0.003753662109375,0.0022735595703125,0.000614166259765625,0.0004024505615234375,0.00010824203491210938,0.009033203125
step_1018_q_0,0.001434326171875,0.81640625,0.00604248046875,0.0159912109375,0.01324462890625,0.007080078125,0.000843048095703125,0.005340576171875,0.0205078125,0.001434326171875,0.023193359375,0.001434326171875,0.0010223388671875,0.010986328125,0.006439208984375,0.0087890625,0.00994873046875,0.004150390625,0.00115203857421875,0.00162506103515625,0.0004253387451171875,0.00049591064453125,0.0023040771484375,0.00135040283203125,0.000957489013671875,0.004150390625,0.0003757476806640625,0.00010395050048828125,0.000194549560546875,0.002227783203125,0.004150390625,0.0010528564453125,0.000926971435546875,0.0026092529296875,0.0205078125
step_1019_q_0,8.392333984375e-05,0.25390625,0.002227783203125,0.00127410888671875,0.000461578369140625,0.00038909912109375,6.0558319091796875e-05,9.202957153320312e-05,0.0015106201171875,0.00897216796875,0.0024871826171875,0.001373291015625,0.004119873046875,0.005615234375,0.000946044921875,0.0034027099609375,0.001251220703125,0.000888824462890625,0.00127410888671875,0.005706787109375,0.0079345703125,0.013916015625,0.0244140625,0.0390625,0.006561279296875,0.0130615234375,0.00927734375,0.01190185546875,0.047119140625,0.0908203125,0.140625,0.087890625,0.04150390625,0.087890625,0.08251953125
step_1020_q_0,0.000766754150390625,0.166015625,0.036865234375,0.05908203125,0.0211181640625,0.00823974609375,0.000804901123046875,0.00244140625,0.02392578125,0.0040283203125,0.03466796875,0.002288818359375,0.036865234375,0.2734375,0.06494140625,0.06884765625,0.050537109375,0.009033203125,0.01239013671875,0.003326416015625,0.002288818359375,0.002593994140625,0.01495361328125,0.004425048828125,0.0015716552734375,0.0279541015625,0.001068115234375,0.00051116943359375,0.0015716552734375,0.01239013671875,0.007049560546875,0.00122833251953125,0.000698089599609375,0.0015716552734375,0.04052734375
step_1021_q_0,0.0009918212890625,0.625,0.001678466796875,0.00909423828125,0.004302978515625,0.00372314453125,0.00131988525390625,0.0021514892578125,0.00494384765625,0.002349853515625,0.007049560546875,0.00147247314453125,0.0035858154296875,0.01300048828125,0.0189208984375,0.01806640625,0.00811767578125,0.00384521484375,0.002227783203125,0.006622314453125,0.01043701171875,0.0177001953125,0.0201416015625,0.018310546875,0.007415771484375,0.008544921875,0.0250244140625,0.01300048828125,0.0089111328125,0.0250244140625,0.023193359375,0.0107421875,0.0235595703125,0.036376953125,0.01239013671875
step_1022_q_0,1.2755393981933594e-05,0.0732421875,0.0004291534423828125,0.0015716552734375,0.00098419189453125,0.0003452301025390625,1.8835067749023438e-05,6.914138793945312e-05,0.000362396240234375,0.00010204315185546875,0.0021514892578125,0.0002231597900390625,0.0002727508544921875,0.00115203857421875,0.0001068115234375,0.0020751953125,0.0013885498046875,0.00125885009765625,0.000698089599609375,6.389617919921875e-05,3.838539123535156e-05,7.82012939453125e-05,0.00142669677734375,8.58306884765625e-05,4.8160552978515625e-05,0.00098419189453125,3.266334533691406e-05,3.504753112792969e-05,0.00022602081298828125,0.0029296875,0.00933837890625,0.000362396240234375,0.000865936279296875,0.0032196044921875,0.89453125
step_1023_q_0,0.00115203857421875,0.458984375,0.0025634765625,0.004791259765625,0.00836181640625,0.004486083984375,0.0021820068359375,0.0101318359375,0.01519775390625,0.0003795623779296875,0.00836181640625,0.0028076171875,0.00299072265625,0.00787353515625,0.01470947265625,0.0439453125,0.0235595703125,0.0228271484375,0.007415771484375,0.01043701171875,0.0034942626953125,0.003662109375,0.01470947265625,0.00323486328125,0.00390625,0.00921630859375,0.011474609375,0.01080322265625,0.0242919921875,0.052978515625,0.0302734375,0.0284423828125,0.038818359375,0.01953125,0.09326171875
step_1024_q_0,1.4901161193847656e-05,0.890625,0.0006561279296875,0.00103759765625,0.000396728515625,0.0001811981201171875,0.00012874603271484375,0.00113677978515625,0.0021514892578125,0.00014781951904296875,0.006561279296875,0.000492095947265625,0.00150299072265625,0.0196533203125,0.007720947265625,0.01031494140625,0.00225830078125,0.00174713134765625,0.0014801025390625,0.000629425048828125,0.0005340576171875,0.000484466552734375,0.00616455078125,0.0021209716796875,0.00115203857421875,0.0034332275390625,0.0010528564453125,0.0005035400390625,0.0045166015625,0.0035858154296875,0.00653076171875,0.0023651123046875,0.0025787353515625,0.0050048828125,0.01068115234375
step_1025_q_0,3.8623809814453125e-05,0.55859375,0.000316619873046875,0.0010986328125,0.0008697509765625,0.000568389892578125,0.000331878662109375,0.001373291015625,0.00193023681640625,0.000240325927734375,0.0018157958984375,0.000919342041015625,0.005126953125,0.031494140625,0.016845703125,0.06640625,0.020263671875,0.033447265625,0.0091552734375,0.0081787109375,0.0035858154296875,0.005462646484375,0.0223388671875,0.006103515625,0.011962890625,0.006683349609375,0.01416015625,0.015869140625,0.006103515625,0.03564453125,0.0390625,0.02294921875,0.007110595703125,0.017333984375,0.0277099609375
step_1026_q_0,0.000766754150390625,0.81640625,0.00041961669921875,0.003082275390625,0.00141143798828125,0.000743865966796875,0.00115203857421875,0.00421142578125,0.0026702880859375,0.0010833740234375,0.0023651123046875,0.00124359130859375,0.00124359130859375,0.003387451171875,0.01318359375,0.01025390625,0.001953125,0.003387451171875,0.004638671875,0.005157470703125,0.003082275390625,0.0037689208984375,0.0030364990234375,0.00244140625,0.00101470947265625,0.0017547607421875,0.006622314453125,0.0062255859375,0.005859375,0.00726318359375,0.01446533203125,0.0262451171875,0.006622314453125,0.019775390625,0.01446533203125
step_1027_q_0,6.973743438720703e-06,0.007110595703125,0.000621795654296875,0.008056640625,0.01104736328125,0.0091552734375,0.00537109375,0.04638671875,0.04638671875,6.866455078125e-05,0.2080078125,0.052734375,0.0091552734375,0.09228515625,0.0673828125,0.030029296875,0.09814453125,0.0091552734375,0.004730224609375,0.00830078125,0.0634765625,0.02490234375,0.03857421875,0.003692626953125,0.04638671875,0.005889892578125,0.01708984375,0.00885009765625,0.01104736328125,0.0194091796875,0.01171875,0.0014495849609375,0.0031585693359375,0.005035400390625,0.02490234375
step_1028_q_0,0.00128173828125,0.78515625,0.0252685546875,0.020263671875,0.01904296875,0.00872802734375,0.001678466796875,0.006072998046875,0.006683349609375,0.001068115234375,0.01531982421875,0.007568359375,0.00537109375,0.0277099609375,0.00341796875,0.01531982421875,0.0108642578125,0.00133514404296875,0.00113677978515625,0.00286865234375,0.0032501220703125,0.002044677734375,0.003692626953125,0.000835418701171875,0.000667572021484375,0.00885009765625,0.00054931640625,0.0003871917724609375,0.00061798095703125,0.00188446044921875,0.00146484375,0.00045013427734375,0.00160980224609375,0.0003604888916015625,0.00830078125
step_1029_q_0,4.2438507080078125e-05,0.94921875,0.000225067138671875,0.0014495849609375,0.0006561279296875,0.00127410888671875,0.0033721923828125,0.003814697265625,0.00433349609375,0.00015735626220703125,0.00433349609375,0.000278472900390625,8.440017700195312e-05,0.00127410888671875,0.0022735595703125,0.0024566650390625,0.000823974609375,0.002349853515625,0.00262451171875,0.000507354736328125,0.0005340576171875,0.000335693359375,0.0033111572265625,0.00138092041015625,0.0003871917724609375,0.0007171630859375,0.00118255615234375,0.000278472900390625,0.00127410888671875,0.0013427734375,0.001861572265625,0.000919342041015625,0.00147247314453125,0.0022125244140625,0.002349853515625
step_1030_q_0,0.001983642578125,0.6015625,0.003814697265625,0.00555419921875,0.00555419921875,0.003875732421875,0.01104736328125,0.025634765625,0.0281982421875,0.00341796875,0.024169921875,0.0078125,0.00531005859375,0.0281982421875,0.0103759765625,0.02734375,0.0146484375,0.0133056640625,0.004974365234375,0.003753662109375,0.00174713134765625,0.002044677734375,0.00885009765625,0.0042724609375,0.005462646484375,0.0194091796875,0.008056640625,0.001800537109375,0.00836181640625,0.01373291015625,0.02197265625,0.0057373046875,0.003997802734375,0.00628662109375,0.05615234375
step_1031_q_0,0.000186920166015625,0.404296875,0.001220703125,0.00457763671875,0.00299072265625,0.0027313232421875,0.0023345947265625,0.003143310546875,0.0111083984375,0.00787353515625,0.011474609375,0.001373291015625,0.00665283203125,0.0250244140625,0.02587890625,0.0189208984375,0.00421142578125,0.006744384765625,0.0087890625,0.0111083984375,0.029296875,0.035400390625,0.035400390625,0.0157470703125,0.002288818359375,0.007415771484375,0.005767822265625,0.004364013671875,0.027587890625,0.0322265625,0.0439453125,0.046875,0.033203125,0.07958984375,0.0400390625
step_1032_q_0,0.0009307861328125,0.375,0.006256103515625,0.0272216796875,0.0150146484375,0.0150146484375,0.007781982421875,0.061279296875,0.03271484375,0.00457763671875,0.08935546875,0.0272216796875,0.05419921875,0.09521484375,0.0225830078125,0.03955078125,0.03271484375,0.007568359375,0.002532958984375,0.00109100341796875,0.002532958984375,0.004058837890625,0.006256103515625,0.0010223388671875,0.0016326904296875,0.0289306640625,0.000640869140625,7.295608520507812e-05,0.0019683837890625,0.003570556640625,0.00445556640625,0.0002460479736328125,0.000156402587890625,0.000545501708984375,0.0255126953125
step_1033_q_0,0.000598907470703125,0.474609375,0.00335693359375,0.005401611328125,0.0021209716796875,0.00159454345703125,0.002655029296875,0.00860595703125,0.004669189453125,0.0027008056640625,0.008544921875,0.004119873046875,0.006072998046875,0.01385498046875,0.0169677734375,0.0159912109375,0.00787353515625,0.0267333984375,0.0093994140625,0.006072998046875,0.00640869140625,0.0084228515625,0.0162353515625,0.01312255859375,0.0247802734375,0.022216796875,0.025146484375,0.0147705078125,0.038330078125,0.010986328125,0.03759765625,0.04833984375,0.0142822265625,0.059326171875,0.038818359375
step_1034_q_0,2.562999725341797e-06,0.046142578125,3.2901763916015625e-05,0.000579833984375,0.0003528594970703125,0.00010776519775390625,5.745887756347656e-05,7.152557373046875e-05,0.00061798095703125,1.2040138244628906e-05,0.00168609619140625,8.630752563476562e-05,9.489059448242188e-05,0.0002918243408203125,0.0001010894775390625,0.00168609619140625,0.000438690185546875,0.0007476806640625,0.00015163421630859375,8.106231689453125e-05,3.9577484130859375e-05,0.00020122528076171875,0.002166748046875,6.341934204101562e-05,1.1324882507324219e-05,0.00051116943359375,1.2814998626708984e-05,1.3232231140136719e-05,0.00022792816162109375,0.00518798828125,0.008544921875,4.482269287109375e-05,0.000274658203125,0.00168609619140625,0.92578125
step_1035_q_0,8.726119995117188e-05,0.05810546875,2.1219253540039062e-05,0.0003452301025390625,0.00124359130859375,0.000881195068359375,0.0089111328125,0.018798828125,0.01007080078125,9.012222290039062e-05,0.00787353515625,0.0028076171875,0.0034942626953125,0.01336669921875,0.0172119140625,0.05126953125,0.01141357421875,0.0213623046875,0.01141357421875,0.00396728515625,0.0067138671875,0.01422119140625,0.07958984375,0.01141357421875,0.01141357421875,0.0038299560546875,0.007171630859375,0.00150299072265625,0.0291748046875,0.1484375,0.123046875,0.03515625,0.0311279296875,0.1396484375,0.11572265625
step_1036_q_0,3.075599670410156e-05,0.453125,0.000583648681640625,0.0015869140625,0.000453948974609375,0.0013580322265625,0.00445556640625,0.034912109375,0.004180908203125,0.0003643035888671875,0.0654296875,0.008056640625,0.021240234375,0.107421875,0.05419921875,0.0255126953125,0.01409912109375,0.017578125,0.0048828125,0.00115966796875,0.008056640625,0.008056640625,0.00732421875,0.0010528564453125,0.00885009765625,0.034912109375,0.0004673004150390625,0.0002536773681640625,0.0225830078125,0.0225830078125,0.007110595703125,0.00286865234375,0.0064697265625,0.007110595703125,0.042236328125
step_1037_q_0,0.000629425048828125,0.42578125,0.000698089599609375,0.0031585693359375,0.00148773193359375,0.00148773193359375,0.0031585693359375,0.0079345703125,0.00897216796875,0.00139617919921875,0.0084228515625,0.005035400390625,0.01031494140625,0.0478515625,0.0198974609375,0.076171875,0.019287109375,0.03955078125,0.0076904296875,0.0093994140625,0.00885009765625,0.034912109375,0.038330078125,0.0120849609375,0.0167236328125,0.029052734375,0.0012359619140625,0.00107574462890625,0.00927734375,0.0225830078125,0.0167236328125,0.0120849609375,0.0240478515625,0.032958984375,0.041015625
step_1038_q_0,0.000965118408203125,0.58203125,0.0018768310546875,0.0093994140625,0.0087890625,0.004791259765625,0.0145263671875,0.0255126953125,0.03076171875,0.00165557861328125,0.0279541015625,0.007415771484375,0.00799560546875,0.01806640625,0.0128173828125,0.01806640625,0.0128173828125,0.0050048828125,0.00110626220703125,0.00372314453125,0.005096435546875,0.0069580078125,0.0128173828125,0.00372314453125,0.002777099609375,0.004364013671875,0.0012664794921875,0.00054931640625,0.004302978515625,0.03173828125,0.023193359375,0.0087890625,0.013671875,0.01806640625,0.0693359375
step_1039_q_0,2.1576881408691406e-05,0.0189208984375,0.0001697540283203125,0.004791259765625,0.00634765625,0.0074462890625,0.0157470703125,0.051513671875,0.020263671875,0.0003261566162109375,0.058349609375,0.02294921875,0.0084228515625,0.058349609375,0.19140625,0.051513671875,0.062255859375,0.017822265625,0.0157470703125,0.00897216796875,0.005279541015625,0.03125,0.0260009765625,0.00634765625,0.01226806640625,0.0084228515625,0.0030059814453125,0.00110626220703125,0.013916015625,0.045654296875,0.06640625,0.006988525390625,0.051513671875,0.020263671875,0.080078125
step_1040_q_0,0.0003681182861328125,0.5234375,0.006988525390625,0.0208740234375,0.017822265625,0.0244140625,0.0184326171875,0.0303955078125,0.00872802734375,0.00188446044921875,0.004180908203125,0.016845703125,0.037841796875,0.017333984375,0.01434326171875,0.0126953125,0.0517578125,0.022216796875,0.0152587890625,0.01116943359375,0.022216796875,0.0184326171875,0.003692626953125,0.0009613037109375,0.00127410888671875,0.0130615234375,0.0003948211669921875,0.000705718994140625,0.004241943359375,0.004241943359375,0.010498046875,0.00897216796875,0.00872802734375,0.005126953125,0.04150390625
step_1041_q_0,2.872943878173828e-05,0.68359375,0.00093841552734375,0.02197265625,0.020751953125,0.026611328125,0.072265625,0.02490234375,0.036376953125,0.00141143798828125,0.018310546875,0.001129150390625,0.001983642578125,0.00811767578125,0.01177978515625,0.0089111328125,0.0021820068359375,0.0021820068359375,0.003082275390625,0.00058746337890625,0.000457763671875,0.0004291534423828125,0.0037078857421875,0.000827789306640625,0.0004863739013671875,0.00433349609375,0.00058746337890625,0.00070953369140625,0.002471923828125,0.0032806396484375,0.00506591796875,0.00347900390625,0.006927490234375,0.006500244140625,0.01214599609375
step_1042_q_0,7.390975952148438e-05,0.80859375,0.003204345703125,0.00543212890625,0.003997802734375,0.003997802734375,0.006988525390625,0.00927734375,0.0157470703125,0.004364013671875,0.0157470703125,0.00194549560546875,0.003509521484375,0.01190185546875,0.0020599365234375,0.0130615234375,0.00494384765625,0.003204345703125,0.000946044921875,0.000522613525390625,0.000270843505859375,0.00110626220703125,0.005615234375,0.00543212890625,0.00177001953125,0.004364013671875,0.0037384033203125,0.000591278076171875,0.00213623046875,0.00677490234375,0.01153564453125,0.0014190673828125,0.0032958984375,0.0032958984375,0.0294189453125
step_1043_q_0,9.059906005859375e-05,0.30078125,0.000957489013671875,0.007293701171875,0.0031890869140625,0.0030364990234375,0.00152587890625,0.00157928466796875,0.0062255859375,0.01202392578125,0.0224609375,0.00054168701171875,0.004425048828125,0.03369140625,0.03369140625,0.01806640625,0.0062255859375,0.00189971923828125,0.006622314453125,0.00323486328125,0.0128173828125,0.03271484375,0.03271484375,0.0306396484375,0.00469970703125,0.0030364990234375,0.0106201171875,0.00933837890625,0.1005859375,0.0693359375,0.044677734375,0.0279541015625,0.025390625,0.1005859375,0.0279541015625
step_1044_q_0,0.00011396408081054688,0.54296875,0.00201416015625,0.0169677734375,0.01446533203125,0.009033203125,0.0096435546875,0.0203857421875,0.01495361328125,0.0027618408203125,0.0537109375,0.0185546875,0.027099609375,0.06884765625,0.03466796875,0.03271484375,0.016357421875,0.01361083984375,0.0034332275390625,0.001190185546875,0.000637054443359375,0.001953125,0.0042724609375,0.0002994537353515625,0.0004177093505859375,0.00726318359375,0.00011587142944335938,3.218650817871094e-05,0.00152587890625,0.00469970703125,0.0203857421875,0.00130462646484375,0.00081634521484375,0.00189971923828125,0.050537109375
step_1045_q_0,9.441375732421875e-05,0.0255126953125,0.00023651123046875,0.00115966796875,0.000286102294921875,0.000179290771484375,0.001007080078125,0.0128173828125,0.0009613037109375,0.00139617919921875,0.0024871826171875,0.00213623046875,0.005035400390625,0.017578125,0.0205078125,0.0159912109375,0.00885009765625,0.038330078125,0.007537841796875,0.006256103515625,0.00885009765625,0.033935546875,0.04345703125,0.0272216796875,0.201171875,0.00213623046875,0.201171875,0.0576171875,0.1884765625,0.0150146484375,0.0289306640625,0.0030517578125,0.00067138671875,0.01324462890625,0.007537841796875
step_1046_q_0,0.0001430511474609375,0.400390625,0.005126953125,0.0103759765625,0.005126953125,0.000652313232421875,0.00103759765625,0.00112152099609375,0.00194549560546875,0.0004100799560546875,0.003631591796875,0.00054168701171875,0.001495361328125,0.0022735595703125,0.000782012939453125,0.00439453125,0.0025787353515625,0.00250244140625,0.00113677978515625,9.72747802734375e-05,0.0002498626708984375,0.00074005126953125,0.0028839111328125,0.000690460205078125,0.00010824203491210938,0.00335693359375,0.0002536773681640625,0.00058746337890625,0.0016632080078125,0.01251220703125,0.030029296875,0.007476806640625,0.01287841796875,0.025634765625,0.455078125
step_1047_q_0,0.00017833709716796875,0.1669921875,0.00103759765625,0.00537109375,0.004180908203125,0.00537109375,0.034912109375,0.021240234375,0.007110595703125,0.0022430419921875,0.004302978515625,0.000583648681640625,0.00103759765625,0.00238037109375,0.0198974609375,0.005706787109375,0.000530242919921875,0.0037994384765625,0.00457763671875,0.0034637451171875,0.000797271728515625,0.00457763671875,0.008544921875,0.005706787109375,0.000522613525390625,0.0015411376953125,0.00970458984375,0.01068115234375,0.0263671875,0.005706787109375,0.0478515625,0.353515625,0.07177734375,0.138671875,0.019287109375
step_1048_q_0,2.2292137145996094e-05,0.6796875,0.00083160400390625,0.000347137451171875,0.0002307891845703125,0.0013275146484375,0.0004177093505859375,0.0033416748046875,0.00665283203125,0.000713348388671875,0.0087890625,0.001251220703125,0.0087890625,0.024658203125,0.003143310546875,0.0218505859375,0.0145263671875,0.0205078125,0.00970458984375,0.001312255859375,0.0033416748046875,0.027099609375,0.01806640625,0.00665283203125,0.01129150390625,0.00909423828125,0.007781982421875,0.0028533935546875,0.0150146484375,0.01129150390625,0.03076171875,0.003448486328125,0.003448486328125,0.0150146484375,0.0279541015625
step_1049_q_0,0.00069427490234375,0.306640625,0.00201416015625,0.00153350830078125,0.00086212158203125,0.000759124755859375,0.00075531005859375,0.0048828125,0.004241943359375,0.00335693359375,0.005615234375,0.0032958984375,0.005615234375,0.0260009765625,0.021484375,0.060302734375,0.017578125,0.0208740234375,0.005523681640625,0.0045166015625,0.00537109375,0.0147705078125,0.042724609375,0.0167236328125,0.00982666015625,0.003570556640625,0.004669189453125,0.0028228759765625,0.00909423828125,0.034423828125,0.109375,0.0390625,0.0150146484375,0.064453125,0.1318359375
step_1050_q_0,5.602836608886719e-05,0.55859375,0.0036468505859375,0.00640869140625,0.005828857421875,0.001434326171875,0.00090789794921875,0.0035400390625,0.009033203125,0.0022125244140625,0.0034332275390625,0.002593994140625,0.005157470703125,0.014892578125,0.01397705078125,0.04443359375,0.00750732421875,0.0042724609375,0.0013885498046875,0.00244140625,0.002288818359375,0.00823974609375,0.005828857421875,0.0054931640625,0.0030364990234375,0.015380859375,0.00244140625,0.00130462646484375,0.016845703125,0.0087890625,0.035888671875,0.006622314453125,0.00531005859375,0.039306640625,0.150390625
step_1051_q_0,0.00023651123046875,0.84765625,0.007354736328125,0.0308837890625,0.01007080078125,0.01251220703125,0.00140380859375,0.0012359619140625,0.0034637451171875,0.029052734375,0.0031585693359375,0.002044677734375,0.000823974609375,0.0133056640625,0.00060272216796875,0.004730224609375,0.0035858154296875,0.004730224609375,0.000934600830078125,0.00017261505126953125,0.00013256072998046875,3.647804260253906e-05,0.00109100341796875,0.0016937255859375,0.000751495361328125,0.002532958984375,0.0010223388671875,0.00025177001953125,0.000293731689453125,0.0016937255859375,0.0048828125,0.0029754638671875,0.0013580322265625,0.00013256072998046875,0.001495361328125
step_1052_q_0,0.0003795623779296875,0.83203125,0.00075531005859375,0.004119873046875,0.0022735595703125,0.000835418701171875,0.00019741058349609375,0.0004711151123046875,0.0015106201171875,0.000946044921875,0.01434326171875,0.00286865234375,0.007659912109375,0.010498046875,0.0074462890625,0.0167236328125,0.01904296875,0.002410888671875,0.00445556640625,0.00537109375,0.0019378662109375,0.002532958984375,0.002410888671875,0.002166748046875,0.006561279296875,0.0086669921875,0.00177001953125,0.00091552734375,0.00103759765625,0.005706787109375,0.00457763671875,0.00927734375,0.0020904541015625,0.004302978515625,0.010498046875
step_1053_q_0,2.8371810913085938e-05,0.96875,0.00145721435546875,0.000858306884765625,0.000732421875,0.0002231597900390625,0.00058746337890625,9.775161743164062e-05,0.00099945068359375,0.01300048828125,0.00634765625,0.0002613067626953125,0.000518798828125,0.0024871826171875,3.075599670410156e-05,0.000278472900390625,5.841255187988281e-05,2.3245811462402344e-05,8.106231689453125e-05,2.753734588623047e-05,0.00015354156494140625,4.6193599700927734e-06,0.000164031982421875,7.3015689849853516e-06,2.60770320892334e-06,0.00099945068359375,3.4123659133911133e-06,5.811452865600586e-06,5.7220458984375e-06,0.000179290771484375,0.000335693359375,5.3942203521728516e-06,0.00012969970703125,5.8710575103759766e-06,0.00010395050048828125
step_1054_q_0,0.0001983642578125,0.640625,0.00078582763671875,0.000499725341796875,0.000484466552734375,5.555152893066406e-05,3.838539123535156e-05,3.075599670410156e-05,0.0004405975341796875,0.00286865234375,0.007568359375,0.0024566650390625,0.00628662109375,0.006683349609375,0.0281982421875,0.00445556640625,0.0022430419921875,0.00238037109375,0.005706787109375,0.000774383544921875,0.00970458984375,0.0133056640625,0.0030670166015625,0.005218505859375,0.0009918212890625,0.00689697265625,0.0013580322265625,0.00029754638671875,0.00286865234375,0.004608154296875,0.005706787109375,0.0673828125,0.006072998046875,0.1337890625,0.025634765625
step_1055_q_0,0.0003108978271484375,0.2080078125,0.00107574462890625,0.00128173828125,0.0025482177734375,0.00054168701171875,0.000335693359375,0.000644683837890625,0.00445556640625,0.00119781494140625,0.006683349609375,0.0004558563232421875,0.00213623046875,0.031982421875,0.012939453125,0.07177734375,0.00946044921875,0.007354736328125,0.004058837890625,0.0035858154296875,0.00090789794921875,0.004058837890625,0.042236328125,0.01507568359375,0.01104736328125,0.00189208984375,0.00628662109375,0.0057373046875,0.004058837890625,0.033935546875,0.1259765625,0.0281982421875,0.052734375,0.01104736328125,0.28515625
step_1056_q_0,6.818771362304688e-05,0.000885009765625,0.00494384765625,0.005950927734375,0.197265625,0.00811767578125,0.000804901123046875,0.013427734375,0.00384521484375,9.59634780883789e-06,0.0023345947265625,1.4543533325195312e-05,0.0026397705078125,0.0034942626953125,0.004486083984375,0.00982666015625,0.0142822265625,0.00017452239990234375,0.00070953369140625,0.1123046875,0.00099945068359375,0.00121307373046875,0.25390625,0.0003814697265625,0.018310546875,9.119510650634766e-06,0.000690460205078125,0.0003681182861328125,0.00145721435546875,0.3046875,0.001068115234375,0.001251220703125,0.001373291015625,0.0010986328125,0.0172119140625,0.01043701171875
step_1057_q_0,3.9577484130859375e-05,0.00018215179443359375,0.0001468658447265625,0.0003871917724609375,5.078315734863281e-05,5.745887756347656e-05,3.3855438232421875e-05,3.9577484130859375e-05,0.00012969970703125,0.00028228759765625,0.0002269744873046875,0.00010728836059570312,0.00017642974853515625,0.000194549560546875,0.000720977783203125,0.000637054443359375,0.000423431396484375,0.000274658203125,0.0002002716064453125,0.00046539306640625,0.000598907470703125,0.00152587890625,0.0019683837890625,0.00390625,0.0019683837890625,0.0018463134765625,0.0019683837890625,0.00469970703125,0.00567626953125,0.00994873046875,0.039306640625,0.0419921875,0.212890625,0.12158203125,0.451171875,0.0947265625
step_1058_q_0,0.0002498626708984375,0.2177734375,0.023681640625,0.0157470703125,0.0167236328125,0.01434326171875,0.01153564453125,0.003509521484375,0.01904296875,0.017822265625,0.0294189453125,0.02294921875,0.023681640625,0.028564453125,0.004364013671875,0.028564453125,0.01904296875,0.01348876953125,0.00982666015625,0.01116943359375,0.01019287109375,0.0152587890625,0.062255859375,0.01434326171875,0.0072021484375,0.0037384033203125,0.005615234375,0.01226806640625,0.02294921875,0.140625,0.017333984375,0.017333984375,0.0084228515625,0.023681640625,0.09619140625,0.01226806640625
step_1059_q_0,0.000698089599609375,0.1650390625,0.015380859375,0.014404296875,0.00799560546875,0.0031280517578125,0.002471923828125,0.0036468505859375,0.014892578125,0.005828857421875,0.0380859375,0.01397705078125,0.0174560546875,0.28125,0.04052734375,0.0859375,0.030517578125,0.0135498046875,0.0191650390625,0.006622314453125,0.0230712890625,0.015869140625,0.0296630859375,0.015380859375,0.007598876953125,0.004974365234375,0.00531005859375,0.004058837890625,0.006622314453125,0.0135498046875,0.0089111328125,0.0091552734375,0.0038909912109375,0.00823974609375,0.048828125,0.014892578125
step_1060_q_0,0.0002269744873046875,0.796875,0.000568389892578125,0.00341796875,0.00151824951171875,0.0016632080078125,0.00102996826171875,0.00127410888671875,0.001983642578125,0.00074005126953125,0.0016632080078125,0.000782012939453125,0.000492095947265625,0.0020751953125,0.005828857421875,0.0023193359375,0.0194091796875,0.003021240234375,0.0025787353515625,0.0025787353515625,0.0023193359375,0.000782012939453125,0.01171875,0.003753662109375,0.0146484375,0.008056640625,0.004241943359375,0.0027923583984375,0.00140380859375,0.007354736328125,0.003814697265625,0.003631591796875,0.003936767578125,0.0023193359375,0.003753662109375,0.07421875
step_1061_q_0,0.00089263916015625,0.46875,0.007110595703125,0.032958984375,0.0181884765625,0.034912109375,0.017822265625,0.017333984375,0.017822265625,0.0020904541015625,0.028564453125,0.000904083251953125,0.003173828125,0.01708984375,0.0196533203125,0.017333984375,0.0252685546875,0.016845703125,0.01251220703125,0.006195068359375,0.00274658203125,0.005950927734375,0.01251220703125,0.01068115234375,0.0050048828125,0.010009765625,0.003936767578125,0.0015106201171875,0.00628662109375,0.01348876953125,0.0130615234375,0.0045166015625,0.00360107421875,0.00848388671875,0.04638671875,0.08642578125
step_1062_q_0,0.0007171630859375,0.71484375,0.0022430419921875,0.0076904296875,0.005615234375,0.000949859619140625,0.000728607177734375,0.004241943359375,0.005126953125,0.000812530517578125,0.002655029296875,9.441375732421875e-05,0.004241943359375,0.00118255615234375,0.004974365234375,0.0162353515625,0.006591796875,0.01348876953125,0.013916015625,0.0098876953125,0.00872802734375,0.0076904296875,0.0074462890625,0.0081787109375,0.00311279296875,0.00274658203125,0.006378173828125,0.0033111572265625,0.0045166015625,0.003875732421875,0.0208740234375,0.016845703125,0.01190185546875,0.028564453125,0.0184326171875,0.031494140625
step_1063_q_0,0.00022411346435546875,0.037841796875,0.01153564453125,0.022216796875,0.010009765625,0.025146484375,0.0048828125,0.045654296875,0.03125,0.01434326171875,0.0849609375,0.0013427734375,0.051513671875,0.03662109375,0.042724609375,0.050048828125,0.064453125,0.02294921875,0.017333984375,0.005615234375,0.056640625,0.06640625,0.051513671875,0.0084228515625,0.022216796875,0.02294921875,0.00445556640625,0.02294921875,0.042724609375,0.033447265625,0.0120849609375,0.004669189453125,0.002532958984375,0.0196533203125,0.025146484375,0.023681640625
step_1064_q_0,0.002166748046875,0.73046875,0.0052490234375,0.00787353515625,0.00421142578125,0.00531005859375,0.0028533935546875,0.00946044921875,0.011962890625,0.0003376007080078125,0.0250244140625,0.0015716552734375,0.0016326904296875,0.0174560546875,0.0089111328125,0.011962890625,0.015869140625,0.003387451171875,0.0035400390625,0.001190185546875,0.0035400390625,0.002716064453125,0.003326416015625,0.00299072265625,0.0011444091796875,0.0042724609375,0.00102996826171875,0.00244140625,0.0023193359375,0.00299072265625,0.0052490234375,0.015869140625,0.0068359375,0.005401611328125,0.0341796875,0.03515625
step_1065_q_0,0.00020599365234375,0.8515625,0.0002040863037109375,0.001129150390625,0.006103515625,0.01214599609375,0.0341796875,0.0341796875,0.01336669921875,0.00010776519775390625,0.018310546875,5.555152893066406e-05,4.76837158203125e-05,0.00092315673828125,0.00147247314453125,0.00115203857421875,0.00090789794921875,0.001861572265625,0.00128173828125,0.0023956298828125,0.000141143798828125,0.00012683868408203125,0.0006561279296875,0.000789642333984375,0.0001373291015625,0.00010347366333007812,0.0003910064697265625,0.0002613067626953125,0.0003299713134765625,0.000286102294921875,0.000698089599609375,0.00081634521484375,0.00421142578125,0.00107574462890625,0.00106048583984375,0.0067138671875
step_1066_q_0,0.0004711151123046875,0.6640625,0.0030670166015625,0.03515625,0.0213623046875,0.04248046875,0.024169921875,0.04248046875,0.024169921875,0.00080108642578125,0.0137939453125,0.000568389892578125,0.00124359130859375,0.00096893310546875,0.01177978515625,0.00555419921875,0.01251220703125,0.01177978515625,0.009765625,0.002105712890625,0.00020599365234375,0.00023365020751953125,0.0005340576171875,0.0004711151123046875,0.0033721923828125,0.002716064453125,0.00096893310546875,0.00012874603271484375,0.0005340576171875,0.00023365020751953125,0.001922607421875,0.009765625,0.0107421875,0.0213623046875,0.0023956298828125,0.0166015625
step_1067_q_0,7.12275505065918e-06,0.68359375,0.0002841949462890625,0.000278472900390625,0.00014209747314453125,1.919269561767578e-05,3.814697265625e-06,2.428889274597168e-06,5.793571472167969e-05,0.00148773193359375,0.0003414154052734375,0.0006561279296875,0.0002040863037109375,0.000751495361328125,0.00028228759765625,0.00160980224609375,0.001129150390625,0.0003490447998046875,0.00016880035400390625,0.000270843505859375,0.00127410888671875,0.005126953125,0.005889892578125,0.0113525390625,0.00185394287109375,0.0016937255859375,0.0006866455078125,0.001220703125,0.00445556640625,0.01068115234375,0.0225830078125,0.01458740234375,0.0103759765625,0.01251220703125,0.189453125,0.0166015625
step_1068_q_0,0.000484466552734375,0.3125,0.006103515625,0.0308837890625,0.01416015625,0.006103515625,0.000728607177734375,0.002044677734375,0.01458740234375,0.001800537109375,0.01373291015625,0.001983642578125,0.01458740234375,0.1015625,0.057861328125,0.08935546875,0.0478515625,0.01007080078125,0.01416015625,0.0023193359375,0.0015411376953125,0.00191497802734375,0.017578125,0.0064697265625,0.0015411376953125,0.017578125,0.00164031982421875,0.000774383544921875,0.002044677734375,0.0194091796875,0.02001953125,0.00555419921875,0.0027923583984375,0.006103515625,0.11474609375,0.037353515625
step_1069_q_0,0.000469207763671875,0.30859375,0.00096893310546875,0.003936767578125,0.0028076171875,0.0030364990234375,0.0011444091796875,0.0025177001953125,0.0054931640625,0.00145721435546875,0.0025177001953125,0.00078582763671875,0.009033203125,0.0306396484375,0.031494140625,0.036865234375,0.0174560546875,0.0179443359375,0.00775146484375,0.0230712890625,0.01446533203125,0.031494140625,0.05712890625,0.0230712890625,0.0115966796875,0.006622314453125,0.031494140625,0.0174560546875,0.0135498046875,0.05712890625,0.1416015625,0.01239013671875,0.016357421875,0.021728515625,0.0306396484375,0.004547119140625
step_1070_q_0,1.0728836059570312e-05,0.1005859375,0.00023746490478515625,0.001434326171875,0.0017852783203125,0.00244140625,0.00098419189453125,0.0002307891845703125,0.0003147125244140625,2.2411346435546875e-05,0.00101470947265625,0.000743865966796875,0.00028228759765625,0.000637054443359375,0.00023746490478515625,0.00098419189453125,0.00095367431640625,0.0042724609375,0.009033203125,0.00079345703125,8.20159912109375e-05,6.67572021484375e-05,0.0003299713134765625,0.0001087188720703125,0.000110626220703125,0.0003452301025390625,6.008148193359375e-05,5.14984130859375e-05,0.00028228759765625,0.000743865966796875,0.005340576171875,0.006439208984375,0.00323486328125,0.0020904541015625,0.01239013671875,0.83984375
step_1071_q_0,0.00018405914306640625,0.921875,0.00092315673828125,0.001068115234375,0.00154876708984375,0.0006561279296875,0.0012054443359375,0.00640869140625,0.004425048828125,0.00031280517578125,0.0032806396484375,0.00141143798828125,0.00124359130859375,0.00193023681640625,0.00092315673828125,0.004547119140625,0.00189971923828125,0.00099945068359375,0.0003757476806640625,0.00054931640625,0.00054931640625,0.00092315673828125,0.0006561279296875,0.00024127960205078125,0.0001888275146484375,0.0012054443359375,0.00023174285888671875,0.00054931640625,0.0011138916015625,0.000637054443359375,0.002288818359375,0.0022125244140625,0.00567626953125,0.00372314453125,0.0096435546875,0.01275634765625
step_1072_q_0,1.4424324035644531e-05,0.55859375,0.0009918212890625,0.00179290771484375,0.00081634521484375,0.0003719329833984375,0.000202178955078125,0.0024566650390625,0.00372314453125,0.0001964569091796875,0.005950927734375,0.0004711151123046875,0.00121307373046875,0.031494140625,0.03515625,0.032958984375,0.0115966796875,0.004058837890625,0.00701904296875,0.0027008056640625,0.0021514892578125,0.002471923828125,0.0177001953125,0.004058837890625,0.0036163330078125,0.0036468505859375,0.0029449462890625,0.00167083740234375,0.00604248046875,0.0194091796875,0.03515625,0.01123046875,0.0269775390625,0.021240234375,0.1015625,0.0390625
step_1073_q_0,3.409385681152344e-05,0.8515625,0.0024566650390625,0.0011444091796875,0.00109100341796875,0.0003147125244140625,0.0001220703125,0.001800537109375,0.00099945068359375,0.00031280517578125,0.002838134765625,0.000774383544921875,0.00445556640625,0.01141357421875,0.00341796875,0.0194091796875,0.006500244140625,0.0032196044921875,0.000972747802734375,0.00098419189453125,0.00142669677734375,0.003753662109375,0.00592041015625,0.000701904296875,0.0018310546875,0.0028839111328125,0.00127410888671875,0.00238037109375,0.001220703125,0.0027923583984375,0.009033203125,0.001800537109375,0.006591796875,0.01287841796875,0.02001953125,0.0133056640625
step_1074_q_0,0.00013446807861328125,0.8984375,0.0001964569091796875,0.0019073486328125,0.0010833740234375,0.00110626220703125,0.0036773681640625,0.0106201171875,0.0087890625,0.0004749298095703125,0.00518798828125,0.001251220703125,0.0004253387451171875,0.00176239013671875,0.004150390625,0.0035552978515625,0.0005645751953125,0.00048828125,0.0010528564453125,0.0003204345703125,0.00144195556640625,0.00083160400390625,0.000690460205078125,0.0004177093505859375,0.000522613525390625,0.001373291015625,0.000759124755859375,0.00121307373046875,0.00457763671875,0.002685546875,0.005859375,0.002166748046875,0.0035552978515625,0.01324462890625,0.008544921875,0.00665283203125
step_1075_q_0,7.748603820800781e-06,0.028564453125,0.001251220703125,0.00543212890625,0.0032958984375,0.004119873046875,0.0045166015625,0.028564453125,0.0147705078125,0.000148773193359375,0.05859375,0.034423828125,0.025146484375,0.050048828125,0.048583984375,0.03125,0.1240234375,0.0303955078125,0.0147705078125,0.01904296875,0.048583984375,0.028564453125,0.040283203125,0.005615234375,0.037841796875,0.01226806640625,0.017822265625,0.010498046875,0.01904296875,0.042724609375,0.044189453125,0.006988525390625,0.0147705078125,0.0147705078125,0.0390625,0.0908203125
step_1076_q_0,0.00139617919921875,0.7578125,0.0069580078125,0.011474609375,0.007171630859375,0.00469970703125,0.005767822265625,0.0147705078125,0.007171630859375,0.0003719329833984375,0.013427734375,0.0026397705078125,0.0018463134765625,0.0111083984375,0.002227783203125,0.01519775390625,0.013427734375,0.0101318359375,0.00921630859375,0.003387451171875,0.005767822265625,0.0023345947265625,0.00811767578125,0.00384521484375,0.00193023681640625,0.006134033203125,0.002197265625,0.0018768310546875,0.0101318359375,0.007415771484375,0.011474609375,0.003448486328125,0.011474609375,0.0026397705078125,0.0069580078125,0.0157470703125
step_1077_q_0,0.0001678466796875,0.81640625,0.00057220458984375,0.00176239013671875,0.00115203857421875,0.00390625,0.013671875,0.0169677734375,0.0159912109375,0.0003986358642578125,0.017578125,0.00054168701171875,0.00022983551025390625,0.00384521484375,0.004486083984375,0.002777099609375,0.001434326171875,0.007537841796875,0.013671875,0.0018157958984375,0.00103759765625,0.000858306884765625,0.004364013671875,0.004486083984375,0.00084686279296875,0.000522613525390625,0.0029449462890625,0.00157928466796875,0.0093994140625,0.00225830078125,0.010009765625,0.006439208984375,0.005584716796875,0.01409912109375,0.0036773681640625,0.005340576171875
step_1078_q_0,3.409385681152344e-05,0.61328125,0.000881195068359375,0.0087890625,0.005828857421875,0.01446533203125,0.02783203125,0.011962890625,0.016845703125,0.000843048095703125,0.016845703125,0.001953125,0.0010833740234375,0.004150390625,0.0029296875,0.00469970703125,0.0050048828125,0.0068359375,0.0017242431640625,0.00080108642578125,0.00020599365234375,0.000324249267578125,0.00040435791015625,0.000247955322265625,0.00093841552734375,0.0026702880859375,0.0006866455078125,0.00011110305786132812,0.00098419189453125,0.0002231597900390625,0.00201416015625,0.00439453125,0.01239013671875,0.01055908203125,0.0034332275390625,0.2119140625
step_1079_q_0,6.723403930664062e-05,0.80859375,0.0010833740234375,0.00168609619140625,0.000827789306640625,0.000438690185546875,0.00029754638671875,0.000873565673828125,0.0024566650390625,0.0012359619140625,0.00689697265625,0.0013580322265625,0.002197265625,0.01019287109375,0.005615234375,0.006988525390625,0.0045166015625,0.002166748046875,0.00093841552734375,0.0019989013671875,0.002777099609375,0.00537109375,0.005126953125,0.0020599365234375,0.0007476806640625,0.003631591796875,0.00063323974609375,0.00054168701171875,0.0010986328125,0.004364013671875,0.01904296875,0.006683349609375,0.00872802734375,0.00958251953125,0.045654296875,0.0244140625
step_1080_q_0,0.0009307861328125,0.5703125,0.0030059814453125,0.0189208984375,0.00982666015625,0.01226806640625,0.01153564453125,0.044189453125,0.03662109375,0.002410888671875,0.06396484375,0.01434326171875,0.007659912109375,0.0244140625,0.0208740234375,0.01953125,0.01263427734375,0.0072021484375,0.0036163330078125,0.00494384765625,0.004364013671875,0.0036163330078125,0.0081787109375,0.00182342529296875,0.0032958984375,0.01153564453125,0.0028228759765625,0.00029754638671875,0.0021209716796875,0.00616455078125,0.00921630859375,0.00176239013671875,0.0030975341796875,0.0031890869140625,0.0302734375,0.017333984375
step_1081_q_0,0.000965118408203125,0.13671875,0.00201416015625,0.0079345703125,0.005218505859375,0.005218505859375,0.0108642578125,0.053466796875,0.016845703125,0.002227783203125,0.0264892578125,0.0076904296875,0.0120849609375,0.040283203125,0.0166015625,0.04150390625,0.0166015625,0.056884765625,0.025634765625,0.004852294921875,0.004547119140625,0.00628662109375,0.040283203125,0.0184326171875,0.04296875,0.013916015625,0.032958984375,0.0108642578125,0.0361328125,0.037841796875,0.11328125,0.0225830078125,0.00421142578125,0.030029296875,0.09375,0.00194549560546875
step_1082_q_0,6.444752216339111e-07,0.0289306640625,6.467103958129883e-06,0.0004119873046875,0.0005645751953125,0.0004673004150390625,0.0005645751953125,9.489059448242188e-05,0.0001773834228515625,2.2351741790771484e-06,0.0005645751953125,4.6253204345703125e-05,0.000133514404296875,0.0003643035888671875,7.62939453125e-05,0.000194549560546875,0.000156402587890625,0.000438690185546875,0.00011444091796875,6.341934204101562e-05,1.990795135498047e-05,5.078315734863281e-05,0.00016689300537109375,1.0967254638671875e-05,1.7523765563964844e-05,0.0001220703125,3.0994415283203125e-06,1.5348196029663086e-06,6.961822509765625e-05,0.000438690185546875,0.001190185546875,7.62939453125e-05,0.00011444091796875,0.00012969970703125,0.006439208984375,0.95703125
step_1083_q_0,6.961822509765625e-05,0.46875,0.0001697540283203125,0.006072998046875,0.008056640625,0.01171875,0.041015625,0.0218505859375,0.04345703125,0.001312255859375,0.041015625,0.003692626953125,0.007568359375,0.013671875,0.0159912109375,0.0272216796875,0.00970458984375,0.007568359375,0.0030517578125,0.00185394287109375,0.001800537109375,0.005706787109375,0.00457763671875,0.000476837158203125,0.000701904296875,0.0030517578125,0.000492095947265625,0.000270843505859375,0.0030517578125,0.00457763671875,0.00628662109375,0.00885009765625,0.038330078125,0.1337890625,0.0205078125,0.033935546875
step_1084_q_0,1.7523765563964844e-05,0.451171875,0.00135040283203125,0.0037841796875,0.00081634521484375,0.001434326171875,0.0028533935546875,0.00823974609375,0.00323486328125,0.000926971435546875,0.02392578125,0.005157470703125,0.03466796875,0.09423828125,0.039306640625,0.016357421875,0.01275634765625,0.01129150390625,0.002288818359375,0.000720977783203125,0.0014801025390625,0.0031280517578125,0.0037841796875,0.0003299713134765625,0.0020294189453125,0.057373046875,0.0002536773681640625,0.00012159347534179688,0.009033203125,0.025390625,0.007049560546875,0.0013885498046875,0.0012664794921875,0.0014801025390625,0.12109375,0.050537109375
step_1085_q_0,0.00010824203491210938,0.83984375,0.000579833984375,0.0014495849609375,0.00086212158203125,0.000553131103515625,0.00086212158203125,0.00946044921875,0.0037689208984375,0.000675201416015625,0.00360107421875,0.003082275390625,0.0030364990234375,0.00421142578125,0.003082275390625,0.00836181640625,0.00933837890625,0.003997802734375,0.0008544921875,0.0013427734375,0.00136566162109375,0.0032806396484375,0.0028076171875,0.000713348388671875,0.0023956298828125,0.0020751953125,0.00020599365234375,0.00011396408081054688,0.00469970703125,0.00592041015625,0.006103515625,0.0032806396484375,0.0089111328125,0.01123046875,0.01318359375,0.03466796875
step_1086_q_0,7.295608520507812e-05,0.546875,0.001617431640625,0.0133056640625,0.01251220703125,0.029052734375,0.08154296875,0.0225830078125,0.044921875,0.001129150390625,0.052734375,0.0029754638671875,0.003265380859375,0.01141357421875,0.006103515625,0.0206298828125,0.0027008056640625,0.00262451171875,0.000640869140625,0.000522613525390625,0.0003833770751953125,0.0009918212890625,0.00433349609375,0.002532958984375,0.00142669677734375,0.006683349609375,0.0027923583984375,0.0015411376953125,0.00946044921875,0.009765625,0.006683349609375,0.0016937255859375,0.00262451171875,0.004608154296875,0.0240478515625,0.0615234375
step_1087_q_0,3.123283386230469e-05,0.06884765625,0.00118255615234375,0.007720947265625,0.005645751953125,0.004669189453125,0.00726318359375,0.016845703125,0.0098876953125,0.00074005126953125,0.052001953125,0.08837890625,0.0537109375,0.052001953125,0.05712890625,0.03466796875,0.04443359375,0.0098876953125,0.00531005859375,0.0203857421875,0.00726318359375,0.02099609375,0.01055908203125,0.002288818359375,0.0037689208984375,0.052001953125,0.00189208984375,0.00177764892578125,0.00640869140625,0.048828125,0.031494140625,0.00726318359375,0.04052734375,0.031494140625,0.12890625,0.064453125
step_1088_q_0,0.0004119873046875,0.57421875,0.007720947265625,0.01397705078125,0.005828857421875,0.015380859375,0.02099609375,0.0252685546875,0.006011962890625,0.00080108642578125,0.003997802734375,0.005645751953125,0.0123291015625,0.0115966796875,0.005462646484375,0.011962890625,0.0269775390625,0.0191650390625,0.00640869140625,0.005828857421875,0.0123291015625,0.015869140625,0.00726318359375,0.001953125,0.00174713134765625,0.011962890625,0.00167083740234375,0.00142669677734375,0.0174560546875,0.0037078857421875,0.014404296875,0.014404296875,0.0123291015625,0.003814697265625,0.0269775390625,0.07080078125
step_1089_q_0,3.7670135498046875e-05,0.86328125,0.000476837158203125,0.006378173828125,0.005828857421875,0.0098876953125,0.029541015625,0.0245361328125,0.0135498046875,0.000522613525390625,0.00872802734375,0.00074005126953125,0.00089263916015625,0.00151824951171875,0.00189208984375,0.001220703125,0.0011138916015625,0.000865936279296875,0.0012969970703125,0.00018405914306640625,0.0004482269287109375,0.0002994537353515625,0.000614166259765625,0.00012874603271484375,0.0001430511474609375,0.0022125244140625,0.000255584716796875,0.0004215240478515625,0.00151824951171875,0.00118255615234375,0.001007080078125,0.000919342041015625,0.00194549560546875,0.0026702880859375,0.004241943359375,0.00958251953125
step_1090_q_0,4.6253204345703125e-05,0.51171875,0.001678466796875,0.0174560546875,0.00994873046875,0.06103515625,0.0888671875,0.02978515625,0.047607421875,0.004302978515625,0.02392578125,0.00139617919921875,0.0017852783203125,0.006439208984375,0.0030364990234375,0.005340576171875,0.002685546875,0.003143310546875,0.0009918212890625,0.0004596710205078125,0.000274658203125,0.000637054443359375,0.0010223388671875,0.0016326904296875,0.0020294189453125,0.004150390625,0.001678466796875,0.00112152099609375,0.004302978515625,0.00173187255859375,0.0035552978515625,0.00173187255859375,0.0037841796875,0.0037841796875,0.0087890625,0.1376953125
step_1091_q_0,1.4007091522216797e-05,0.470703125,0.0002498626708984375,0.000789642333984375,0.0004405975341796875,8.106231689453125e-05,6.616115570068359e-06,1.5616416931152344e-05,0.0002117156982421875,0.0003299713134765625,0.005401611328125,7.295608520507812e-05,0.0001811981201171875,0.0034942626953125,0.0007476806640625,0.0057373046875,0.001953125,0.00024318695068359375,7.724761962890625e-05,3.886222839355469e-05,0.0003376007080078125,0.006622314453125,0.0111083984375,0.0111083984375,0.00099945068359375,0.0006256103515625,0.00102996826171875,0.00116729736328125,0.007171630859375,0.00836181640625,0.018798828125,0.00946044921875,0.00787353515625,0.0213623046875,0.35546875,0.046630859375
step_1092_q_0,0.000171661376953125,0.49609375,0.00567626953125,0.040771484375,0.0191650390625,0.01495361328125,0.0054931640625,0.01318359375,0.01495361328125,0.004425048828125,0.11767578125,0.01361083984375,0.02978515625,0.06689453125,0.0164794921875,0.0205078125,0.0096435546875,0.007080078125,0.00173187255859375,0.0010833740234375,0.0003986358642578125,0.0010528564453125,0.002288818359375,0.00015163421630859375,0.0001125335693359375,0.01025390625,0.0001659393310546875,2.9087066650390625e-05,0.00081634521484375,0.0030364990234375,0.01165771484375,0.00122833251953125,0.00135040283203125,0.001434326171875,0.049072265625,0.01806640625
step_1093_q_0,9.965896606445312e-05,0.30859375,0.0012054443359375,0.004608154296875,0.00128173828125,0.0013275146484375,0.0023193359375,0.00787353515625,0.0023651123046875,0.00244140625,0.0068359375,0.0034332275390625,0.01043701171875,0.016357421875,0.03466796875,0.0296630859375,0.026123046875,0.032470703125,0.01275634765625,0.00567626953125,0.01336669921875,0.0296630859375,0.02783203125,0.0203857421875,0.060791015625,0.006134033203125,0.060791015625,0.04052734375,0.050537109375,0.0089111328125,0.036865234375,0.0238037109375,0.0223388671875,0.043212890625,0.0296630859375,0.01361083984375
step_1094_q_0,5.9604644775390625e-06,0.1513671875,0.000156402587890625,0.00112152099609375,0.00157928466796875,0.001190185546875,0.00112152099609375,0.000370025634765625,0.0001773834228515625,7.0035457611083984e-06,0.00072479248046875,0.00014495849609375,0.0002841949462890625,0.000347137451171875,5.888938903808594e-05,0.0001316070556640625,0.0004596710205078125,0.0020904541015625,0.0004825592041015625,7.724761962890625e-05,3.0517578125e-05,3.2901763916015625e-05,0.00016880035400390625,0.0001010894775390625,4.172325134277344e-05,0.0003757476806640625,6.079673767089844e-05,9.965896606445312e-05,0.000598907470703125,0.00139617919921875,0.006439208984375,0.0030517578125,0.000820159912109375,0.0010223388671875,0.00518798828125,0.8203125
step_1095_q_0,0.00012159347534179688,0.466796875,0.000579833984375,0.00567626953125,0.004425048828125,0.00457763671875,0.04345703125,0.046142578125,0.010986328125,0.0023345947265625,0.007293701171875,0.0009918212890625,0.002197265625,0.0031890869140625,0.013671875,0.00567626953125,0.00057220458984375,0.0021209716796875,0.004302978515625,0.0020294189453125,0.00153350830078125,0.00518798828125,0.0026092529296875,0.0009918212890625,0.0003261566162109375,0.002899169921875,0.004852294921875,0.0087890625,0.024658203125,0.00665283203125,0.0106201171875,0.0810546875,0.040771484375,0.125,0.0262451171875,0.03076171875
step_1096_q_0,2.3365020751953125e-05,0.796875,0.00116729736328125,0.0004673004150390625,0.0003814697265625,0.00107574462890625,0.00106048583984375,0.0014495849609375,0.00171661376953125,0.000476837158203125,0.0022125244140625,0.001922607421875,0.004608154296875,0.00189208984375,0.00078582763671875,0.001983642578125,0.00147247314453125,0.0042724609375,0.0030670166015625,0.00140380859375,0.000545501708984375,0.01251220703125,0.00537109375,0.0023193359375,0.001220703125,0.00537109375,0.00689697265625,0.009765625,0.0078125,0.00164031982421875,0.003875732421875,0.0035858154296875,0.007354736328125,0.00836181640625,0.0234375,0.06982421875
step_1097_q_0,0.0001316070556640625,0.5546875,0.00112152099609375,0.004364013671875,0.0013580322265625,0.0007781982421875,0.00054931640625,0.0169677734375,0.0030517578125,0.00063323974609375,0.0028533935546875,0.0030517578125,0.00098419189453125,0.004241943359375,0.0023345947265625,0.018310546875,0.023193359375,0.011474609375,0.000926971435546875,0.0012359619140625,0.000579833984375,0.0015106201171875,0.005950927734375,0.00250244140625,0.006866455078125,0.0006256103515625,0.0011749267578125,0.0005645751953125,0.00096893310546875,0.0023345947265625,0.0142822265625,0.0052490234375,0.0498046875,0.01263427734375,0.1640625,0.07958984375
step_1098_q_0,6.771087646484375e-05,0.65234375,0.0032196044921875,0.00531005859375,0.006011962890625,0.0277099609375,0.01531982421875,0.005645751953125,0.004974365234375,0.001861572265625,0.00174713134765625,0.00151824951171875,0.00213623046875,0.00341796875,0.006011962890625,0.00701904296875,0.0079345703125,0.004547119140625,0.00159454345703125,0.000965118408203125,0.000652313232421875,0.00140380859375,0.00156402587890625,0.0033111572265625,0.0016937255859375,0.00439453125,0.003753662109375,0.0013580322265625,0.0032196044921875,0.0012969970703125,0.00958251953125,0.00872802734375,0.005828857421875,0.005828857421875,0.0126953125,0.17578125
step_1099_q_0,4.00543212890625e-05,0.953125,0.0040283203125,0.00604248046875,0.00189971923828125,0.002685546875,0.01129150390625,0.0028533935546875,0.0008697509765625,0.0020904541015625,0.0019683837890625,0.0012664794921875,0.000743865966796875,0.0019683837890625,0.000194549560546875,0.00061798095703125,0.0002918243408203125,0.00122833251953125,0.00037384033203125,8.869171142578125e-05,2.2649765014648438e-05,7.05718994140625e-05,3.4332275390625e-05,3.0279159545898438e-05,5.316734313964844e-05,0.000637054443359375,0.00015354156494140625,0.0003986358642578125,0.0001373291015625,0.00011587142944335938,5.650520324707031e-05,0.00018787384033203125,0.00101470947265625,0.0002498626708984375,0.00020694732666015625,0.00152587890625
step_1100_q_0,0.0004425048828125,0.85546875,0.0019683837890625,0.0029449462890625,0.0013427734375,0.0003452301025390625,0.001800537109375,0.0020294189453125,0.00101470947265625,0.0007476806640625,0.006744384765625,0.0028076171875,0.00518798828125,0.004302978515625,0.00494384765625,0.007080078125,0.005096435546875,0.01361083984375,0.004791259765625,0.00567626953125,0.002105712890625,0.00457763671875,0.002197265625,0.00080108642578125,0.00604248046875,0.0087890625,0.005340576171875,0.0040283203125,0.0023345947265625,0.006744384765625,0.002410888671875,0.00604248046875,0.005096435546875,0.006744384765625,0.00567626953125,0.000949859619140625
step_1101_q_0,6.854534149169922e-06,0.984375,0.00122833251953125,0.000308990478515625,0.0004367828369140625,0.00046539306640625,0.00799560546875,0.00048065185546875,0.0013885498046875,0.0014801025390625,0.00122833251953125,5.555152893066406e-05,4.315376281738281e-05,0.00037384033203125,8.64267349243164e-06,0.00011396408081054688,4.1961669921875e-05,6.103515625e-05,2.5391578674316406e-05,3.1888484954833984e-06,2.276897430419922e-05,6.668269634246826e-07,7.581710815429688e-05,3.4123659133911133e-06,5.252659320831299e-07,0.0001659393310546875,5.0961971282958984e-06,3.933906555175781e-05,4.559755325317383e-06,0.00028228759765625,0.000308990478515625,2.1904706954956055e-06,0.000110626220703125,1.0505318641662598e-06,2.276897430419922e-05,3.075599670410156e-05
step_1102_q_0,0.0002956390380859375,0.8828125,0.000431060791015625,0.00011348724365234375,0.00011348724365234375,1.71661376953125e-05,0.00018024444580078125,9.34600830078125e-05,0.0004444122314453125,0.0003261566162109375,0.00396728515625,0.0023345947265625,0.0018768310546875,0.00543212890625,0.0027313232421875,0.000885009765625,0.00020694732666015625,0.000911712646484375,0.0021209716796875,0.0031890869140625,0.000885009765625,0.00543212890625,0.0013275146484375,0.001251220703125,0.00022411346435546875,0.00494384765625,0.0018157958984375,0.000530242919921875,0.001556396484375,0.00113677978515625,0.00494384765625,0.01953125,0.0084228515625,0.03125,0.006744384765625,0.000629425048828125
step_1103_q_0,7.390975952148438e-05,0.70703125,0.000270843505859375,0.00090789794921875,0.000522613525390625,0.000530242919921875,0.000629425048828125,0.000507354736328125,0.0006866455078125,0.000640869140625,0.002288818359375,0.000743865966796875,0.00130462646484375,0.0023956298828125,0.00408935546875,0.0037078857421875,0.004913330078125,0.0023956298828125,0.0034942626953125,0.00183868408203125,0.0003376007080078125,0.000743865966796875,0.005584716796875,0.0052490234375,0.006134033203125,0.00130462646484375,0.00921630859375,0.01177978515625,0.004913330078125,0.006134033203125,0.018798828125,0.0125732421875,0.018310546875,0.006927490234375,0.059814453125,0.0927734375
step_1104_q_0,1.4185905456542969e-05,8.392333984375e-05,0.00174713134765625,0.0015869140625,0.1953125,0.0009613037109375,0.00010824203491210938,0.00860595703125,0.000682830810546875,4.954636096954346e-07,0.000751495361328125,9.179115295410156e-06,0.0005645751953125,0.001129150390625,0.002166748046875,0.003570556640625,0.008056640625,0.0001430511474609375,0.00038909912109375,0.1044921875,0.00024318695068359375,0.00024318695068359375,0.28515625,5.9604644775390625e-05,0.00970458984375,5.066394805908203e-06,0.0005645751953125,3.24249267578125e-05,9.822845458984375e-05,0.365234375,0.00023555755615234375,0.00024318695068359375,0.0003223419189453125,7.677078247070312e-05,0.005889892578125,0.002166748046875,0.000453948974609375
step_1105_q_0,0.00019741058349609375,0.0001277923583984375,0.000637054443359375,0.0020904541015625,0.00098419189453125,0.0002956390380859375,8.869171142578125e-05,4.410743713378906e-05,0.000148773193359375,0.0011138916015625,0.00162506103515625,0.00115203857421875,0.000843048095703125,0.000843048095703125,0.000896453857421875,0.00130462646484375,0.00130462646484375,0.001434326171875,0.0010528564453125,0.000720977783203125,0.00115203857421875,0.0012664794921875,0.00244140625,0.004150390625,0.00244140625,0.00323486328125,0.00135040283203125,0.0023651123046875,0.0040283203125,0.007049560546875,0.01092529296875,0.01318359375,0.053955078125,0.057373046875,0.48046875,0.2734375,0.06494140625
step_1106_q_0,0.00011491775512695312,0.10302734375,0.028564453125,0.0216064453125,0.01904296875,0.01019287109375,0.0108642578125,0.0030059814453125,0.0208740234375,0.01483154296875,0.03564453125,0.020263671875,0.034423828125,0.03564453125,0.00439453125,0.031494140625,0.016845703125,0.01483154296875,0.00872802734375,0.0079345703125,0.0098876953125,0.0157470703125,0.060546875,0.01483154296875,0.0059814453125,0.00171661376953125,0.005126953125,0.00958251953125,0.01904296875,0.205078125,0.00958251953125,0.0157470703125,0.0074462890625,0.01904296875,0.140625,0.0074462890625,0.0108642578125
step_1107_q_0,0.00084686279296875,0.236328125,0.01019287109375,0.01214599609375,0.0067138671875,0.003936767578125,0.002838134765625,0.003814697265625,0.011962890625,0.00311279296875,0.0181884765625,0.007232666015625,0.0079345703125,0.130859375,0.031982421875,0.059814453125,0.024169921875,0.0133056640625,0.022705078125,0.008056640625,0.0234375,0.0194091796875,0.03515625,0.02197265625,0.0091552734375,0.007232666015625,0.00927734375,0.006805419921875,0.01141357421875,0.022705078125,0.0166015625,0.018798828125,0.0115966796875,0.0181884765625,0.08154296875,0.05615234375,0.01531982421875
step_1108_q_0,0.0003490447998046875,0.7578125,0.00179290771484375,0.0052490234375,0.0032958984375,0.00176239013671875,0.002777099609375,0.0036163330078125,0.0030517578125,0.0012969970703125,0.0025634765625,0.0013580322265625,0.00139617919921875,0.0040283203125,0.0118408203125,0.0019683837890625,0.02587890625,0.0050048828125,0.00634765625,0.00634765625,0.0036773681640625,0.00121307373046875,0.017822265625,0.0036773681640625,0.0157470703125,0.01080322265625,0.005859375,0.0069580078125,0.00179290771484375,0.01043701171875,0.0033416748046875,0.002197265625,0.0052490234375,0.003509521484375,0.0036163330078125,0.035400390625,0.0220947265625
step_1109_q_0,0.000675201416015625,0.55078125,0.00360107421875,0.02099609375,0.00787353515625,0.02099609375,0.0125732421875,0.015625,0.01141357421875,0.0012969970703125,0.0103759765625,0.0003509521484375,0.00147247314453125,0.004913330078125,0.01214599609375,0.00994873046875,0.0179443359375,0.01141357421875,0.018798828125,0.01092529296875,0.006011962890625,0.012939453125,0.015625,0.0206298828125,0.00494384765625,0.00439453125,0.006622314453125,0.0034027099609375,0.00848388671875,0.01275634765625,0.024169921875,0.015869140625,0.0107421875,0.00933837890625,0.0194091796875,0.054443359375,0.026123046875
step_1110_q_0,0.00012493133544921875,0.91796875,0.000762939453125,0.00191497802734375,0.000652313232421875,0.00018978118896484375,0.00014781951904296875,0.0003070831298828125,0.000621795654296875,0.00010633468627929688,0.000461578369140625,3.337860107421875e-05,0.000400543212890625,0.0003948211669921875,0.00042724609375,0.0012359619140625,0.000949859619140625,0.000652313232421875,0.00250244140625,0.0005645751953125,0.00171661376953125,0.000904083251953125,0.00066375732421875,0.000949859619140625,0.0003185272216796875,0.00043487548828125,0.0010223388671875,0.0003604888916015625,0.0011444091796875,0.000461578369140625,0.00341796875,0.003875732421875,0.003753662109375,0.0059814453125,0.005126953125,0.032470703125,0.0074462890625
step_1111_q_0,0.0003414154052734375,0.0380859375,0.0057373046875,0.006927490234375,0.01007080078125,0.015380859375,0.00506591796875,0.025390625,0.02099609375,0.01092529296875,0.04443359375,0.0032196044921875,0.0203857421875,0.01239013671875,0.0238037109375,0.0245361328125,0.048828125,0.02099609375,0.01007080078125,0.007720947265625,0.06689453125,0.0380859375,0.04443359375,0.0238037109375,0.036865234375,0.0191650390625,0.01397705078125,0.0230712890625,0.048828125,0.055419921875,0.0230712890625,0.02099609375,0.0191650390625,0.04736328125,0.0245361328125,0.0830078125,0.055419921875
step_1112_q_0,0.00439453125,0.60546875,0.01275634765625,0.015380859375,0.00408935546875,0.0037078857421875,0.00159454345703125,0.0062255859375,0.01422119140625,0.002166748046875,0.039794921875,0.00115966796875,0.0019989013671875,0.01422119140625,0.00860595703125,0.007049560546875,0.016357421875,0.0019073486328125,0.00286865234375,0.0015106201171875,0.00787353515625,0.00640869140625,0.01336669921875,0.006622314453125,0.0024871826171875,0.007049560546875,0.00144195556640625,0.00213623046875,0.01025390625,0.0146484375,0.015625,0.021728515625,0.0146484375,0.031982421875,0.0341796875,0.0257568359375,0.0191650390625
step_1113_q_0,2.1576881408691406e-05,0.99609375,5.125999450683594e-05,4.00543212890625e-05,3.5762786865234375e-05,7.581710815429688e-05,0.00011730194091796875,5.984306335449219e-05,4.887580871582031e-05,1.5616416931152344e-05,0.00016021728515625,2.1219253540039062e-05,2.8014183044433594e-06,0.00011539459228515625,4.029273986816406e-05,4.8160552978515625e-05,3.8623809814453125e-05,2.765655517578125e-05,4.8160552978515625e-05,9.441375732421875e-05,1.633167266845703e-05,1.430511474609375e-05,0.00012683868408203125,5.364418029785156e-05,1.5974044799804688e-05,1.1026859283447266e-05,5.626678466796875e-05,5.054473876953125e-05,6.389617919921875e-05,0.00010538101196289062,0.00019931793212890625,0.0001583099365234375,0.00018787384033203125,0.00011205673217773438,0.00021266937255859375,0.00015354156494140625,0.0006256103515625
step_1114_q_0,0.00015163421630859375,0.734375,0.002655029296875,0.007659912109375,0.00897216796875,0.0081787109375,0.022216796875,0.03662109375,0.017333984375,0.0002536773681640625,0.00634765625,0.00024318695068359375,0.000629425048828125,0.000591278076171875,0.0019989013671875,0.004119873046875,0.00176239013671875,0.00146484375,0.0072021484375,0.0027313232421875,0.0001163482666015625,0.000370025634765625,0.00113677978515625,0.000537872314453125,0.002197265625,0.0004329681396484375,0.0014190673828125,0.00041961669921875,0.00182342529296875,0.00128936767578125,0.0028228759765625,0.007659912109375,0.0322265625,0.0303955078125,0.00634765625,0.0030975341796875,0.04150390625
step_1115_q_0,3.069639205932617e-06,0.80859375,3.981590270996094e-05,0.00018024444580078125,0.0002498626708984375,4.839897155761719e-05,6.198883056640625e-06,3.2633543014526367e-06,2.8133392333984375e-05,0.00019359588623046875,0.00014209747314453125,0.000637054443359375,5.6743621826171875e-05,0.00021839141845703125,6.532669067382812e-05,0.00048065185546875,0.00070953369140625,0.000522613525390625,0.0003452301025390625,0.00013065338134765625,0.000171661376953125,0.0002498626708984375,0.000949859619140625,0.005889892578125,0.000885009765625,0.00052642822265625,0.0003719329833984375,0.0003509521484375,0.0009613037109375,0.0027008056640625,0.01434326171875,0.0098876953125,0.003204345703125,0.003936767578125,0.08544921875,0.0303955078125,0.0260009765625
step_1116_q_0,0.000598907470703125,0.58203125,0.0025177001953125,0.0164794921875,0.010009765625,0.00604248046875,0.00144195556640625,0.0030517578125,0.0150146484375,0.00115966796875,0.01544189453125,0.0018463134765625,0.0029449462890625,0.0205078125,0.00970458984375,0.023193359375,0.0164794921875,0.00518798828125,0.00604248046875,0.002166748046875,0.00157928466796875,0.0023040771484375,0.010986328125,0.00567626953125,0.0019683837890625,0.007080078125,0.00157928466796875,0.00084686279296875,0.00139617919921875,0.010009765625,0.023193359375,0.0128173828125,0.00909423828125,0.00909423828125,0.0888671875,0.053955078125,0.019287109375
step_1117_q_0,0.000125885009765625,0.462890625,0.002044677734375,0.006591796875,0.004974365234375,0.0022125244140625,0.000659942626953125,0.00189208984375,0.004058837890625,0.00118255615234375,0.0022430419921875,0.00060272216796875,0.002838134765625,0.016845703125,0.0184326171875,0.02099609375,0.007232666015625,0.006805419921875,0.006378173828125,0.01104736328125,0.00439453125,0.014404296875,0.041748046875,0.0277099609375,0.00531005859375,0.003814697265625,0.0184326171875,0.009033203125,0.01373291015625,0.0517578125,0.140625,0.01373291015625,0.017333984375,0.017333984375,0.0277099609375,0.01214599609375,0.000965118408203125
step_1118_q_0,3.4570693969726562e-06,0.1318359375,4.267692565917969e-05,0.0004062652587890625,0.00057220458984375,0.00113677978515625,0.000659942626953125,0.0001697540283203125,0.000148773193359375,1.609325408935547e-05,0.0004825592041015625,0.000301361083984375,0.00023174285888671875,0.000591278076171875,0.000156402587890625,0.0002593994140625,0.0004253387451171875,0.000370025634765625,0.0018768310546875,0.0023345947265625,0.00012969970703125,3.528594970703125e-05,0.0001373291015625,3.5762786865234375e-05,0.00014019012451171875,0.0002841949462890625,3.0279159545898438e-05,1.055002212524414e-05,8.678436279296875e-05,0.0002593994140625,0.0037384033203125,0.0032958984375,0.0009002685546875,0.0003528594970703125,0.000873565673828125,0.040283203125,0.80859375
step_1119_q_0,0.0002956390380859375,0.88671875,0.00064849853515625,0.00104522705078125,0.00171661376953125,0.0009918212890625,0.00179290771484375,0.00616455078125,0.005615234375,0.00024318695068359375,0.003631591796875,0.002410888671875,0.00020694732666015625,0.00070953369140625,0.0003108978271484375,0.00102996826171875,0.0008697509765625,0.0003719329833984375,0.000240325927734375,0.0002880096435546875,0.000217437744140625,0.0005340576171875,0.00066375732421875,0.0003185272216796875,0.000194549560546875,0.0007476806640625,0.000232696533203125,0.0004825592041015625,0.00092315673828125,0.0008697509765625,0.0028228759765625,0.0028228759765625,0.006683349609375,0.00537109375,0.0081787109375,0.0244140625,0.028564453125
step_1120_q_0,3.9577484130859375e-05,0.53125,0.00103759765625,0.005828857421875,0.0021209716796875,0.0007781982421875,0.00014495849609375,0.0026702880859375,0.0022735595703125,9.965896606445312e-05,0.0113525390625,0.00191497802734375,0.00084686279296875,0.0164794921875,0.01263427734375,0.0081787109375,0.012939453125,0.00095367431640625,0.002227783203125,0.002593994140625,0.00494384765625,0.00408935546875,0.011962890625,0.0030364990234375,0.0034942626953125,0.005950927734375,0.00390625,0.0028839111328125,0.004974365234375,0.0267333984375,0.018310546875,0.00933837890625,0.04931640625,0.0140380859375,0.080078125,0.1044921875,0.037841796875
step_1121_q_0,3.9577484130859375e-05,0.73046875,0.0025177001953125,0.0036163330078125,0.002685546875,0.00176239013671875,0.0012664794921875,0.0040283203125,0.0040283203125,0.000339508056640625,0.003387451171875,0.0018463134765625,0.00074005126953125,0.01043701171875,0.002227783203125,0.0101318359375,0.0125732421875,0.00921630859375,0.002288818359375,0.0003833770751953125,0.000293731689453125,0.000843048095703125,0.00189971923828125,0.0003566741943359375,0.007415771484375,0.0036163330078125,0.0017852783203125,0.00176239013671875,0.0003376007080078125,0.00079345703125,0.013427734375,0.004425048828125,0.01300048828125,0.0096435546875,0.01385498046875,0.10546875,0.01519775390625
step_1122_q_0,0.0002288818359375,0.90234375,7.200241088867188e-05,0.0006103515625,0.000461578369140625,0.0003948211669921875,0.0012359619140625,0.0032501220703125,0.0030517578125,0.00014400482177734375,0.0034637451171875,0.00060272216796875,0.0002841949462890625,0.00110626220703125,0.003692626953125,0.0026092529296875,0.0008087158203125,0.000576019287109375,0.0012359619140625,0.00034332275390625,0.00286865234375,0.002532958984375,0.0012359619140625,0.000904083251953125,0.000476837158203125,0.00072479248046875,0.000904083251953125,0.0009765625,0.002532958984375,0.00537109375,0.006683349609375,0.0012359619140625,0.002105712890625,0.010009765625,0.0159912109375,0.01068115234375,0.007568359375
step_1123_q_0,4.5299530029296875e-05,0.022216796875,0.00041961669921875,0.0034027099609375,0.002410888671875,0.002655029296875,0.00146484375,0.0101318359375,0.0024871826171875,0.00011444091796875,0.0189208984375,0.0302734375,0.0152587890625,0.044189453125,0.0284423828125,0.034423828125,0.2099609375,0.01263427734375,0.013427734375,0.03662109375,0.06396484375,0.03662109375,0.05322265625,0.0086669921875,0.04150390625,0.005279541015625,0.017333984375,0.017333984375,0.01263427734375,0.056640625,0.038818359375,0.0030059814453125,0.01226806640625,0.004638671875,0.0235595703125,0.087890625,0.0267333984375
step_1124_q_0,0.0004425048828125,0.640625,0.0028839111328125,0.01007080078125,0.009765625,0.007354736328125,0.00537109375,0.0166015625,0.01068115234375,9.34600830078125e-05,0.022705078125,0.009765625,0.0033721923828125,0.01214599609375,0.00171661376953125,0.0181884765625,0.03857421875,0.005218505859375,0.003814697265625,0.00262451171875,0.00714111328125,0.0027923583984375,0.006683349609375,0.001861572265625,0.00262451171875,0.00689697265625,0.0024566650390625,0.00106048583984375,0.01287841796875,0.0091552734375,0.0181884765625,0.00238037109375,0.0233154296875,0.00885009765625,0.0166015625,0.042236328125,0.01177978515625
step_1125_q_0,3.9577484130859375e-05,0.90234375,0.0002155303955078125,0.00046539306640625,0.0003681182861328125,0.0010223388671875,0.003631591796875,0.00628662109375,0.0027923583984375,0.0002689361572265625,0.0045166015625,0.000934600830078125,0.0001697540283203125,0.00156402587890625,0.0018310546875,0.00188446044921875,0.00194549560546875,0.002960205078125,0.004730224609375,0.00191497802734375,0.00194549560546875,0.0022430419921875,0.00274658203125,0.00119781494140625,0.0012359619140625,0.0004100799560546875,0.00142669677734375,0.00110626220703125,0.003875732421875,0.00103759765625,0.0048828125,0.00341796875,0.00830078125,0.0103759765625,0.003997802734375,0.00830078125,0.00274658203125
step_1126_q_0,0.000270843505859375,0.74609375,0.00144195556640625,0.0078125,0.00457763671875,0.007110595703125,0.00885009765625,0.01068115234375,0.007110595703125,0.00054931640625,0.006256103515625,0.0032501220703125,0.00191497802734375,0.00238037109375,0.00084686279296875,0.0037994384765625,0.007568359375,0.005035400390625,0.00115966796875,0.00115966796875,0.000499725341796875,0.00115966796875,0.0012359619140625,0.000514984130859375,0.00115966796875,0.00168609619140625,0.000904083251953125,0.00023937225341796875,0.0010528564453125,0.00029754638671875,0.00191497802734375,0.005035400390625,0.010986328125,0.0078125,0.003570556640625,0.05419921875,0.07861328125
step_1127_q_0,3.361701965332031e-05,0.80078125,0.00021839141845703125,0.0004329681396484375,0.000553131103515625,0.0003662109375,0.00012683868408203125,0.0006103515625,0.000762939453125,0.0002956390380859375,0.001861572265625,0.00159454345703125,0.00139617919921875,0.004608154296875,0.003326416015625,0.005401611328125,0.01373291015625,0.004608154296875,0.000705718994140625,0.0016326904296875,0.0012969970703125,0.0035400390625,0.0023956298828125,0.002105712890625,0.00122833251953125,0.00092315673828125,0.000476837158203125,0.000385284423828125,0.000331878662109375,0.00135040283203125,0.0098876953125,0.0035400390625,0.011962890625,0.004913330078125,0.02001953125,0.072265625,0.0213623046875
step_1128_q_0,0.00022220611572265625,0.671875,0.00167083740234375,0.014892578125,0.006805419921875,0.0081787109375,0.007476806640625,0.0252685546875,0.020263671875,0.00167083740234375,0.03466796875,0.00872802734375,0.00482177734375,0.016357421875,0.01055908203125,0.015869140625,0.015869140625,0.006591796875,0.0026702880859375,0.004669189453125,0.0033111572265625,0.004119873046875,0.007720947265625,0.00156402587890625,0.0022125244140625,0.0081787109375,0.0017242431640625,0.00019931793212890625,0.0009765625,0.004669189453125,0.00927734375,0.0013427734375,0.003875732421875,0.0022125244140625,0.036865234375,0.0238037109375,0.0081787109375
step_1129_q_0,0.000347137451171875,0.26171875,0.0022430419921875,0.01263427734375,0.0150146484375,0.0150146484375,0.0302734375,0.058349609375,0.051513671875,0.00160980224609375,0.053955078125,0.0040283203125,0.00518798828125,0.0189208984375,0.01806640625,0.0247802734375,0.007537841796875,0.027587890625,0.004425048828125,0.001129150390625,0.002716064453125,0.0027923583984375,0.007415771484375,0.003997802734375,0.034423828125,0.013427734375,0.01806640625,0.01031494140625,0.051513671875,0.00848388671875,0.035400390625,0.0186767578125,0.0272216796875,0.060302734375,0.0576171875,0.0302734375,0.002655029296875
step_1130_q_0,2.2649765014648438e-06,0.06103515625,7.420778274536133e-06,0.0002498626708984375,0.000301361083984375,0.0003414154052734375,0.0004119873046875,0.00010395050048828125,6.103515625e-05,7.413327693939209e-07,0.000133514404296875,6.914138793945312e-05,0.0004119873046875,0.0018463134765625,0.0002002716064453125,0.0002269744873046875,0.0001468658447265625,0.00012159347534179688,0.00028228759765625,0.000530242919921875,0.0002002716064453125,0.00011444091796875,0.000301361083984375,1.5974044799804688e-05,4.076957702636719e-05,0.000438690185546875,7.092952728271484e-06,5.699694156646729e-07,2.2530555725097656e-05,0.0004673004150390625,0.001434326171875,0.0002574920654296875,0.0003528594970703125,4.1961669921875e-05,0.001434326171875,0.03076171875,0.8984375
step_1131_q_0,6.031990051269531e-05,0.41015625,0.0002384185791015625,0.00518798828125,0.007293701171875,0.007293701171875,0.007293701171875,0.019287109375,0.0205078125,0.00079345703125,0.021728515625,0.005340576171875,0.01031494140625,0.0140380859375,0.01129150390625,0.02978515625,0.03369140625,0.00994873046875,0.0037841796875,0.00665283203125,0.005859375,0.0159912109375,0.01361083984375,0.00173187255859375,0.003448486328125,0.004302978515625,0.000743865966796875,0.00030517578125,0.0020294189453125,0.00518798828125,0.01361083984375,0.0093994140625,0.0810546875,0.0810546875,0.03369140625,0.059326171875,0.043212890625
step_1132_q_0,8.404254913330078e-06,0.5703125,0.00022983551025390625,0.000644683837890625,0.000244140625,0.0002613067626953125,0.000286102294921875,0.0038299560546875,0.000911712646484375,0.0002689361572265625,0.0026397705078125,0.00506591796875,0.007171630859375,0.012939453125,0.005584716796875,0.00299072265625,0.046630859375,0.046630859375,0.00421142578125,0.0032806396484375,0.0021820068359375,0.00360107421875,0.0021209716796875,7.724761962890625e-05,0.006317138671875,0.01177978515625,2.300739288330078e-05,2.086162567138672e-05,0.003082275390625,0.041259765625,0.00860595703125,0.0047607421875,0.001129150390625,0.00145721435546875,0.10498046875,0.06396484375,0.031982421875
step_1133_q_0,0.00010633468627929688,0.6328125,0.000499725341796875,0.0023956298828125,0.00164031982421875,0.000728607177734375,0.00052642822265625,0.006195068359375,0.0030670166015625,0.00021839141845703125,0.00274658203125,0.00262451171875,0.00445556640625,0.01019287109375,0.0042724609375,0.0252685546875,0.014892578125,0.011962890625,0.0042724609375,0.004669189453125,0.00167083740234375,0.006591796875,0.0126953125,0.00341796875,0.011962890625,0.006195068359375,0.0023956298828125,0.00060272216796875,0.004974365234375,0.0081787109375,0.02099609375,0.003753662109375,0.0238037109375,0.00927734375,0.0625,0.06640625,0.0216064453125
step_1134_q_0,0.0005035400390625,0.67578125,0.00170135498046875,0.00933837890625,0.004150390625,0.007720947265625,0.0037689208984375,0.0123291015625,0.007720947265625,0.00106048583984375,0.009033203125,0.011962890625,0.014892578125,0.0096435546875,0.004150390625,0.00933837890625,0.0179443359375,0.0036468505859375,0.00130462646484375,0.0035400390625,0.0021209716796875,0.005645751953125,0.006622314453125,0.0029296875,0.003326416015625,0.004547119140625,0.00106048583984375,0.0004787445068359375,0.001617431640625,0.007720947265625,0.016357421875,0.0035400390625,0.0026702880859375,0.0036468505859375,0.016357421875,0.039306640625,0.0732421875
step_1135_q_0,1.049041748046875e-05,0.03759765625,0.00048828125,0.005767822265625,0.003082275390625,0.001556396484375,0.00099945068359375,0.00408935546875,0.003387451171875,0.00011444091796875,0.018310546875,0.042724609375,0.04541015625,0.06591796875,0.029296875,0.033203125,0.0400390625,0.00653076171875,0.004486083984375,0.0172119140625,0.01080322265625,0.06591796875,0.033203125,0.0036163330078125,0.0027313232421875,0.04833984375,0.00150299072265625,0.001708984375,0.0052490234375,0.07470703125,0.02587890625,0.0032806396484375,0.0111083984375,0.0172119140625,0.26171875,0.058349609375,0.01470947265625
step_1136_q_0,0.000118255615234375,0.640625,0.0164794921875,0.01068115234375,0.00885009765625,0.0155029296875,0.0093994140625,0.00830078125,0.00830078125,0.001068115234375,0.004180908203125,0.0034637451171875,0.0198974609375,0.007568359375,0.0027008056640625,0.00518798828125,0.012451171875,0.002532958984375,0.000522613525390625,0.00128936767578125,0.00457763671875,0.00885009765625,0.0020294189453125,0.00128936767578125,0.000583648681640625,0.01171875,0.000621795654296875,0.00042724609375,0.00970458984375,0.001556396484375,0.0030517578125,0.004302978515625,0.005523681640625,0.00457763671875,0.0247802734375,0.0810546875,0.0576171875
step_1137_q_0,1.233816146850586e-05,0.98046875,8.058547973632812e-05,0.00074005126953125,0.0002651214599609375,0.00016021728515625,0.0004215240478515625,0.000560760498046875,0.000308990478515625,0.00012874603271484375,0.000865936279296875,0.0005950927734375,0.0002994537353515625,0.0003509521484375,0.00045013427734375,0.0002803802490234375,0.000240325927734375,6.198883056640625e-05,7.82012939453125e-05,8.869171142578125e-05,0.00019359588623046875,0.00012111663818359375,0.00012493133544921875,3.743171691894531e-05,3.5762786865234375e-05,0.00052642822265625,5.793571472167969e-05,3.981590270996094e-05,0.00020599365234375,0.0002727508544921875,0.000240325927734375,0.000385284423828125,0.00167083740234375,0.002349853515625,0.00098419189453125,0.0017242431640625,0.00482177734375
step_1138_q_0,7.152557373046875e-05,0.8828125,0.0023193359375,0.007171630859375,0.003082275390625,0.005950927734375,0.006134033203125,0.004486083984375,0.00506591796875,0.00164794921875,0.004913330078125,0.0038299560546875,0.0032806396484375,0.0026397705078125,0.0003452301025390625,0.0012054443359375,0.00154876708984375,0.00096893310546875,0.000457763671875,0.0008544921875,0.000568389892578125,0.0020599365234375,0.000911712646484375,0.000732421875,0.0012054443359375,0.005950927734375,0.00164794921875,0.000568389892578125,0.00124359130859375,0.000732421875,0.0012054443359375,0.000335693359375,0.001068115234375,0.000644683837890625,0.003082275390625,0.00408935546875,0.036376953125
step_1139_q_0,1.424551010131836e-05,0.578125,7.390975952148438e-05,0.00023365020751953125,0.0004405975341796875,0.000453948974609375,4.8160552978515625e-05,3.910064697265625e-05,0.00012493133544921875,0.0002460479736328125,0.001373291015625,8.916854858398438e-05,0.00020694732666015625,0.00160980224609375,0.00020694732666015625,0.0010528564453125,0.001373291015625,0.00054931640625,0.000255584716796875,4.291534423828125e-05,6.246566772460938e-05,0.0009307861328125,0.0016937255859375,0.004058837890625,0.00167083740234375,0.000518798828125,0.000583648681640625,0.00048065185546875,0.0014495849609375,0.0037689208984375,0.006103515625,0.006500244140625,0.00469970703125,0.01104736328125,0.10009765625,0.2119140625,0.058837890625
step_1140_q_0,9.775161743164062e-05,0.734375,0.005584716796875,0.025146484375,0.01300048828125,0.009521484375,0.00176239013671875,0.00372314453125,0.00634765625,0.0024871826171875,0.041259765625,0.00634765625,0.01953125,0.0322265625,0.006134033203125,0.009521484375,0.005584716796875,0.002410888671875,0.001251220703125,0.000537872314453125,0.00018024444580078125,0.000431060791015625,0.00083160400390625,4.76837158203125e-05,5.078315734863281e-05,0.0086669921875,7.152557373046875e-05,1.0132789611816406e-05,0.0002346038818359375,0.00128936767578125,0.00634765625,0.0004596710205078125,0.00091552734375,0.000431060791015625,0.0302734375,0.018310546875,0.005767822265625
step_1141_q_0,4.029273986816406e-05,0.26953125,0.00113677978515625,0.0034942626953125,0.0014190673828125,0.00124359130859375,0.00775146484375,0.0194091796875,0.00762939453125,0.00201416015625,0.015625,0.00104522705078125,0.00323486328125,0.022705078125,0.0257568359375,0.056396484375,0.00848388671875,0.0177001953125,0.00299072265625,0.000579833984375,0.003173828125,0.006317138671875,0.00946044921875,0.004486083984375,0.01361083984375,0.0026702880859375,0.06396484375,0.072265625,0.1083984375,0.004913330078125,0.0311279296875,0.024169921875,0.05126953125,0.06591796875,0.0301513671875,0.036376953125,0.00421142578125
step_1142_q_0,5.316734313964844e-05,0.2255859375,0.00023365020751953125,0.00167083740234375,0.00167083740234375,0.0029296875,0.00099945068359375,0.00025177001953125,0.00020599365234375,9.000301361083984e-06,0.00080108642578125,0.0005035400390625,0.001953125,0.0024261474609375,0.00030517578125,0.0001659393310546875,0.0003147125244140625,0.00075531005859375,0.00080108642578125,0.00049591064453125,0.00051116943359375,0.0004100799560546875,0.0002689361572265625,0.0001010894775390625,0.00012874603271484375,0.001953125,6.914138793945312e-05,1.1086463928222656e-05,0.0002956390380859375,0.001617431640625,0.0135498046875,0.00640869140625,0.00115203857421875,0.00095367431640625,0.0026702880859375,0.031494140625,0.6953125
step_1143_q_0,8.440017700195312e-05,0.5,0.00089263916015625,0.00174713134765625,0.00147247314453125,0.0018310546875,0.00628662109375,0.00946044921875,0.0023956298828125,0.002349853515625,0.0029296875,0.001922607421875,0.0036468505859375,0.001861572265625,0.0029754638671875,0.002838134765625,0.0011444091796875,0.00106048583984375,0.00087738037109375,0.0015411376953125,0.00104522705078125,0.0029296875,0.0011444091796875,0.0004673004150390625,0.000270843505859375,0.0026702880859375,0.00156402587890625,0.0017242431640625,0.0103759765625,0.00213623046875,0.007598876953125,0.03515625,0.01373291015625,0.041015625,0.025634765625,0.037353515625,0.267578125
step_1144_q_0,4.506111145019531e-05,0.8046875,0.01220703125,0.000598907470703125,0.00058746337890625,0.0003986358642578125,0.0001850128173828125,0.00193023681640625,0.0019989013671875,0.000286102294921875,0.006744384765625,0.020751953125,0.0228271484375,0.0017547607421875,0.00018978118896484375,0.00299072265625,0.000972747802734375,0.00494384765625,0.00154876708984375,0.001068115234375,0.0006561279296875,0.0052490234375,0.00299072265625,0.0006866455078125,0.0002460479736328125,0.0167236328125,0.000804901123046875,0.00048065185546875,0.00372314453125,0.00099945068359375,0.0032806396484375,0.00124359130859375,0.00152587890625,0.005401611328125,0.0546875,0.011474609375,0.00408935546875
step_1145_q_0,0.00011301040649414062,0.3515625,0.000568389892578125,0.0020294189453125,0.00164794921875,0.000652313232421875,0.00045013427734375,0.004913330078125,0.00115966796875,0.00067901611328125,0.0022735595703125,0.0054931640625,0.004425048828125,0.00421142578125,0.0027618408203125,0.0106201171875,0.0137939453125,0.025390625,0.00653076171875,0.00104522705078125,0.00067901611328125,0.0034942626953125,0.0140380859375,0.0107421875,0.05908203125,0.0028533935546875,0.007171630859375,0.0011138916015625,0.000804901123046875,0.009521484375,0.03466796875,0.0140380859375,0.0458984375,0.019775390625,0.146484375,0.1328125,0.05712890625
step_1146_q_0,4.6253204345703125e-05,0.7109375,0.0010986328125,0.003082275390625,0.0028076171875,0.006744384765625,0.0101318359375,0.00396728515625,0.00162506103515625,0.00136566162109375,0.00099945068359375,0.00183868408203125,0.00162506103515625,0.00170135498046875,0.0028076171875,0.00653076171875,0.005950927734375,0.005401611328125,0.00189971923828125,0.0028076171875,0.00096893310546875,0.00145721435546875,0.001953125,0.0034942626953125,0.0019989013671875,0.003082275390625,0.00982666015625,0.003387451171875,0.00408935546875,0.0019989013671875,0.009521484375,0.00811767578125,0.00921630859375,0.0086669921875,0.0086669921875,0.0400390625,0.1123046875
step_1147_q_0,2.6226043701171875e-05,0.953125,0.000843048095703125,0.003326416015625,0.000743865966796875,0.00152587890625,0.00115203857421875,0.0068359375,0.00122833251953125,0.0027618408203125,0.001953125,0.0029449462890625,0.0013885498046875,0.0026702880859375,0.000362396240234375,0.0021514892578125,0.003662109375,0.00130462646484375,0.000423431396484375,0.00023365020751953125,9.1552734375e-05,0.0001506805419921875,0.00018787384033203125,0.000308990478515625,0.0035400390625,0.0015716552734375,0.00015544891357421875,0.00049591064453125,0.00016117095947265625,0.0006561279296875,0.000545501708984375,0.00045013427734375,0.00023365020751953125,0.00046539306640625,0.000579833984375,0.00092315673828125,0.00101470947265625
step_1148_q_0,0.0002288818359375,0.8671875,0.0015106201171875,0.0024261474609375,0.001556396484375,0.00067138671875,0.000766754150390625,0.0017547607421875,0.0009307861328125,0.0008087158203125,0.00640869140625,0.00250244140625,0.003997802734375,0.00347900390625,0.003936767578125,0.006103515625,0.007476806640625,0.0037078857421875,0.004150390625,0.0054931640625,0.002838134765625,0.00347900390625,0.002471923828125,0.001617431640625,0.00714111328125,0.00531005859375,0.00347900390625,0.0029754638671875,0.002838134765625,0.005401611328125,0.0021820068359375,0.006011962890625,0.007720947265625,0.0089111328125,0.00592041015625,0.00180816650390625,0.006103515625
step_1149_q_0,1.0013580322265625e-05,0.98828125,0.000133514404296875,0.000598907470703125,0.00061798095703125,0.000438690185546875,0.0004825592041015625,0.000125885009765625,0.0007476806640625,0.0033416748046875,0.00244140625,0.0007476806640625,0.000530242919921875,0.00072479248046875,5.036592483520508e-06,8.630752563476562e-05,2.849102020263672e-05,4.798173904418945e-06,1.5974044799804688e-05,5.0067901611328125e-05,0.000156402587890625,1.7881393432617188e-05,5.0067901611328125e-05,4.153698682785034e-07,5.848705768585205e-07,0.000530242919921875,6.668269634246826e-07,2.250075340270996e-06,2.3245811462402344e-06,6.723403930664062e-05,5.245208740234375e-05,7.264316082000732e-07,9.298324584960938e-06,3.248453140258789e-06,3.838539123535156e-05,6.818771362304688e-05,4.482269287109375e-05
step_1150_q_0,1.3172626495361328e-05,0.953125,5.125999450683594e-05,5.054473876953125e-05,0.0001506805419921875,2.6226043701171875e-05,1.8596649169921875e-05,8.52346420288086e-06,0.000148773193359375,0.0003910064697265625,0.00167083740234375,0.00189208984375,0.0017242431640625,0.0013885498046875,0.00115203857421875,0.0008392333984375,0.0004634857177734375,0.000247955322265625,0.0004711151123046875,0.00024127960205078125,0.00104522705078125,0.0029296875,0.00016307830810546875,0.000286102294921875,0.00011396408081054688,0.00081634521484375,0.0002689361572265625,0.00022983551025390625,0.00052642822265625,0.000457763671875,0.000896453857421875,0.0021514892578125,0.00201416015625,0.015869140625,0.00531005859375,0.0011138916015625,0.003326416015625
step_1151_q_0,9.298324584960938e-05,0.60546875,0.000518798828125,0.002288818359375,0.00347900390625,0.000789642333984375,0.000438690185546875,0.0004749298095703125,0.00189208984375,0.00109100341796875,0.00531005859375,0.001983642578125,0.001953125,0.003997802734375,0.00262451171875,0.00860595703125,0.0035858154296875,0.0022125244140625,0.0029296875,0.001922607421875,0.00061798095703125,0.00125885009765625,0.0107421875,0.005828857421875,0.0027923583984375,0.00151824951171875,0.00311279296875,0.00714111328125,0.004669189453125,0.0181884765625,0.0361328125,0.00946044921875,0.0234375,0.007598876953125,0.11181640625,0.07666015625,0.0291748046875
step_1152_q_0,1.4081597328186035e-06,1.049041748046875e-05,0.00010061264038085938,0.00093841552734375,0.2373046875,4.887580871582031e-05,5.555152893066406e-05,0.00347900390625,0.00128173828125,2.816319465637207e-06,0.00011014938354492188,1.341104507446289e-06,0.00015354156494140625,0.000209808349609375,0.00096893310546875,0.00408935546875,0.01336669921875,5.626678466796875e-05,5.817413330078125e-05,0.0869140625,5.817413330078125e-05,4.315376281738281e-05,0.32421875,8.702278137207031e-06,0.0172119140625,1.4007091522216797e-06,0.00020313262939453125,1.5735626220703125e-05,0.0001068115234375,0.28515625,1.9669532775878906e-05,3.5762786865234375e-05,4.458427429199219e-05,2.0623207092285156e-05,0.00738525390625,0.0002689361572265625,8.20159912109375e-05,0.01611328125
step_1153_q_0,4.291534423828125e-05,2.7298927307128906e-05,0.0001392364501953125,0.00054931640625,0.000751495361328125,0.000377655029296875,0.00011348724365234375,5.984306335449219e-05,8.821487426757812e-05,0.0002593994140625,0.000682830810546875,0.00102996826171875,0.000640869140625,0.00066375732421875,0.0004138946533203125,0.00042724609375,0.000682830810546875,0.00060272216796875,0.00066375732421875,0.000751495361328125,0.00066375732421875,0.0004558563232421875,0.00164031982421875,0.0016937255859375,0.00164031982421875,0.00119781494140625,0.000850677490234375,0.0015869140625,0.00347900390625,0.01171875,0.01611328125,0.0091552734375,0.0281982421875,0.03857421875,0.34375,0.322265625,0.162109375,0.04638671875
step_1154_q_0,0.0001621246337890625,0.22265625,0.0213623046875,0.015625,0.0137939453125,0.00836181640625,0.009765625,0.003082275390625,0.01611328125,0.01007080078125,0.036376953125,0.0194091796875,0.0274658203125,0.0301513671875,0.003936767578125,0.0257568359375,0.012939453125,0.009765625,0.0067138671875,0.00714111328125,0.00714111328125,0.012939453125,0.06787109375,0.01007080078125,0.00506591796875,0.0013427734375,0.0033721923828125,0.0091552734375,0.0177001953125,0.1728515625,0.01141357421875,0.018798828125,0.00738525390625,0.0177001953125,0.10498046875,0.0089111328125,0.01611328125,0.006103515625
step_1155_q_0,0.00080108642578125,0.1884765625,0.01153564453125,0.0150146484375,0.00885009765625,0.004302978515625,0.00286865234375,0.004058837890625,0.01458740234375,0.003204345703125,0.0218505859375,0.006072998046875,0.0081787109375,0.142578125,0.03955078125,0.0673828125,0.0240478515625,0.012451171875,0.0198974609375,0.00689697265625,0.019287109375,0.0157470703125,0.038330078125,0.01904296875,0.00732421875,0.005279541015625,0.0076904296875,0.004730224609375,0.006988525390625,0.0233154296875,0.0164794921875,0.0162353515625,0.0113525390625,0.0147705078125,0.09228515625,0.0673828125,0.0205078125,0.01019287109375
step_1156_q_0,0.00087738037109375,0.7421875,0.0010223388671875,0.003173828125,0.0029449462890625,0.0013427734375,0.002593994140625,0.00421142578125,0.00396728515625,0.00048065185546875,0.0023651123046875,0.000545501708984375,0.000823974609375,0.00360107421875,0.00921630859375,0.0028533935546875,0.0169677734375,0.0096435546875,0.00836181640625,0.0106201171875,0.0054931640625,0.0021209716796875,0.01275634765625,0.004638671875,0.016357421875,0.0068359375,0.00921630859375,0.007293701171875,0.0026397705078125,0.0106201171875,0.006744384765625,0.003326416015625,0.00848388671875,0.005401611328125,0.004150390625,0.0191650390625,0.01202392578125,0.03466796875
step_1157_q_0,0.00021839141845703125,0.5078125,0.004486083984375,0.0225830078125,0.0081787109375,0.014404296875,0.0098876953125,0.016845703125,0.01373291015625,0.00119781494140625,0.00970458984375,0.000274658203125,0.0029144287109375,0.01153564453125,0.01904296875,0.01116943359375,0.028564453125,0.01251220703125,0.01251220703125,0.017333984375,0.00830078125,0.01348876953125,0.0162353515625,0.0130615234375,0.010009765625,0.005462646484375,0.005615234375,0.00537109375,0.007568359375,0.01171875,0.01251220703125,0.0103759765625,0.010498046875,0.01708984375,0.028564453125,0.029541015625,0.01373291015625,0.056884765625
step_1158_q_0,0.0003261566162109375,0.84375,0.0020294189453125,0.00567626953125,0.0035552978515625,0.0007476806640625,0.0004673004150390625,0.00148773193359375,0.002685546875,0.0004253387451171875,0.0016021728515625,5.245208740234375e-05,0.002227783203125,0.0019378662109375,0.00244140625,0.007080078125,0.003143310546875,0.00286865234375,0.00830078125,0.004425048828125,0.004150390625,0.004852294921875,0.0033416748046875,0.00225830078125,0.00051116943359375,0.000942230224609375,0.00165557861328125,0.00084686279296875,0.00390625,0.0023651123046875,0.007781982421875,0.005859375,0.00390625,0.01202392578125,0.00665283203125,0.0263671875,0.00830078125,0.00830078125
step_1159_q_0,0.0003566741943359375,0.051025390625,0.00885009765625,0.01104736328125,0.00506591796875,0.0108642578125,0.002349853515625,0.0194091796875,0.025634765625,0.01190185546875,0.1044921875,0.003265380859375,0.049560546875,0.030029296875,0.01708984375,0.018798828125,0.044921875,0.009765625,0.0078125,0.0035247802734375,0.057861328125,0.1044921875,0.057861328125,0.0078125,0.0308837890625,0.0240478515625,0.003692626953125,0.01611328125,0.042236328125,0.037353515625,0.00848388671875,0.007476806640625,0.00537109375,0.0194091796875,0.0233154296875,0.03515625,0.01708984375,0.0654296875
step_1160_q_0,0.0033721923828125,0.625,0.005828857421875,0.0135498046875,0.0032806396484375,0.00408935546875,0.001739501953125,0.0067138671875,0.014892578125,0.00093841552734375,0.072265625,0.0017547607421875,0.00115966796875,0.0091552734375,0.00799560546875,0.0050048828125,0.01422119140625,0.002044677734375,0.00147247314453125,0.0002613067626953125,0.0017242431640625,0.00421142578125,0.002227783203125,0.001220703125,0.003326416015625,0.0087890625,0.00098419189453125,0.0020904541015625,0.00640869140625,0.0087890625,0.0123291015625,0.006103515625,0.005828857421875,0.026611328125,0.022705078125,0.06396484375,0.01104736328125,0.018310546875
step_1161_q_0,8.678436279296875e-05,0.98828125,4.291534423828125e-05,9.870529174804688e-05,0.00023937225341796875,0.0002841949462890625,0.0009613037109375,0.00072479248046875,0.0009307861328125,6.5267086029052734e-06,0.001739501953125,4.6253204345703125e-05,5.751848220825195e-06,6.67572021484375e-05,6.031990051269531e-05,0.0001239776611328125,0.00011205673217773438,8.153915405273438e-05,0.0001468658447265625,0.0004138946533203125,0.0001010894775390625,7.534027099609375e-05,0.0002460479736328125,0.0001163482666015625,1.7762184143066406e-05,6.246566772460938e-05,4.673004150390625e-05,4.887580871582031e-05,0.00086212158203125,0.00022125244140625,0.0004673004150390625,0.0003261566162109375,0.0001888275146484375,0.00011205673217773438,0.000400543212890625,0.0001468658447265625,0.000537872314453125,0.0005645751953125
step_1162_q_0,0.000286102294921875,0.87890625,0.00262451171875,0.00506591796875,0.00262451171875,0.00140380859375,0.002105712890625,0.0264892578125,0.00433349609375,0.000415802001953125,0.0021820068359375,0.00016307830810546875,0.000965118408203125,0.0025482177734375,0.00102996826171875,0.002044677734375,0.005401611328125,0.003173828125,0.002105712890625,0.003173828125,0.0004558563232421875,0.0010986328125,0.001861572265625,0.000827789306640625,0.003936767578125,0.0015411376953125,0.00445556640625,0.000827789306640625,0.000965118408203125,0.001129150390625,0.002105712890625,0.003265380859375,0.004058837890625,0.003936767578125,0.00347900390625,0.001129150390625,0.0037078857421875,0.01422119140625
step_1163_q_0,5.21540641784668e-06,0.62890625,3.218650817871094e-05,5.269050598144531e-05,0.00012683868408203125,7.104873657226562e-05,1.609325408935547e-05,8.58306884765625e-06,6.29425048828125e-05,0.000209808349609375,0.0002288818359375,0.0006866455078125,0.00017833709716796875,0.000583648681640625,9.059906005859375e-05,0.0005035400390625,0.000385284423828125,0.0004329681396484375,0.00042724609375,0.000247955322265625,0.000244140625,0.000263214111328125,0.000507354736328125,0.004180908203125,0.00107574462890625,0.0020294189453125,0.000720977783203125,0.00034332275390625,0.000835418701171875,0.003936767578125,0.01904296875,0.0098876953125,0.0048828125,0.002655029296875,0.14453125,0.054931640625,0.07763671875,0.037841796875
step_1164_q_0,0.000621795654296875,0.6015625,0.0021820068359375,0.00885009765625,0.00592041015625,0.00433349609375,0.0027008056640625,0.004608154296875,0.01141357421875,0.001617431640625,0.01007080078125,0.000965118408203125,0.006500244140625,0.0234375,0.02197265625,0.0234375,0.01416015625,0.0103759765625,0.009765625,0.00445556640625,0.0018310546875,0.0023956298828125,0.01141357421875,0.0067138671875,0.001495361328125,0.004058837890625,0.001922607421875,0.00118255615234375,0.00167083740234375,0.0078125,0.018798828125,0.0177001953125,0.01556396484375,0.0133056640625,0.048095703125,0.048095703125,0.0177001953125,0.009765625
step_1165_q_0,0.00011873245239257812,0.6796875,0.0028228759765625,0.005279541015625,0.0030364990234375,0.00213623046875,0.00115966796875,0.001312255859375,0.00341796875,0.000850677490234375,0.00579833984375,0.000743865966796875,0.001068115234375,0.008056640625,0.0108642578125,0.0108642578125,0.0021514892578125,0.00148773193359375,0.0022125244140625,0.000736236572265625,0.00099945068359375,0.0015411376953125,0.003204345703125,0.002899169921875,0.0013427734375,0.006378173828125,0.008056640625,0.005462646484375,0.01373291015625,0.00689697265625,0.037353515625,0.01190185546875,0.041015625,0.0654296875,0.0184326171875,0.023681640625,0.005035400390625,0.0015869140625
step_1166_q_0,1.4483928680419922e-05,0.16015625,6.818771362304688e-05,0.000396728515625,0.000362396240234375,0.00136566162109375,0.001129150390625,0.0006866455078125,0.0002231597900390625,2.3245811462402344e-05,0.0002727508544921875,0.0002841949462890625,0.000263214111328125,0.00170135498046875,0.00080108642578125,0.00049591064453125,0.002716064453125,0.0002956390380859375,0.00098419189453125,0.0062255859375,0.0011138916015625,0.0004100799560546875,0.000606536865234375,5.793571472167969e-05,0.000732421875,0.00080108642578125,0.00017261505126953125,5.316734313964844e-05,4.792213439941406e-05,0.000457763671875,0.0037689208984375,0.0027618408203125,0.0023651123046875,0.0003566741943359375,0.0004100799560546875,0.006011962890625,0.036865234375,0.765625
step_1167_q_0,0.00023746490478515625,0.82421875,0.00067138671875,0.00063323974609375,0.000835418701171875,0.00046539306640625,0.0006561279296875,0.0019683837890625,0.0031585693359375,0.000202178955078125,0.003814697265625,0.00146484375,0.000255584716796875,0.0005035400390625,7.295608520507812e-05,0.0003376007080078125,0.000484466552734375,0.00016880035400390625,5.316734313964844e-05,0.00010442733764648438,7.200241088867188e-05,0.0003147125244140625,0.000331878662109375,0.0002613067626953125,0.00012683868408203125,0.000659942626953125,5.626678466796875e-05,0.0001220703125,0.0003299713134765625,0.00014781951904296875,0.001800537109375,0.002197265625,0.005035400390625,0.005706787109375,0.0025787353515625,0.0247802734375,0.1015625,0.01556396484375
step_1168_q_0,2.9325485229492188e-05,0.255859375,0.0006103515625,0.003692626953125,0.0021514892578125,0.0004520416259765625,4.673004150390625e-05,0.002685546875,0.0009918212890625,5.14984130859375e-05,0.0059814453125,0.002777099609375,0.0003299713134765625,0.00872802734375,0.006744384765625,0.00830078125,0.0311279296875,0.00077056884765625,0.0011138916015625,0.006622314453125,0.01318359375,0.01611328125,0.01519775390625,0.0040283203125,0.006195068359375,0.0048828125,0.001556396484375,0.0010833740234375,0.0032958984375,0.033203125,0.0279541015625,0.009521484375,0.0703125,0.01220703125,0.1376953125,0.212890625,0.03369140625,0.057373046875
step_1169_q_0,5.364418029785156e-05,0.470703125,0.05126953125,0.0137939453125,0.004913330078125,0.005218505859375,0.0005340576171875,0.0017242431640625,0.00164794921875,0.0004749298095703125,0.0054931640625,0.006103515625,0.0206298828125,0.1083984375,0.00738525390625,0.02490234375,0.03515625,0.00714111328125,0.002288818359375,0.00141143798828125,0.000888824462890625,0.001129150390625,0.0027618408203125,0.000492095947265625,0.01007080078125,0.01336669921875,0.0022125244140625,0.00183868408203125,0.0004024505615234375,0.00086212158203125,0.0177001953125,0.00531005859375,0.0166015625,0.00946044921875,0.018798828125,0.07666015625,0.0166015625,0.03515625
step_1170_q_0,0.00185394287109375,0.66015625,0.0001678466796875,0.00238037109375,0.00168609619140625,0.00115966796875,0.0015106201171875,0.013671875,0.01458740234375,0.00023365020751953125,0.01324462890625,0.0037994384765625,0.002960205078125,0.0037994384765625,0.01806640625,0.01287841796875,0.007568359375,0.0013580322265625,0.00335693359375,0.003570556640625,0.04345703125,0.04931640625,0.0064697265625,0.00537109375,0.00115966796875,0.00177001953125,0.0020294189453125,0.002777099609375,0.004730224609375,0.03173828125,0.0159912109375,0.002105712890625,0.000873565673828125,0.01171875,0.034912109375,0.008056640625,0.005889892578125,0.00445556640625
step_1171_q_0,9.953975677490234e-06,0.0233154296875,0.0003108978271484375,0.003143310546875,0.002227783203125,0.0036773681640625,0.0003757476806640625,0.004730224609375,0.0016326904296875,3.409385681152344e-05,0.0247802734375,0.09814453125,0.0361328125,0.0634765625,0.0159912109375,0.012451171875,0.36328125,0.005035400390625,0.004180908203125,0.0299072265625,0.07177734375,0.08642578125,0.0233154296875,0.00127410888671875,0.0205078125,0.008544921875,0.004730224609375,0.00518798828125,0.005340576171875,0.033935546875,0.0030517578125,0.0003528594970703125,0.00144195556640625,0.00179290771484375,0.008056640625,0.0113525390625,0.00109100341796875,0.019287109375
step_1172_q_0,0.00030517578125,0.6796875,0.0120849609375,0.03173828125,0.03173828125,0.0159912109375,0.0037994384765625,0.00518798828125,0.007568359375,0.0002498626708984375,0.0233154296875,0.003631591796875,0.0019073486328125,0.0240478515625,0.00148773193359375,0.01806640625,0.008544921875,0.001373291015625,0.000835418701171875,0.0004425048828125,0.00091552734375,0.000339508056640625,0.00133514404296875,0.000255584716796875,0.0003185272216796875,0.0233154296875,0.00064849853515625,0.0003566741943359375,0.0030517578125,0.002227783203125,0.0032958984375,0.001251220703125,0.007568359375,0.00830078125,0.0169677734375,0.04345703125,0.006256103515625,0.007568359375
step_1173_q_0,8.535385131835938e-05,0.90234375,0.00026702880859375,0.00075531005859375,0.00058746337890625,0.00090789794921875,0.003509521484375,0.00830078125,0.0030059814453125,9.250640869140625e-05,0.007110595703125,0.0016326904296875,0.0001926422119140625,0.0022735595703125,0.00116729736328125,0.00146484375,0.002655029296875,0.002227783203125,0.0024871826171875,0.00146484375,0.0014190673828125,0.00103759765625,0.0022735595703125,0.00128936767578125,0.00153350830078125,0.000644683837890625,0.00101470947265625,0.000682830810546875,0.003509521484375,0.001251220703125,0.004058837890625,0.0019378662109375,0.0072021484375,0.00830078125,0.00335693359375,0.0120849609375,0.004058837890625,0.003204345703125
step_1174_q_0,0.000766754150390625,0.65625,0.0017852783203125,0.006622314453125,0.0028533935546875,0.00390625,0.0030364990234375,0.01275634765625,0.004425048828125,0.000896453857421875,0.007293701171875,0.0174560546875,0.00933837890625,0.00994873046875,0.0017852783203125,0.01025390625,0.078125,0.021728515625,0.0010528564453125,0.00152587890625,0.000957489013671875,0.002227783203125,0.002593994140625,0.001434326171875,0.008544921875,0.0042724609375,0.0027618408203125,0.000766754150390625,0.0020294189453125,0.0010528564453125,0.002593994140625,0.00750732421875,0.00994873046875,0.006622314453125,0.00909423828125,0.01275634765625,0.00823974609375,0.06494140625
step_1175_q_0,0.00012493133544921875,0.6796875,0.000331878662109375,0.00074005126953125,0.00106048583984375,0.000690460205078125,0.0004405975341796875,0.0032958984375,0.002593994140625,0.00029754638671875,0.0036773681640625,0.0036773681640625,0.0018463134765625,0.00616455078125,0.005615234375,0.00732421875,0.0211181640625,0.00921630859375,0.0032501220703125,0.007080078125,0.00677490234375,0.0113525390625,0.005035400390625,0.002716064453125,0.001556396484375,0.0021209716796875,0.00159454345703125,0.001007080078125,0.00153350830078125,0.0037994384765625,0.02392578125,0.0079345703125,0.0164794921875,0.00634765625,0.0289306640625,0.052490234375,0.033935546875,0.034912109375
step_1176_q_0,0.0002651214599609375,0.70703125,0.0021820068359375,0.0213623046875,0.007598876953125,0.01177978515625,0.007598876953125,0.031005859375,0.02490234375,0.00116729736328125,0.06982421875,0.0107421875,0.00506591796875,0.0181884765625,0.00445556640625,0.00836181640625,0.01611328125,0.0023956298828125,0.0015411376953125,0.0025482177734375,0.001922607421875,0.003265380859375,0.0035858154296875,0.0007781982421875,0.000965118408203125,0.0037078857421875,0.00058746337890625,4.8160552978515625e-05,0.0002593994140625,0.00128173828125,0.0028839111328125,0.0002803802490234375,0.000705718994140625,0.0006256103515625,0.01336669921875,0.00433349609375,0.00347900390625,0.0047607421875
step_1177_q_0,0.00049591064453125,0.20703125,0.0028076171875,0.0130615234375,0.0128173828125,0.013916015625,0.042236328125,0.076171875,0.062255859375,0.001922607421875,0.083984375,0.0038299560546875,0.00433349609375,0.019287109375,0.01434326171875,0.01904296875,0.00531005859375,0.0322265625,0.006622314453125,0.001068115234375,0.0023193359375,0.00189208984375,0.00677490234375,0.0031280517578125,0.0322265625,0.013916015625,0.01806640625,0.010986328125,0.05859375,0.00738525390625,0.04345703125,0.0267333984375,0.0162353515625,0.048583984375,0.0703125,0.0130615234375,0.0019989013671875,0.00128936767578125
step_1178_q_0,5.7220458984375e-06,0.06201171875,2.467632293701172e-05,0.0003681182861328125,0.00021648406982421875,0.000690460205078125,0.000804901123046875,0.000591278076171875,0.00022411346435546875,3.248453140258789e-06,0.0002384185791015625,0.0003681182861328125,0.000885009765625,0.004791259765625,0.000858306884765625,0.00099945068359375,0.0006256103515625,5.650520324707031e-05,3.9577484130859375e-05,0.000732421875,0.000335693359375,0.00021648406982421875,0.0004730224609375,1.8596649169921875e-05,0.0001239776611328125,0.001556396484375,7.2479248046875e-05,5.7220458984375e-06,2.8014183044433594e-05,0.0003814697265625,0.001373291015625,0.0004177093505859375,0.00372314453125,0.0002307891845703125,0.0018768310546875,0.027587890625,0.130859375,0.75390625
step_1179_q_0,0.0002994537353515625,0.462890625,0.0004291534423828125,0.005462646484375,0.006011962890625,0.00482177734375,0.0115966796875,0.0286865234375,0.0185546875,0.00142669677734375,0.014404296875,0.00927734375,0.0185546875,0.016357421875,0.006378173828125,0.014404296875,0.0230712890625,0.0126953125,0.002838134765625,0.003021240234375,0.00311279296875,0.01019287109375,0.006195068359375,0.001220703125,0.00142669677734375,0.003021240234375,0.00043487548828125,0.00010347366333007812,0.00250244140625,0.0032196044921875,0.011962890625,0.00958251953125,0.0223388671875,0.03466796875,0.015869140625,0.0517578125,0.10302734375,0.058837890625
step_1180_q_0,2.5391578674316406e-05,0.478515625,0.00095367431640625,0.00173187255859375,0.000579833984375,0.0006561279296875,0.000789642333984375,0.01055908203125,0.0023651123046875,0.000339508056640625,0.01275634765625,0.0306396484375,0.025390625,0.039306640625,0.01025390625,0.0068359375,0.039306640625,0.019775390625,0.0022125244140625,0.0020904541015625,0.0040283203125,0.004852294921875,0.00152587890625,9.918212890625e-05,0.0025177001953125,0.02880859375,4.029273986816406e-05,2.6702880859375e-05,0.001434326171875,0.025390625,0.006622314453125,0.00130462646484375,0.0027618408203125,0.001190185546875,0.06103515625,0.06884765625,0.025390625,0.078125
step_1181_q_0,0.00011539459228515625,0.6328125,0.0012054443359375,0.006622314453125,0.0029296875,0.00152587890625,0.000629425048828125,0.0068359375,0.0037078857421875,0.00058746337890625,0.006011962890625,0.007049560546875,0.00823974609375,0.015380859375,0.004150390625,0.0191650390625,0.015869140625,0.00592041015625,0.00101470947265625,0.0021514892578125,0.0011138916015625,0.00531005859375,0.006317138671875,0.00164794921875,0.0038299560546875,0.00750732421875,0.000568389892578125,0.00013637542724609375,0.0021820068359375,0.005157470703125,0.01025390625,0.0021514892578125,0.015869140625,0.00592041015625,0.026123046875,0.05712890625,0.048828125,0.05712890625
step_1182_q_0,0.0022125244140625,0.57421875,0.000934600830078125,0.00701904296875,0.00311279296875,0.003997802734375,0.005126953125,0.0230712890625,0.006805419921875,0.00104522705078125,0.00872802734375,0.016357421875,0.0108642578125,0.0115966796875,0.00823974609375,0.011962890625,0.0269775390625,0.00872802734375,0.00341796875,0.00933837890625,0.005126953125,0.007720947265625,0.0108642578125,0.0047607421875,0.00701904296875,0.0025787353515625,0.00164031982421875,0.0006866455078125,0.00445556640625,0.01397705078125,0.03466796875,0.005645751953125,0.0026702880859375,0.004547119140625,0.0245361328125,0.0252685546875,0.05517578125,0.04296875
step_1183_q_0,3.123283386230469e-05,0.13671875,0.00167083740234375,0.0174560546875,0.005645751953125,0.005157470703125,0.00439453125,0.007720947265625,0.00823974609375,0.00201416015625,0.060791015625,0.06884765625,0.0537109375,0.08837890625,0.03564453125,0.0238037109375,0.0238037109375,0.007049560546875,0.003326416015625,0.0203857421875,0.00640869140625,0.0185546875,0.0123291015625,0.0037689208984375,0.00183868408203125,0.05029296875,0.00125885009765625,0.00142669677734375,0.0123291015625,0.0458984375,0.0238037109375,0.002288818359375,0.007049560546875,0.0286865234375,0.13671875,0.05029296875,0.011962890625,0.0096435546875
step_1184_q_0,0.0001373291015625,0.70703125,0.01422119140625,0.0067138671875,0.0057373046875,0.00946044921875,0.01141357421875,0.00714111328125,0.007598876953125,0.0027923583984375,0.0057373046875,0.00142669677734375,0.0206298828125,0.0078125,0.001922607421875,0.005218505859375,0.00714111328125,0.001617431640625,0.00032806396484375,0.0004634857177734375,0.001953125,0.003936767578125,0.0013427734375,0.00109100341796875,0.000415802001953125,0.01422119140625,0.000850677490234375,0.000518798828125,0.01556396484375,0.00125885009765625,0.002471923828125,0.0030670166015625,0.00213623046875,0.0017242431640625,0.018798828125,0.054443359375,0.031982421875,0.0213623046875
step_1185_q_0,4.291534423828125e-06,0.984375,0.00010395050048828125,0.000843048095703125,0.0004100799560546875,0.0003414154052734375,0.0014801025390625,0.0014801025390625,0.000843048095703125,0.00012683868408203125,0.00061798095703125,0.00098419189453125,0.0001850128173828125,0.000171661376953125,0.0001468658447265625,0.000156402587890625,0.0002231597900390625,8.726119995117188e-05,7.82012939453125e-05,9.632110595703125e-05,0.00020694732666015625,0.0001468658447265625,0.00023365020751953125,4.76837158203125e-05,4.076957702636719e-05,0.0002574920654296875,7.343292236328125e-05,5.316734313964844e-05,0.00016307830810546875,0.000301361083984375,0.00020694732666015625,0.00017642974853515625,0.000560760498046875,0.0008697509765625,0.00046539306640625,0.00115203857421875,0.00115203857421875,0.00130462646484375
step_1186_q_0,0.0001316070556640625,0.92578125,0.002685546875,0.005859375,0.00183868408203125,0.0015716552734375,0.0021514892578125,0.004150390625,0.002685546875,0.0027618408203125,0.0028533935546875,0.005859375,0.003662109375,0.0017852783203125,0.00037384033203125,0.00101470947265625,0.0021514892578125,0.00095367431640625,0.0003986358642578125,0.000843048095703125,0.00052642822265625,0.001190185546875,0.00046539306640625,0.0003204345703125,0.00162506103515625,0.0027618408203125,0.00115203857421875,0.0003204345703125,0.00067901611328125,0.0003509521484375,0.00061798095703125,0.00024127960205078125,0.00051116943359375,0.00046539306640625,0.002227783203125,0.0004100799560546875,0.002227783203125,0.015869140625
step_1187_q_0,3.933906555175781e-05,0.56640625,4.315376281738281e-05,8.106231689453125e-05,0.0002040863037109375,0.0003814697265625,0.00010395050048828125,7.915496826171875e-05,0.0001506805419921875,8.916854858398438e-05,0.0007476806640625,3.3855438232421875e-05,0.000213623046875,0.001953125,0.0001583099365234375,0.0005340576171875,0.000308990478515625,0.000255584716796875,0.00041961669921875,4.935264587402344e-05,6.628036499023438e-05,0.0003185272216796875,0.000606536865234375,0.001983642578125,0.00167083740234375,0.00067901611328125,0.0013427734375,0.00058746337890625,0.000873565673828125,0.002349853515625,0.00799560546875,0.006103515625,0.0067138671875,0.00946044921875,0.06591796875,0.08984375,0.2021484375,0.02734375
step_1188_q_0,6.866455078125e-05,0.80859375,0.00091552734375,0.01116943359375,0.00677490234375,0.00543212890625,0.00188446044921875,0.004241943359375,0.00396728515625,0.00086212158203125,0.03125,0.0072021484375,0.005126953125,0.01226806640625,0.00396728515625,0.004241943359375,0.0034027099609375,0.0027313232421875,0.00110626220703125,0.000537872314453125,0.0002498626708984375,0.0006103515625,0.0009765625,0.00011491775512695312,0.00010633468627929688,0.002410888671875,0.0001430511474609375,3.170967102050781e-05,0.000713348388671875,0.00160980224609375,0.0086669921875,0.000888824462890625,0.00160980224609375,0.001007080078125,0.0260009765625,0.0244140625,0.01019287109375,0.005279541015625
step_1189_q_0,9.584426879882812e-05,0.31640625,0.000469207763671875,0.0037384033203125,0.001068115234375,0.002227783203125,0.00909423828125,0.04150390625,0.006256103515625,0.0016326904296875,0.01116943359375,0.005340576171875,0.0084228515625,0.0162353515625,0.01171875,0.035400390625,0.0322265625,0.046875,0.005523681640625,0.00153350830078125,0.0064697265625,0.0159912109375,0.013671875,0.00518798828125,0.0260009765625,0.0032958984375,0.0294189453125,0.021484375,0.09033203125,0.006561279296875,0.0267333984375,0.021484375,0.021484375,0.08251953125,0.033203125,0.0152587890625,0.0106201171875,0.0130615234375
step_1190_q_0,1.233816146850586e-05,0.0849609375,7.867813110351562e-05,0.0005035400390625,9.34600830078125e-05,0.0002040863037109375,0.000713348388671875,0.00012159347534179688,9.775161743164062e-05,1.8551945686340332e-06,0.0001277923583984375,0.00016117095947265625,0.000335693359375,0.000885009765625,0.000370025634765625,9.489059448242188e-05,5.078315734863281e-05,6.031990051269531e-05,2.7179718017578125e-05,6.723403930664062e-05,0.0003261566162109375,0.0002040863037109375,8.0108642578125e-05,4.380941390991211e-06,5.751848220825195e-06,0.000667572021484375,3.075599670410156e-05,2.7865171432495117e-06,5.745887756347656e-05,0.00012969970703125,0.00128936767578125,0.00146484375,0.00091552734375,0.000591278076171875,0.0011749267578125,0.0037384033203125,0.042724609375,0.859375
step_1191_q_0,0.00021457672119140625,0.4375,0.000972747802734375,0.002288818359375,0.0018768310546875,0.001373291015625,0.004425048828125,0.0062255859375,0.00244140625,0.00390625,0.004425048828125,0.001434326171875,0.002410888671875,0.00139617919921875,0.00390625,0.00121307373046875,0.000354766845703125,0.0002384185791015625,0.000362396240234375,0.000476837158203125,0.000972747802734375,0.0020599365234375,0.000667572021484375,0.0004177093505859375,7.534027099609375e-05,0.0021514892578125,0.00042724609375,0.0005035400390625,0.006439208984375,0.000926971435546875,0.00396728515625,0.0419921875,0.01806640625,0.0810546875,0.01318359375,0.0255126953125,0.2578125,0.06689453125
step_1192_q_0,0.000102996826171875,0.6328125,0.016357421875,0.001220703125,0.0018310546875,0.001007080078125,0.00055694580078125,0.004974365234375,0.007232666015625,0.0013580322265625,0.0123291015625,0.0098876953125,0.01904296875,0.01019287109375,0.003631591796875,0.01055908203125,0.0023193359375,0.006805419921875,0.00177001953125,0.00078582763671875,0.00054168701171875,0.01055908203125,0.006195068359375,0.001983642578125,0.0005950927734375,0.0252685546875,0.003997802734375,0.00347900390625,0.005828857421875,0.00188446044921875,0.01153564453125,0.01055908203125,0.00927734375,0.01904296875,0.0732421875,0.0245361328125,0.004119873046875,0.04443359375
step_1193_q_0,8.916854858398438e-05,0.470703125,0.0005950927734375,0.0012054443359375,0.00154876708984375,0.00095367431640625,0.0003986358642578125,0.00439453125,0.000461578369140625,0.0001316070556640625,0.000576019287109375,0.0020599365234375,0.001220703125,0.0012054443359375,0.00080108642578125,0.00116729736328125,0.000789642333984375,0.00093841552734375,0.0003528594970703125,0.0002994537353515625,0.000255584716796875,0.0012054443359375,0.00091552734375,0.00112152099609375,0.00177001953125,0.00136566162109375,0.000293731689453125,0.0001010894775390625,0.000713348388671875,0.000701904296875,0.00360107421875,0.004608154296875,0.006622314453125,0.007720947265625,0.0257568359375,0.0986328125,0.1962890625,0.158203125
step_1194_q_0,4.410743713378906e-05,0.46875,0.000568389892578125,0.0011444091796875,0.00133514404296875,0.0057373046875,0.01007080078125,0.008056640625,0.001129150390625,0.00102996826171875,0.00034332275390625,0.001220703125,0.00106048583984375,0.000514984130859375,0.00131988525390625,0.00125885009765625,0.0029754638671875,0.003814697265625,0.00106048583984375,0.002044677734375,0.00109100341796875,0.000751495361328125,0.0003376007080078125,0.0002899169921875,0.000823974609375,0.00174713134765625,0.0057373046875,0.0016632080078125,0.00119781494140625,0.0002613067626953125,0.00133514404296875,0.002166748046875,0.01611328125,0.0048828125,0.00171661376953125,0.01214599609375,0.02001953125,0.4140625
step_1195_q_0,3.2901763916015625e-05,0.96484375,0.0005340576171875,0.001800537109375,0.0005340576171875,0.000934600830078125,0.0024566650390625,0.00433349609375,0.000774383544921875,0.0027008056640625,0.003692626953125,0.0029754638671875,0.000823974609375,0.0024566650390625,0.00011682510375976562,0.00119781494140625,0.0002899169921875,0.00018978118896484375,0.000263214111328125,6.67572021484375e-05,3.886222839355469e-05,0.00015544891357421875,4.6253204345703125e-05,4.792213439941406e-05,5.698204040527344e-05,0.000965118408203125,3.886222839355469e-05,0.000469207763671875,0.0002117156982421875,0.00018405914306640625,0.000240325927734375,0.00011682510375976562,0.000202178955078125,0.000621795654296875,0.000339508056640625,0.000484466552734375,0.002044677734375,0.00433349609375
step_1196_q_0,0.0004367828369140625,0.875,0.00151824951171875,0.002960205078125,0.00125885009765625,0.0002841949462890625,0.000743865966796875,0.0009765625,0.00069427490234375,0.000762939453125,0.0081787109375,0.0019683837890625,0.00335693359375,0.006591796875,0.002960205078125,0.005279541015625,0.00286865234375,0.005035400390625,0.00860595703125,0.007354736328125,0.005279541015625,0.0035247802734375,0.00177001953125,0.00116729736328125,0.002105712890625,0.004302978515625,0.0045166015625,0.003631591796875,0.0019683837890625,0.0035247802734375,0.0020751953125,0.005889892578125,0.004058837890625,0.007110595703125,0.0031585693359375,0.00146484375,0.005279541015625,0.00194549560546875
step_1197_q_0,7.3909759521484375e-06,0.98046875,0.00037384033203125,0.002593994140625,0.003997802734375,0.00081634521484375,0.0013427734375,0.00022602081298828125,0.00095367431640625,0.00177764892578125,0.002593994140625,0.000743865966796875,0.00063323974609375,0.0010833740234375,3.266334533691406e-05,9.441375732421875e-05,1.919269561767578e-05,2.7894973754882812e-05,5.054473876953125e-05,4.601478576660156e-05,0.0001506805419921875,7.152557373046875e-06,7.581710815429688e-05,1.1548399925231934e-06,9.546056389808655e-08,0.00022602081298828125,7.078051567077637e-07,1.214444637298584e-06,2.652406692504883e-06,7.82012939453125e-05,5.054473876953125e-05,1.9073486328125e-06,2.384185791015625e-05,4.559755325317383e-06,1.1265277862548828e-05,9.1552734375e-05,4.887580871582031e-05,2.110004425048828e-05
step_1198_q_0,7.486343383789062e-05,0.8984375,0.0001850128173828125,0.000213623046875,0.0003795623779296875,7.43865966796875e-05,0.0002231597900390625,0.0001049041748046875,0.0004177093505859375,0.00051116943359375,0.006439208984375,0.004150390625,0.004547119140625,0.002685546875,0.0020294189453125,0.00173187255859375,0.0010833740234375,0.00116729736328125,0.002593994140625,0.0010528564453125,0.0014801025390625,0.005157470703125,0.0004444122314453125,0.000720977783203125,0.0002956390380859375,0.0030364990234375,0.000885009765625,0.00135040283203125,0.00136566162109375,0.00075531005859375,0.0023651123046875,0.005340576171875,0.003448486328125,0.03271484375,0.004150390625,0.001434326171875,0.0062255859375,0.002685546875
step_1199_q_0,7.486343383789062e-05,0.435546875,0.0001678466796875,0.00124359130859375,0.00170135498046875,0.001190185546875,0.000514984130859375,0.0004138946533203125,0.00067138671875,0.001190185546875,0.004425048828125,0.0017852783203125,0.001953125,0.0037689208984375,0.0023193359375,0.004913330078125,0.005859375,0.00244140625,0.0040283203125,0.00189971923828125,0.00034332275390625,0.00116729736328125,0.0062255859375,0.006622314453125,0.0037078857421875,0.0013275146484375,0.0054931640625,0.00750732421875,0.0032806396484375,0.00823974609375,0.04443359375,0.0174560546875,0.0380859375,0.01446533203125,0.0537109375,0.1376953125,0.048828125,0.125
step_1200_q_0,8.249282836914062e-05,0.0595703125,7.867813110351562e-05,0.000774383544921875,0.00054168701171875,0.043701171875,0.01708984375,0.001129150390625,0.000232696533203125,2.7894973754882812e-05,8.630752563476562e-05,0.00024127960205078125,0.01251220703125,0.00022220611572265625,0.00140380859375,0.002166748046875,0.0009918212890625,0.0012969970703125,0.032958984375,0.00119781494140625,0.044921875,0.0595703125,0.000682830810546875,0.0281982421875,0.00118255615234375,0.0166015625,0.00335693359375,0.01104736328125,0.0478515625,0.000812530517578125,0.043701171875,0.044921875,0.2216796875,0.0113525390625,0.001983642578125,0.055908203125,0.044921875,0.00147247314453125,0.18359375
step_1201_q_0,6.961822509765625e-05,1.5974044799804688e-05,0.00011110305786132812,0.0001430511474609375,0.00022792816162109375,0.0002079010009765625,0.000171661376953125,8.535385131835938e-05,4.935264587402344e-05,0.00013637542724609375,8.916854858398438e-05,0.00022792816162109375,0.0003414154052734375,0.000331878662109375,0.0003108978271484375,0.000171661376953125,0.0001773834228515625,0.0001430511474609375,0.000194549560546875,0.00018310546875,0.0004119873046875,0.00022792816162109375,0.000301361083984375,0.000331878662109375,0.00026702880859375,0.000301361083984375,0.000331878662109375,0.000438690185546875,0.000438690185546875,0.0020294189453125,0.004302978515625,0.003570556640625,0.01031494140625,0.008056640625,0.06298828125,0.1611328125,0.38671875,0.30078125,0.052490234375
step_1202_q_0,0.00015926361083984375,0.042724609375,0.027587890625,0.0244140625,0.0294189453125,0.010498046875,0.0084228515625,0.00160980224609375,0.020263671875,0.00872802734375,0.03125,0.0167236328125,0.03125,0.040283203125,0.003509521484375,0.062255859375,0.0184326171875,0.01434326171875,0.010498046875,0.0076904296875,0.003509521484375,0.0079345703125,0.07080078125,0.01434326171875,0.00872802734375,0.00110626220703125,0.0027313232421875,0.0079345703125,0.01348876953125,0.1591796875,0.004364013671875,0.01434326171875,0.01080322265625,0.017822265625,0.2177734375,0.0076904296875,0.01153564453125,0.0045166015625,0.01190185546875
step_1203_q_0,0.000469207763671875,0.0654296875,0.0074462890625,0.0072021484375,0.0059814453125,0.002166748046875,0.0019989013671875,0.002410888671875,0.01458740234375,0.0024871826171875,0.0181884765625,0.0059814453125,0.006072998046875,0.1611328125,0.0240478515625,0.076171875,0.0155029296875,0.0084228515625,0.0181884765625,0.004241943359375,0.013671875,0.01324462890625,0.059326171875,0.0247802734375,0.006988525390625,0.00390625,0.008056640625,0.004119873046875,0.00830078125,0.042236328125,0.0255126953125,0.0186767578125,0.01287841796875,0.0255126953125,0.1513671875,0.076171875,0.0272216796875,0.0113525390625,0.017578125
step_1204_q_0,0.0004787445068359375,0.74609375,0.00185394287109375,0.003143310546875,0.0016632080078125,0.000644683837890625,0.00093841552734375,0.00238037109375,0.003631591796875,0.00185394287109375,0.004241943359375,0.00104522705078125,0.001373291015625,0.0072021484375,0.01171875,0.003997802734375,0.0198974609375,0.0038604736328125,0.006988525390625,0.006561279296875,0.00518798828125,0.002166748046875,0.0159912109375,0.0024871826171875,0.0084228515625,0.01287841796875,0.005523681640625,0.007568359375,0.003631591796875,0.010986328125,0.002960205078125,0.002960205078125,0.0030517578125,0.00457763671875,0.00579833984375,0.0164794921875,0.008056640625,0.0120849609375,0.038330078125
step_1205_q_0,0.0009613037109375,0.201171875,0.0035247802734375,0.0419921875,0.0159912109375,0.0162353515625,0.033203125,0.0810546875,0.034912109375,0.0033721923828125,0.0244140625,0.00112152099609375,0.00555419921875,0.0084228515625,0.0260009765625,0.01434326171875,0.01806640625,0.012451171875,0.0120849609375,0.01953125,0.034912109375,0.04931640625,0.0189208984375,0.0079345703125,0.0030059814453125,0.00732421875,0.005340576171875,0.00738525390625,0.068359375,0.0147705078125,0.01007080078125,0.013671875,0.017822265625,0.0419921875,0.034912109375,0.0155029296875,0.00738525390625,0.0198974609375,0.046875
step_1206_q_0,5.1975250244140625e-05,0.94921875,0.0004482269287109375,0.000812530517578125,0.00087738037109375,0.0002994537353515625,0.0001811981201171875,0.000728607177734375,0.000789642333984375,1.3589859008789062e-05,0.000499725341796875,5.424022674560547e-06,0.000244140625,0.0003452301025390625,0.00032806396484375,0.000705718994140625,0.000507354736328125,0.0002803802490234375,0.00118255615234375,0.00118255615234375,0.0026702880859375,0.0025787353515625,0.000652313232421875,0.0002899169921875,0.0001201629638671875,0.00022602081298828125,0.0003604888916015625,0.00014591217041015625,0.0036468505859375,0.0011444091796875,0.001129150390625,0.00125885009765625,0.00109100341796875,0.0032196044921875,0.000949859619140625,0.007232666015625,0.003021240234375,0.005462646484375,0.006011962890625
step_1207_q_0,8.678436279296875e-05,0.01446533203125,0.0185546875,0.0203857421875,0.00799560546875,0.016357421875,0.0014495849609375,0.00799560546875,0.0203857421875,0.0123291015625,0.17578125,0.00167083740234375,0.07568359375,0.058837890625,0.01446533203125,0.0537109375,0.06494140625,0.0203857421875,0.009033203125,0.001983642578125,0.0230712890625,0.04443359375,0.02099609375,0.0062255859375,0.03564453125,0.026123046875,0.0032196044921875,0.016357421875,0.0185546875,0.025390625,0.00848388671875,0.0021820068359375,0.000896453857421875,0.0135498046875,0.0191650390625,0.015380859375,0.00994873046875,0.0306396484375,0.0830078125
step_1208_q_0,0.0045166015625,0.703125,0.042236328125,0.0272216796875,0.005615234375,0.005615234375,0.000499725341796875,0.00168609619140625,0.0038604736328125,0.000213623046875,0.021240234375,0.002655029296875,0.000732421875,0.025634765625,0.00099945068359375,0.003570556640625,0.005035400390625,0.0004138946533203125,0.000568389892578125,5.269050598144531e-05,0.00095367431640625,0.000606536865234375,0.000461578369140625,0.0011444091796875,0.000499725341796875,0.0159912109375,0.0003108978271484375,0.00110626220703125,0.000293731689453125,0.000583648681640625,0.004180908203125,0.0022430419921875,0.00156402587890625,0.032958984375,0.0181884765625,0.0247802734375,0.01458740234375,0.010986328125,0.013671875
step_1209_q_0,1.6927719116210938e-05,0.99609375,6.079673767089844e-05,6.198883056640625e-05,0.00011014938354492188,0.00019931793212890625,0.00030517578125,0.0001506805419921875,0.00020885467529296875,6.139278411865234e-06,0.0003452301025390625,5.364418029785156e-05,3.7997961044311523e-06,5.125999450683594e-05,1.5497207641601562e-05,3.314018249511719e-05,2.658367156982422e-05,7.62939453125e-06,2.372264862060547e-05,4.601478576660156e-05,3.743171691894531e-05,1.5974044799804688e-05,4.9591064453125e-05,6.29425048828125e-05,6.884336471557617e-06,3.743171691894531e-05,2.4199485778808594e-05,2.193450927734375e-05,0.0001373291015625,5.2928924560546875e-05,0.000148773193359375,0.00010538101196289062,7.2479248046875e-05,7.009506225585938e-05,7.43865966796875e-05,6.198883056640625e-05,0.000148773193359375,0.00010347366333007812,0.0001373291015625
step_1210_q_0,0.0004253387451171875,0.87109375,0.00112152099609375,0.003662109375,0.001434326171875,0.0010833740234375,0.001434326171875,0.00909423828125,0.00518798828125,0.00022029876708984375,0.00244140625,0.000362396240234375,0.0019683837890625,0.00390625,0.0023651123046875,0.002288818359375,0.0023651123046875,0.0010833740234375,0.00115203857421875,0.000362396240234375,0.00048065185546875,0.00157928466796875,0.0012664794921875,0.0003204345703125,0.00139617919921875,0.000926971435546875,0.00152587890625,0.0003108978271484375,0.00135040283203125,0.00173187255859375,0.00139617919921875,0.0028533935546875,0.003662109375,0.0140380859375,0.004302978515625,0.00067901611328125,0.0030364990234375,0.006256103515625,0.040771484375
step_1211_q_0,4.172325134277344e-06,0.6484375,1.9073486328125e-05,1.728534698486328e-05,7.390975952148438e-05,2.7060508728027344e-05,1.5497207641601562e-05,1.5497207641601562e-05,7.390975952148438e-05,0.0001239776611328125,7.82012939453125e-05,0.00028228759765625,6.67572021484375e-05,0.00018310546875,6.961822509765625e-05,0.0003948211669921875,0.0002346038818359375,0.00021457672119140625,0.000331878662109375,0.00023937225341796875,0.0003337860107421875,0.0003032684326171875,0.0002727508544921875,0.0011444091796875,0.000522613525390625,0.0010528564453125,0.000667572021484375,0.0004329681396484375,0.0016326904296875,0.0026092529296875,0.00457763671875,0.0098876953125,0.005615234375,0.0029144287109375,0.068359375,0.044189453125,0.07763671875,0.11669921875,0.00927734375
step_1212_q_0,0.00112152099609375,0.609375,0.005462646484375,0.0303955078125,0.013916015625,0.005615234375,0.001007080078125,0.0020751953125,0.0157470703125,0.0014190673828125,0.022216796875,0.003753662109375,0.005279541015625,0.033447265625,0.028564453125,0.032470703125,0.0196533203125,0.005126953125,0.004974365234375,0.00191497802734375,0.0010223388671875,0.0010223388671875,0.004974365234375,0.002349853515625,0.00250244140625,0.0126953125,0.00112152099609375,0.000640869140625,0.00060272216796875,0.0035247802734375,0.0126953125,0.0098876953125,0.006378173828125,0.005462646484375,0.0517578125,0.022216796875,0.0084228515625,0.004974365234375,0.0029144287109375
step_1213_q_0,0.0002651214599609375,0.48828125,0.00177001953125,0.005096435546875,0.005767822265625,0.005157470703125,0.0028076171875,0.006439208984375,0.01385498046875,0.000560760498046875,0.01806640625,0.00176239013671875,0.000644683837890625,0.00653076171875,0.0118408203125,0.00799560546875,0.0037841796875,0.0029449462890625,0.0040283203125,0.00080108642578125,0.0023193359375,0.0024871826171875,0.00494384765625,0.00494384765625,0.00250244140625,0.00408935546875,0.0089111328125,0.009521484375,0.06396484375,0.0250244140625,0.056396484375,0.01544189453125,0.041259765625,0.1123046875,0.033203125,0.0164794921875,0.0033416748046875,0.003662109375,0.0010986328125
step_1214_q_0,1.1980533599853516e-05,0.1337890625,0.00011968612670898438,0.000316619873046875,0.0002384185791015625,0.000598907470703125,0.000537872314453125,0.00122833251953125,0.00051116943359375,3.719329833984375e-05,0.0002040863037109375,3.552436828613281e-05,4.315376281738281e-05,0.00079345703125,0.000957489013671875,0.001434326171875,0.000843048095703125,9.059906005859375e-05,6.580352783203125e-05,0.0003204345703125,0.00057220458984375,0.000843048095703125,0.000820159912109375,5.1975250244140625e-05,5.984306335449219e-05,0.00029754638671875,8.7738037109375e-05,6.151199340820312e-05,8.296966552734375e-05,0.0002536773681640625,0.001312255859375,0.0005645751953125,0.0010528564453125,0.0025177001953125,0.0009002685546875,0.002227783203125,0.0040283203125,0.024658203125,0.81640625
step_1215_q_0,0.00029754638671875,0.6484375,0.000537872314453125,0.00103759765625,0.0023345947265625,0.00128936767578125,0.0008087158203125,0.00168609619140625,0.00616455078125,0.00011348724365234375,0.00494384765625,0.0030975341796875,0.000537872314453125,0.00148773193359375,0.000438690185546875,0.002685546875,0.00128936767578125,0.000583648681640625,0.0001964569091796875,0.0002918243408203125,0.00016117095947265625,0.0003662109375,0.0009307861328125,0.00103759765625,0.000530242919921875,0.0019683837890625,0.000438690185546875,0.0002593994140625,0.00014781951904296875,0.0003337860107421875,0.0045166015625,0.00127410888671875,0.0152587890625,0.0020904541015625,0.005615234375,0.0267333984375,0.1494140625,0.0849609375,0.02587890625
step_1216_q_0,5.054473876953125e-05,0.5078125,0.0011444091796875,0.006378173828125,0.0037078857421875,0.000759124755859375,7.343292236328125e-05,0.0062255859375,0.0047607421875,0.000209808349609375,0.0230712890625,0.003570556640625,0.000629425048828125,0.0177001953125,0.0191650390625,0.0181884765625,0.036376953125,0.001800537109375,0.0025177001953125,0.00341796875,0.00439453125,0.00738525390625,0.0194091796875,0.003082275390625,0.00732421875,0.01025390625,0.0018768310546875,0.0010833740234375,0.004058837890625,0.04443359375,0.014892578125,0.00543212890625,0.0177001953125,0.00787353515625,0.07958984375,0.05908203125,0.0162353515625,0.0230712890625,0.01348876953125
step_1217_q_0,5.4836273193359375e-06,0.251953125,0.0002727508544921875,0.0011138916015625,0.00093841552734375,0.0007171630859375,0.00010061264038085938,0.00106048583984375,0.00098419189453125,5.155801773071289e-06,0.00159454345703125,0.0008544921875,0.0004711151123046875,0.0033721923828125,0.0013427734375,0.003265380859375,0.01141357421875,0.001861572265625,0.0001468658447265625,0.0003337860107421875,0.0008544921875,0.001220703125,0.0023956298828125,0.000263214111328125,0.00506591796875,0.001953125,0.001953125,0.00130462646484375,0.00012302398681640625,0.00051116943359375,0.00592041015625,0.00262451171875,0.12255859375,0.01611328125,0.00738525390625,0.043701171875,0.0166015625,0.44140625,0.045166015625
step_1218_q_0,0.000431060791015625,0.84375,8.344650268554688e-05,0.0012054443359375,0.00128936767578125,0.0012054443359375,0.0012054443359375,0.003662109375,0.0054931640625,6.914138793945312e-05,0.0050048828125,0.00128936767578125,0.00083160400390625,0.00141143798828125,0.0050048828125,0.0037841796875,0.002593994140625,0.000843048095703125,0.0021514892578125,0.002593994140625,0.00933837890625,0.015869140625,0.0040283203125,0.0025177001953125,0.00079345703125,0.000606536865234375,0.00154876708984375,0.00154876708984375,0.0020294189453125,0.00994873046875,0.0068359375,0.0020904541015625,0.003448486328125,0.008544921875,0.00994873046875,0.00750732421875,0.01092529296875,0.007049560546875,0.0128173828125
step_1219_q_0,2.3484230041503906e-05,0.1396484375,0.00128936767578125,0.00634765625,0.0032806396484375,0.00396728515625,0.000972747802734375,0.0069580078125,0.00396728515625,0.00010728836059570312,0.03759765625,0.035400390625,0.0250244140625,0.10205078125,0.035400390625,0.041259765625,0.130859375,0.00396728515625,0.00408935546875,0.018310546875,0.051513671875,0.0341796875,0.041259765625,0.004364013671875,0.0228271484375,0.018310546875,0.007415771484375,0.004364013671875,0.005584716796875,0.042724609375,0.011474609375,0.00141143798828125,0.00494384765625,0.004486083984375,0.027587890625,0.0250244140625,0.00787353515625,0.0267333984375,0.056396484375
step_1220_q_0,0.000560760498046875,0.5,0.0213623046875,0.045166015625,0.036376953125,0.01177978515625,0.0013427734375,0.00421142578125,0.01214599609375,0.000339508056640625,0.039794921875,0.01214599609375,0.005218505859375,0.07421875,0.0031280517578125,0.030029296875,0.032958984375,0.000812530517578125,0.000789642333984375,0.00147247314453125,0.01104736328125,0.0027618408203125,0.00433349609375,0.0007781982421875,0.00118255615234375,0.0791015625,0.00098419189453125,0.00029754638671875,0.00180816650390625,0.005218505859375,0.002838134765625,0.0004215240478515625,0.004608154296875,0.003265380859375,0.012939453125,0.0103759765625,0.0024261474609375,0.005218505859375,0.01513671875
step_1221_q_0,8.630752563476562e-05,0.92578125,0.0003147125244140625,0.000514984130859375,0.0003871917724609375,0.000885009765625,0.00225830078125,0.00384521484375,0.0020904541015625,0.000152587890625,0.00384521484375,0.00121307373046875,0.00016880035400390625,0.0012664794921875,0.00080108642578125,0.001495361328125,0.00139617919921875,0.0020904541015625,0.0030975341796875,0.0016326904296875,0.00153350830078125,0.001678466796875,0.0026397705078125,0.001312255859375,0.00074005126953125,0.00079345703125,0.001251220703125,0.000804901123046875,0.0025634765625,0.001251220703125,0.003448486328125,0.001678466796875,0.00421142578125,0.00469970703125,0.0034027099609375,0.00787353515625,0.0021209716796875,0.001220703125,0.0021514892578125
step_1222_q_0,0.0003757476806640625,0.703125,0.00127410888671875,0.003936767578125,0.0026092529296875,0.00457763671875,0.0091552734375,0.012451171875,0.0091552734375,0.0005645751953125,0.0078125,0.005035400390625,0.003692626953125,0.005035400390625,0.000904083251953125,0.0034637451171875,0.01068115234375,0.00628662109375,0.000583648681640625,0.000476837158203125,0.000408172607421875,0.00148773193359375,0.00139617919921875,0.000682830810546875,0.0015869140625,0.0031585693359375,0.00148773193359375,0.000408172607421875,0.00191497802734375,0.0010528564453125,0.0032501220703125,0.007568359375,0.01287841796875,0.008544921875,0.00689697265625,0.0218505859375,0.0198974609375,0.0308837890625,0.083984375
step_1223_q_0,0.00011920928955078125,0.71875,0.0001888275146484375,0.0004062652587890625,0.000514984130859375,0.000274658203125,0.0001239776611328125,0.00098419189453125,0.0007781982421875,0.00020599365234375,0.00115966796875,0.00154876708984375,0.0020599365234375,0.005157470703125,0.00433349609375,0.00421142578125,0.01202392578125,0.0028533935546875,0.00083160400390625,0.0037841796875,0.0030364990234375,0.006134033203125,0.00193023681640625,0.000682830810546875,0.000797271728515625,0.00135040283203125,0.000579833984375,0.000423431396484375,0.0006866455078125,0.00170135498046875,0.006744384765625,0.0034942626953125,0.01446533203125,0.0038909912109375,0.021728515625,0.04736328125,0.02880859375,0.06103515625,0.03369140625
step_1224_q_0,0.00022125244140625,0.5234375,0.0028228759765625,0.028564453125,0.0157470703125,0.0157470703125,0.01019287109375,0.048583984375,0.02685546875,0.00182342529296875,0.07080078125,0.013916015625,0.013916015625,0.040283203125,0.01153564453125,0.0244140625,0.021484375,0.00543212890625,0.0027313232421875,0.0019378662109375,0.0019989013671875,0.0029144287109375,0.0079345703125,0.0015106201171875,0.00213623046875,0.013916015625,0.001068115234375,7.867813110351562e-05,0.00067138671875,0.00543212890625,0.0079345703125,0.00057220458984375,0.00121307373046875,0.001068115234375,0.035400390625,0.01263427734375,0.0074462890625,0.0098876953125,0.0079345703125
step_1225_q_0,0.001068115234375,0.314453125,0.004425048828125,0.0211181640625,0.0142822265625,0.013427734375,0.018310546875,0.0439453125,0.0380859375,0.00150299072265625,0.052978515625,0.00823974609375,0.01092529296875,0.0301513671875,0.026611328125,0.02880859375,0.013427734375,0.0191650390625,0.006683349609375,0.002685546875,0.004150390625,0.00408935546875,0.00909423828125,0.003204345703125,0.0262451171875,0.029296875,0.01202392578125,0.005584716796875,0.0311279296875,0.0076904296875,0.0306396484375,0.013427734375,0.01495361328125,0.029296875,0.07958984375,0.01544189453125,0.003814697265625,0.004852294921875,0.0045166015625
step_1226_q_0,5.632638931274414e-06,0.099609375,4.57763671875e-05,0.000507354736328125,0.000141143798828125,0.00021839141845703125,0.000762939453125,0.000946044921875,0.000370025634765625,7.450580596923828e-06,0.0001544952392578125,0.0001277923583984375,0.0002117156982421875,0.0020751953125,0.0014190673828125,0.003631591796875,0.00035858154296875,3.910064697265625e-05,7.927417755126953e-06,0.00014972686767578125,0.000507354736328125,0.000507354736328125,0.00107574462890625,2.777576446533203e-05,3.552436828613281e-05,0.0011444091796875,5.8650970458984375e-05,8.344650268554688e-06,3.790855407714844e-05,0.000186920166015625,0.00032806396484375,0.00013637542724609375,0.0020751953125,0.000946044921875,0.003631591796875,0.0081787109375,0.01190185546875,0.023681640625,0.8359375
step_1227_q_0,6.246566772460938e-05,0.40234375,0.0002727508544921875,0.002471923828125,0.001922607421875,0.0021209716796875,0.00170135498046875,0.004486083984375,0.005584716796875,0.0005035400390625,0.006317138671875,0.0023956298828125,0.00921630859375,0.00946044921875,0.00299072265625,0.00592041015625,0.0067138671875,0.0021820068359375,0.00075531005859375,0.00145721435546875,0.00070953369140625,0.001922607421875,0.00225830078125,0.000560760498046875,0.0008544921875,0.0017547607421875,0.0003681182861328125,6.723403930664062e-05,0.000244140625,0.000881195068359375,0.003173828125,0.004913330078125,0.03759765625,0.01422119140625,0.00592041015625,0.061767578125,0.130859375,0.1396484375,0.123046875
step_1228_q_0,1.0907649993896484e-05,0.333984375,0.00090789794921875,0.00099945068359375,0.0004425048828125,0.000415802001953125,0.000881195068359375,0.00738525390625,0.0021820068359375,0.0001583099365234375,0.0177001953125,0.00262451171875,0.012939453125,0.06591796875,0.024169921875,0.0146484375,0.015625,0.02197265625,0.001129150390625,0.0002727508544921875,0.00093841552734375,0.0028839111328125,0.0028839111328125,0.00019073486328125,0.003936767578125,0.0234375,5.984306335449219e-05,3.838539123535156e-05,0.0038299560546875,0.02734375,0.01422119140625,0.003936767578125,0.003265380859375,0.001861572265625,0.1572265625,0.08447265625,0.015625,0.08447265625,0.045166015625
step_1229_q_0,5.1975250244140625e-05,0.53515625,0.0004673004150390625,0.002899169921875,0.002197265625,0.00144195556640625,0.0004215240478515625,0.003509521484375,0.0019989013671875,0.00012683868408203125,0.0016021728515625,0.00165557861328125,0.0026092529296875,0.005096435546875,0.005096435546875,0.00921630859375,0.00634765625,0.0024871826171875,0.000438690185546875,0.0010528564453125,0.00153350830078125,0.003143310546875,0.004364013671875,0.0014190673828125,0.00244140625,0.0024871826171875,0.0007476806640625,0.00020599365234375,0.0030059814453125,0.0031890869140625,0.007659912109375,0.003509521484375,0.035400390625,0.0084228515625,0.0322265625,0.09326171875,0.06591796875,0.1025390625,0.042724609375
step_1230_q_0,0.00012111663818359375,0.81640625,0.00152587890625,0.003143310546875,0.0021209716796875,0.00323486328125,0.001708984375,0.002685546875,0.002685546875,0.00077056884765625,0.0033416748046875,0.00189971923828125,0.0035552978515625,0.005340576171875,0.000843048095703125,0.00390625,0.0029449462890625,0.0011749267578125,0.00061798095703125,0.000629425048828125,0.000278472900390625,0.0009002685546875,0.00145721435546875,0.000957489013671875,0.00103759765625,0.003143310546875,0.00099945068359375,0.00051116943359375,0.000629425048828125,0.00457763671875,0.007537841796875,0.000885009765625,0.00225830078125,0.00128936767578125,0.0106201171875,0.0262451171875,0.03271484375,0.023193359375,0.0211181640625
step_1231_q_0,3.814697265625e-05,0.0546875,0.00019168853759765625,0.002410888671875,0.0016021728515625,0.00099945068359375,0.0034942626953125,0.0086669921875,0.00299072265625,9.5367431640625e-05,0.01519775390625,0.0250244140625,0.015625,0.0322265625,0.0228271484375,0.020751953125,0.038818359375,0.00787353515625,0.00372314453125,0.00921630859375,0.00653076171875,0.0172119140625,0.0125732421875,0.00145721435546875,0.0026397705078125,0.01953125,0.00128936767578125,0.00099945068359375,0.00299072265625,0.03125,0.02587890625,0.005950927734375,0.00787353515625,0.005096435546875,0.10888671875,0.09033203125,0.0498046875,0.1396484375,0.203125
step_1232_q_0,0.0001926422119140625,0.8203125,0.0272216796875,0.006072998046875,0.00335693359375,0.00445556640625,0.00164031982421875,0.0027008056640625,0.0032501220703125,0.000659942626953125,0.0022735595703125,0.0025787353515625,0.006683349609375,0.00445556640625,0.00110626220703125,0.0025787353515625,0.00628662109375,0.0035247802734375,0.00087738037109375,0.0010223388671875,0.00445556640625,0.003631591796875,0.000774383544921875,0.0004444122314453125,0.0004367828369140625,0.010986328125,0.0003719329833984375,0.0003108978271484375,0.01171875,0.000946044921875,0.00177001953125,0.002044677734375,0.00133514404296875,0.000774383544921875,0.00445556640625,0.01287841796875,0.010986328125,0.008056640625,0.0206298828125
step_1233_q_0,5.662441253662109e-06,0.95703125,0.0002040863037109375,0.0020294189453125,0.00101470947265625,0.00046539306640625,0.00130462646484375,0.0012664794921875,0.0021514892578125,0.0003414154052734375,0.0033416748046875,0.00077056884765625,0.00037384033203125,0.0008697509765625,0.00122833251953125,0.000560760498046875,0.0003108978271484375,0.00019741058349609375,0.0002918243408203125,0.00019168853759765625,0.0004520416259765625,0.0004119873046875,0.000598907470703125,0.00010395050048828125,8.916854858398438e-05,0.00048065185546875,9.202957153320312e-05,9.34600830078125e-05,0.000598907470703125,0.00101470947265625,0.000820159912109375,0.000701904296875,0.0023651123046875,0.004150390625,0.0023651123046875,0.0033416748046875,0.004302978515625,0.0018463134765625,0.00390625
step_1234_q_0,1.1086463928222656e-05,0.90625,0.000965118408203125,0.0021820068359375,0.000751495361328125,0.00174713134765625,0.006103515625,0.00946044921875,0.00421142578125,0.0008544921875,0.0023956298828125,0.00159454345703125,0.0007781982421875,0.00102996826171875,0.0001678466796875,0.00066375732421875,0.000606536865234375,0.000499725341796875,0.00019073486328125,0.00010824203491210938,7.009506225585938e-05,0.0002689361572265625,0.0001964569091796875,0.00018405914306640625,0.0004425048828125,0.000965118408203125,0.00018405914306640625,5.984306335449219e-05,0.0005340576171875,0.00014400482177734375,0.00054931640625,0.00023651123046875,0.0003147125244140625,0.00066375732421875,0.0012054443359375,0.00131988525390625,0.0014495849609375,0.0021820068359375,0.048095703125
step_1235_q_0,6.735324859619141e-06,0.421875,9.655952453613281e-06,5.841255187988281e-06,2.1576881408691406e-05,3.9577484130859375e-05,2.2649765014648438e-05,5.0067901611328125e-05,0.00011873245239257812,2.7298927307128906e-05,0.00024127960205078125,1.341104507446289e-05,5.316734313964844e-05,0.00021648406982421875,3.838539123535156e-05,7.82012939453125e-05,0.00010967254638671875,3.695487976074219e-05,0.00014400482177734375,7.05718994140625e-05,6.67572021484375e-05,7.200241088867188e-05,0.000141143798828125,0.0001316070556640625,0.000148773193359375,0.0004138946533203125,0.00096893310546875,0.0004444122314453125,0.00098419189453125,0.00128173828125,0.0020904541015625,0.00531005859375,0.009033203125,0.00823974609375,0.035888671875,0.044677734375,0.2734375,0.1708984375,0.0224609375
step_1236_q_0,3.3855438232421875e-05,0.67578125,0.000926971435546875,0.00567626953125,0.004150390625,0.00244140625,0.000926971435546875,0.0028533935546875,0.0038909912109375,0.000896453857421875,0.03173828125,0.00775146484375,0.016357421875,0.0262451171875,0.007049560546875,0.01446533203125,0.004852294921875,0.00244140625,0.0013427734375,0.00051116943359375,0.0002956390380859375,0.0010833740234375,0.0020904541015625,0.00012493133544921875,0.0001468658447265625,0.00775146484375,0.00012302398681640625,1.990795135498047e-05,0.000560760498046875,0.0028533935546875,0.01275634765625,0.000843048095703125,0.000843048095703125,0.000843048095703125,0.06298828125,0.0458984375,0.0224609375,0.00933837890625,0.0185546875
step_1237_q_0,0.00010728836059570312,0.388671875,0.000732421875,0.00138092041015625,0.0004291534423828125,0.0006256103515625,0.001007080078125,0.00689697265625,0.00139617919921875,0.000659942626953125,0.005279541015625,0.004241943359375,0.0120849609375,0.0155029296875,0.0164794921875,0.025634765625,0.0205078125,0.0181884765625,0.0034027099609375,0.0010528564453125,0.007568359375,0.0164794921875,0.021240234375,0.01068115234375,0.03173828125,0.004302978515625,0.019287109375,0.010986328125,0.055908203125,0.0133056640625,0.05078125,0.038330078125,0.0299072265625,0.0654296875,0.04931640625,0.01068115234375,0.0155029296875,0.01416015625,0.01031494140625
step_1238_q_0,5.3942203521728516e-06,0.046875,0.00019168853759765625,0.00121307373046875,4.1484832763671875e-05,1.3232231140136719e-05,0.0003795623779296875,9.059906005859375e-05,0.0001239776611328125,1.3232231140136719e-05,7.62939453125e-05,2.6345252990722656e-05,6.914138793945312e-05,9.34600830078125e-05,0.00048828125,0.00010919570922851562,1.0967254638671875e-05,2.384185791015625e-06,2.039596438407898e-07,6.593763828277588e-07,2.6345252990722656e-05,0.0001125335693359375,4.3392181396484375e-05,2.3543834686279297e-06,5.885958671569824e-07,0.000392913818359375,8.881092071533203e-06,1.043081283569336e-06,2.288818359375e-05,3.4809112548828125e-05,6.103515625e-05,7.05718994140625e-05,0.0002880096435546875,0.0006256103515625,0.00103759765625,0.0002689361572265625,0.000537872314453125,0.00634765625,0.94140625
step_1239_q_0,2.777576446533203e-05,0.48046875,0.0003414154052734375,0.0004520416259765625,0.0002899169921875,0.000537872314453125,0.0008697509765625,0.001556396484375,0.0004520416259765625,0.00112152099609375,0.0010833740234375,0.000667572021484375,0.0017852783203125,0.000606536865234375,0.0018463134765625,0.0003814697265625,0.00018405914306640625,0.000194549560546875,0.00016498565673828125,0.0003261566162109375,0.000274658203125,0.000972747802734375,0.00014019012451171875,0.00017833709716796875,0.00014591217041015625,0.0010833740234375,0.0004730224609375,0.0003414154052734375,0.0035552978515625,0.00019741058349609375,0.0009002685546875,0.0096435546875,0.0087890625,0.03271484375,0.00390625,0.023193359375,0.1376953125,0.0693359375,0.212890625
step_1240_q_0,7.772445678710938e-05,0.72265625,0.00390625,0.000782012939453125,0.000690460205078125,0.000782012939453125,0.000732421875,0.003662109375,0.0035552978515625,0.000278472900390625,0.00157928466796875,0.00909423828125,0.007080078125,0.0025177001953125,0.0013885498046875,0.003143310546875,0.00152587890625,0.0023651123046875,0.002593994140625,0.00064849853515625,0.000926971435546875,0.0174560546875,0.00135040283203125,0.000720977783203125,0.0003871917724609375,0.0027618408203125,0.004150390625,0.0021514892578125,0.01202392578125,0.000553131103515625,0.005157470703125,0.00457763671875,0.003143310546875,0.01495361328125,0.0255126953125,0.0205078125,0.0062255859375,0.09765625,0.01239013671875
step_1241_q_0,5.269050598144531e-05,0.1376953125,0.0002498626708984375,0.000537872314453125,0.0003833770751953125,0.000522613525390625,0.0004787445068359375,0.00787353515625,0.0003986358642578125,9.870529174804688e-05,0.0003108978271484375,0.000904083251953125,0.0005950927734375,0.0010986328125,0.000858306884765625,0.0019989013671875,0.0023345947265625,0.001678466796875,0.000507354736328125,0.00013446807861328125,0.0003528594970703125,0.000583648681640625,0.0003204345703125,0.00020313262939453125,0.00799560546875,0.0003910064697265625,0.000858306884765625,8.916854858398438e-05,0.00046539306640625,0.00018405914306640625,0.001007080078125,0.0034942626953125,0.076171875,0.01202392578125,0.0145263671875,0.0419921875,0.05908203125,0.59765625,0.02392578125
step_1242_q_0,6.437301635742188e-05,0.59765625,0.00162506103515625,0.0026702880859375,0.0013427734375,0.0025177001953125,0.014892578125,0.00823974609375,0.0013427734375,0.0054931640625,0.00095367431640625,0.00115203857421875,0.0015716552734375,0.00145721435546875,0.0037689208984375,0.0035400390625,0.001953125,0.00145721435546875,0.000743865966796875,0.0012054443359375,0.0010833740234375,0.00115203857421875,0.000911712646484375,0.00124359130859375,0.0008544921875,0.002288818359375,0.0042724609375,0.005828857421875,0.00567626953125,0.0012054443359375,0.0030364990234375,0.00799560546875,0.0115966796875,0.0185546875,0.0031280517578125,0.009033203125,0.0262451171875,0.024658203125,0.2197265625
step_1243_q_0,1.2516975402832031e-05,0.94140625,0.0019989013671875,0.0020599365234375,0.00128936767578125,0.00121307373046875,0.000858306884765625,0.006744384765625,0.005767822265625,0.0016021728515625,0.00299072265625,0.0028228759765625,0.0028228759765625,0.005767822265625,0.000335693359375,0.004241943359375,0.0011749267578125,0.000347137451171875,0.000335693359375,0.00017452239990234375,3.838539123535156e-05,0.0002384185791015625,0.000446319580078125,0.000335693359375,0.000553131103515625,0.00128936767578125,3.7670135498046875e-05,0.000156402587890625,0.00014019012451171875,0.0019989013671875,0.000522613525390625,0.0001201629638671875,0.000713348388671875,0.000446319580078125,0.0024871826171875,0.000885009765625,0.001068115234375,0.0024871826171875,0.0016021728515625
step_1244_q_0,0.00010061264038085938,0.86328125,0.00048828125,0.00064849853515625,0.000736236572265625,0.0003108978271484375,0.00019359588623046875,0.0012054443359375,0.0007476806640625,0.00032806396484375,0.0057373046875,0.00140380859375,0.004974365234375,0.00701904296875,0.0026702880859375,0.01123046875,0.0029296875,0.00136566162109375,0.003997802734375,0.00726318359375,0.002471923828125,0.005828857421875,0.00347900390625,0.0022125244140625,0.00180816650390625,0.00555419921875,0.0017242431640625,0.00201416015625,0.00439453125,0.00872802734375,0.0047607421875,0.004669189453125,0.00958251953125,0.009033203125,0.007476806640625,0.00080108642578125,0.003936767578125,0.0016937255859375,0.001983642578125
step_1245_q_0,2.8312206268310547e-06,0.9921875,0.000484466552734375,0.00060272216796875,0.000640869140625,0.0004405975341796875,0.0009918212890625,0.00024318695068359375,0.0009918212890625,0.000904083251953125,0.00131988525390625,8.153915405273438e-05,0.0001430511474609375,0.00022125244140625,9.715557098388672e-06,4.100799560546875e-05,9.59634780883789e-06,3.874301910400391e-06,2.9087066650390625e-05,9.179115295410156e-06,3.8623809814453125e-05,9.238719940185547e-07,3.409385681152344e-05,9.909272193908691e-07,2.6263296604156494e-07,0.00025177001953125,2.3562461137771606e-07,4.380941390991211e-06,2.86102294921875e-06,9.5367431640625e-05,8.392333984375e-05,7.525086402893066e-07,9.59634780883789e-06,1.1548399925231934e-06,1.6570091247558594e-05,6.151199340820312e-05,2.3365020751953125e-05,6.109476089477539e-06,2.2292137145996094e-05
step_1246_q_0,3.591179847717285e-06,0.953125,7.2479248046875e-05,5.841255187988281e-05,0.00014209747314453125,2.396106719970703e-05,1.9550323486328125e-05,1.6450881958007812e-05,5.4836273193359375e-05,0.000156402587890625,0.00189971923828125,0.0010528564453125,0.0025177001953125,0.00122833251953125,0.00152587890625,0.00049591064453125,0.0001373291015625,0.000213623046875,0.00049591064453125,0.00012969970703125,0.0014801025390625,0.00173187255859375,0.00012159347534179688,0.000423431396484375,1.8477439880371094e-05,0.00052642822265625,8.487701416015625e-05,0.0002269744873046875,0.00122833251953125,0.000385284423828125,0.000698089599609375,0.0013885498046875,0.0006561279296875,0.01361083984375,0.002227783203125,0.000766754150390625,0.0020294189453125,0.0003299713134765625,0.00750732421875
step_1247_q_0,0.00014209747314453125,0.41796875,0.0009918212890625,0.004425048828125,0.00677490234375,0.001708984375,0.00112152099609375,0.00103759765625,0.0026092529296875,0.0010528564453125,0.0081787109375,0.00157928466796875,0.0040283203125,0.01385498046875,0.0084228515625,0.0147705078125,0.00494384765625,0.0034027099609375,0.00616455078125,0.006561279296875,0.0008087158203125,0.0019683837890625,0.006988525390625,0.006561279296875,0.0034027099609375,0.003143310546875,0.00897216796875,0.0086669921875,0.006988525390625,0.0086669921875,0.050048828125,0.025146484375,0.033203125,0.00982666015625,0.09619140625,0.050048828125,0.07275390625,0.087890625,0.00897216796875
step_1248_q_0,3.329478204250336e-08,1.7583370208740234e-06,2.0503997802734375e-05,8.630752563476562e-05,0.234375,1.7523765563964844e-05,3.844499588012695e-06,0.00101470947265625,8.106231689453125e-05,4.3213367462158203e-07,3.814697265625e-05,6.612390279769897e-08,4.076957702636719e-05,4.76837158203125e-05,9.489059448242188e-05,0.00051116943359375,0.00750732421875,4.947185516357422e-06,1.4960765838623047e-05,0.0556640625,5.424022674560547e-06,8.821487426757812e-06,0.33984375,3.1888484954833984e-06,0.008544921875,1.8905848264694214e-07,3.719329833984375e-05,3.084540367126465e-06,1.3649463653564453e-05,0.33984375,6.139278411865234e-06,5.0067901611328125e-06,1.4066696166992188e-05,3.039836883544922e-06,0.000698089599609375,4.076957702636719e-05,1.239776611328125e-05,0.00909423828125,5.0067901611328125e-06,0.0014801025390625
step_1249_q_0,0.00031280517578125,0.00011491775512695312,0.00023937225341796875,0.00016498565673828125,0.0002117156982421875,0.0004558563232421875,0.000492095947265625,0.000652313232421875,0.000247955322265625,0.0003662109375,0.00014495849609375,0.0002803802490234375,0.00110626220703125,0.00089263916015625,0.00125885009765625,0.000919342041015625,0.00055694580078125,0.0003833770751953125,0.00086212158203125,0.001220703125,0.003753662109375,0.00147247314453125,0.000576019287109375,0.000492095947265625,0.000576019287109375,0.0020751953125,0.00177001953125,0.00177001953125,0.00194549560546875,0.00274658203125,0.00482177734375,0.00701904296875,0.01019287109375,0.00897216796875,0.05859375,0.08544921875,0.1923828125,0.359375,0.169921875,0.0751953125
step_1250_q_0,0.000247955322265625,0.279296875,0.01904296875,0.016845703125,0.017333984375,0.01483154296875,0.0098876953125,0.005615234375,0.01348876953125,0.01116943359375,0.0260009765625,0.02294921875,0.0208740234375,0.023681640625,0.005126953125,0.0260009765625,0.020263671875,0.0162353515625,0.00872802734375,0.01019287109375,0.00958251953125,0.013916015625,0.0625,0.01019287109375,0.006591796875,0.00213623046875,0.0045166015625,0.0081787109375,0.01531982421875,0.0966796875,0.01190185546875,0.017333984375,0.0081787109375,0.0184326171875,0.080078125,0.0098876953125,0.017333984375,0.0076904296875,0.020263671875,0.0108642578125
step_1251_q_0,0.000682830810546875,0.169921875,0.01104736328125,0.01190185546875,0.00701904296875,0.0028533935546875,0.001983642578125,0.0027923583984375,0.0108642578125,0.0022125244140625,0.0206298828125,0.004974365234375,0.005218505859375,0.13671875,0.02294921875,0.05517578125,0.0179443359375,0.00927734375,0.01190185546875,0.004241943359375,0.0120849609375,0.0126953125,0.032470703125,0.014404296875,0.00885009765625,0.003814697265625,0.007476806640625,0.00482177734375,0.0059814453125,0.0277099609375,0.017578125,0.0166015625,0.01190185546875,0.0206298828125,0.13671875,0.087890625,0.0260009765625,0.017578125,0.014404296875,0.010498046875
step_1252_q_0,0.0005035400390625,0.75,0.0010223388671875,0.0027008056640625,0.00156402587890625,0.0005340576171875,0.000896453857421875,0.002777099609375,0.004180908203125,0.0010833740234375,0.0030059814453125,0.0009613037109375,0.000823974609375,0.004241943359375,0.0079345703125,0.0019683837890625,0.0181884765625,0.0032501220703125,0.00445556640625,0.007568359375,0.006072998046875,0.0027008056640625,0.025634765625,0.0029144287109375,0.00885009765625,0.00677490234375,0.004058837890625,0.005889892578125,0.004058837890625,0.0164794921875,0.003753662109375,0.00238037109375,0.005462646484375,0.005462646484375,0.00335693359375,0.0225830078125,0.007110595703125,0.0155029296875,0.00518798828125,0.0299072265625
step_1253_q_0,0.0002994537353515625,0.3125,0.00372314453125,0.0245361328125,0.0123291015625,0.00860595703125,0.0115966796875,0.05615234375,0.01904296875,0.00098419189453125,0.01251220703125,0.0006256103515625,0.004302978515625,0.01531982421875,0.0264892578125,0.0223388671875,0.039794921875,0.031982421875,0.0115966796875,0.041015625,0.0264892578125,0.03515625,0.0196533203125,0.0081787109375,0.0115966796875,0.006591796875,0.00714111328125,0.00958251953125,0.041015625,0.02197265625,0.01007080078125,0.00701904296875,0.01177978515625,0.02490234375,0.0361328125,0.01251220703125,0.002197265625,0.02001953125,0.016357421875,0.016357421875
step_1254_q_0,0.000301361083984375,0.8828125,0.00225830078125,0.0020599365234375,0.00506591796875,0.00093841552734375,0.00037384033203125,0.00299072265625,0.00506591796875,8.630752563476562e-05,0.0032806396484375,1.823902130126953e-05,0.0021209716796875,0.00116729736328125,0.00113677978515625,0.0034942626953125,0.00116729736328125,0.00154876708984375,0.003387451171875,0.00787353515625,0.009521484375,0.0137939453125,0.00360107421875,0.00154876708984375,0.000324249267578125,0.00145721435546875,0.00113677978515625,0.000644683837890625,0.00299072265625,0.002471923828125,0.00421142578125,0.0017547607421875,0.00225830078125,0.004638671875,0.0025482177734375,0.005767822265625,0.0026397705078125,0.004486083984375,0.006134033203125,0.0021209716796875
step_1255_q_0,5.7697296142578125e-05,0.01214599609375,0.02001953125,0.015625,0.005401611328125,0.012939453125,0.000705718994140625,0.004913330078125,0.012939453125,0.024169921875,0.16796875,0.0021514892578125,0.08154296875,0.052734375,0.01007080078125,0.031005859375,0.043701171875,0.012939453125,0.01007080078125,0.00125885009765625,0.0257568359375,0.05126953125,0.0257568359375,0.0033721923828125,0.04248046875,0.02490234375,0.003173828125,0.0177001953125,0.01422119140625,0.0281982421875,0.007598876953125,0.0012054443359375,0.000652313232421875,0.00714111328125,0.01214599609375,0.01422119140625,0.0103759765625,0.03857421875,0.0927734375,0.05615234375
step_1256_q_0,0.0013580322265625,0.7890625,0.01055908203125,0.0179443359375,0.002471923828125,0.00244140625,0.0006256103515625,0.0023956298828125,0.0032196044921875,0.0003604888916015625,0.0185546875,0.001220703125,0.000797271728515625,0.01092529296875,0.0026702880859375,0.0021514892578125,0.0022125244140625,0.000553131103515625,0.00042724609375,3.910064697265625e-05,0.000244140625,0.0004138946533203125,0.00010061264038085938,0.0003757476806640625,0.0002574920654296875,0.004547119140625,0.0002727508544921875,0.001007080078125,0.00017547607421875,0.0002498626708984375,0.00115203857421875,0.0037689208984375,0.002044677734375,0.026123046875,0.01239013671875,0.0179443359375,0.011962890625,0.005645751953125,0.00946044921875,0.031494140625
step_1257_q_0,2.6464462280273438e-05,0.984375,0.00016117095947265625,0.00046539306640625,0.00046539306640625,0.000560760498046875,0.000362396240234375,0.00037384033203125,0.00189971923828125,5.078315734863281e-05,0.006622314453125,4.76837158203125e-05,1.7762184143066406e-05,0.00024127960205078125,4.7206878662109375e-05,0.000110626220703125,5.650520324707031e-05,1.3649463653564453e-05,4.076957702636719e-05,7.152557373046875e-05,6.4849853515625e-05,6.914138793945312e-05,0.000133514404296875,4.291534423828125e-05,4.291534423828125e-06,4.029273986816406e-05,1.2636184692382812e-05,2.372264862060547e-05,0.000148773193359375,0.000110626220703125,0.000156402587890625,0.00014209747314453125,6.818771362304688e-05,9.1552734375e-05,0.0003986358642578125,0.00011587142944335938,0.00018215179443359375,0.0002460479736328125,0.0003509521484375,0.000926971435546875
step_1258_q_0,0.00043487548828125,0.6953125,0.006195068359375,0.006591796875,0.00872802734375,0.00201416015625,0.003753662109375,0.0286865234375,0.0081787109375,0.0002803802490234375,0.003875732421875,0.0012969970703125,0.00927734375,0.0042724609375,0.004669189453125,0.006195068359375,0.005828857421875,0.00107574462890625,0.000865936279296875,0.0007171630859375,0.0003604888916015625,0.000949859619140625,0.0013427734375,0.0001926422119140625,0.0022125244140625,0.00138092041015625,0.00054168701171875,0.00013065338134765625,0.002349853515625,0.00531005859375,0.00250244140625,0.0004215240478515625,0.00167083740234375,0.004974365234375,0.002838134765625,0.0004482269287109375,0.002838134765625,0.011962890625,0.005828857421875,0.1552734375
step_1259_q_0,2.002716064453125e-05,0.5078125,9.632110595703125e-05,5.1021575927734375e-05,0.00016021728515625,4.076957702636719e-05,4.649162292480469e-05,8.392333984375e-05,0.0005950927734375,0.0004119873046875,0.0005035400390625,0.000423431396484375,0.00020503997802734375,0.000743865966796875,0.000423431396484375,0.00130462646484375,0.0004520416259765625,0.0002994537353515625,0.000576019287109375,0.00118255615234375,0.00188446044921875,0.00160980224609375,0.001068115234375,0.003631591796875,0.00041961669921875,0.0012054443359375,0.00177001953125,0.00138092041015625,0.004669189453125,0.0093994140625,0.0126953125,0.017333984375,0.01483154296875,0.002960205078125,0.1064453125,0.031494140625,0.08251953125,0.140625,0.03662109375,0.0130615234375
step_1260_q_0,0.00180816650390625,0.5703125,0.0213623046875,0.05126953125,0.036376953125,0.0086669921875,0.000675201416015625,0.002716064453125,0.0274658203125,0.00128173828125,0.0771484375,0.006744384765625,0.0047607421875,0.03759765625,0.01953125,0.0201416015625,0.0250244140625,0.0028076171875,0.0028076171875,0.0008544921875,0.0013275146484375,0.00164794921875,0.00299072265625,0.0006561279296875,0.00145721435546875,0.01336669921875,0.00048065185546875,0.00028228759765625,0.00045013427734375,0.0028076171875,0.005950927734375,0.002471923828125,0.0020599365234375,0.002716064453125,0.033203125,0.0047607421875,0.00141143798828125,0.0013275146484375,0.000881195068359375,0.001983642578125
step_1261_q_0,0.000720977783203125,0.376953125,0.0016632080078125,0.0024871826171875,0.00238037109375,0.003997802734375,0.00162506103515625,0.0186767578125,0.012451171875,0.0004425048828125,0.00885009765625,0.0025177001953125,0.005035400390625,0.032958984375,0.017333984375,0.017822265625,0.022216796875,0.01226806640625,0.00579833984375,0.004302978515625,0.00885009765625,0.005615234375,0.00958251953125,0.008544921875,0.00616455078125,0.0084228515625,0.0181884765625,0.0216064453125,0.08154296875,0.055908203125,0.09521484375,0.017822265625,0.012451171875,0.03173828125,0.042236328125,0.01287841796875,0.002593994140625,0.00732421875,0.003173828125,0.000797271728515625
step_1262_q_0,4.6193599700927734e-06,0.0206298828125,5.459785461425781e-05,0.0002593994140625,0.000377655029296875,0.00080108642578125,0.0003452301025390625,0.002716064453125,0.00099945068359375,2.09808349609375e-05,0.00031280517578125,8.726119995117188e-05,8.761882781982422e-06,0.0002765655517578125,0.00020885467529296875,0.0035858154296875,0.003265380859375,0.00022220611572265625,3.147125244140625e-05,4.38690185546875e-05,7.343292236328125e-05,0.000644683837890625,0.00080108642578125,3.8623809814453125e-05,9.870529174804688e-05,0.00058746337890625,4.8160552978515625e-05,7.343292236328125e-05,5.459785461425781e-05,0.00011205673217773438,0.000377655029296875,3.0159950256347656e-05,0.0004291534423828125,0.00093841552734375,0.001129150390625,0.001861572265625,0.0004863739013671875,0.00262451171875,0.07666015625,0.87890625
step_1263_q_0,0.00078582763671875,0.703125,0.00194549560546875,0.004180908203125,0.0038604736328125,0.0023040771484375,0.001129150390625,0.00286865234375,0.0164794921875,0.0003204345703125,0.03857421875,0.00335693359375,0.00106048583984375,0.004058837890625,0.001220703125,0.003570556640625,0.00148773193359375,0.00060272216796875,0.00014019012451171875,0.00017070770263671875,0.000423431396484375,0.00087738037109375,0.0009613037109375,0.000408172607421875,0.0001468658447265625,0.00174713134765625,0.00032806396484375,0.000278472900390625,0.0002288818359375,0.0001983642578125,0.0009918212890625,0.00140380859375,0.00439453125,0.006378173828125,0.00160980224609375,0.00970458984375,0.0164794921875,0.0078125,0.09814453125,0.055908203125
step_1264_q_0,5.173683166503906e-05,0.640625,0.0023040771484375,0.005889892578125,0.0027618408203125,0.0005645751953125,3.910064697265625e-05,0.0033721923828125,0.003662109375,0.00023555755615234375,0.019287109375,0.0023651123046875,0.001800537109375,0.020263671875,0.00726318359375,0.0125732421875,0.0196533203125,0.001007080078125,0.000782012939453125,0.00469970703125,0.004119873046875,0.00848388671875,0.0186767578125,0.0012359619140625,0.0037384033203125,0.023681640625,0.0009765625,0.0003814697265625,0.00128173828125,0.0186767578125,0.0028076171875,0.0008392333984375,0.0048828125,0.00347900390625,0.08251953125,0.034423828125,0.006011962890625,0.0147705078125,0.0067138671875,0.0150146484375
step_1265_q_0,1.5139579772949219e-05,0.94140625,0.0002880096435546875,0.00064849853515625,0.00103759765625,0.0003261566162109375,8.58306884765625e-05,0.000885009765625,0.00135040283203125,4.9591064453125e-05,0.0025634765625,0.000782012939453125,0.00103759765625,0.00121307373046875,0.0014801025390625,0.001373291015625,0.0012664794921875,0.000110626220703125,1.895427703857422e-05,0.000347137451171875,0.0020294189453125,0.003387451171875,0.00299072265625,0.000278472900390625,0.0001888275146484375,0.000782012939453125,0.00012874603271484375,0.00015163421630859375,0.000579833984375,0.000537872314453125,0.000713348388671875,5.364418029785156e-05,0.00157928466796875,0.0026092529296875,0.000637054443359375,0.0027313232421875,0.00157928466796875,0.00165557861328125,0.006134033203125,0.01519775390625
step_1266_q_0,8.392333984375e-05,0.859375,0.000263214111328125,0.00927734375,0.0072021484375,0.0072021484375,0.005126953125,0.0030059814453125,0.0167236328125,0.00042724609375,0.0157470703125,0.0008087158203125,0.00019550323486328125,0.001007080078125,0.0034027099609375,0.0032958984375,0.0002536773681640625,0.0002498626708984375,0.0015106201171875,0.0009918212890625,0.00188446044921875,0.00110626220703125,0.0008087158203125,0.00021457672119140625,5.173683166503906e-05,0.000274658203125,0.0004138946533203125,0.00055694580078125,0.000400543212890625,0.00128936767578125,0.002197265625,0.0019378662109375,0.01080322265625,0.01153564453125,0.0022735595703125,0.0147705078125,0.0074462890625,0.0009918212890625,0.00121307373046875,0.0030059814453125
step_1267_q_0,1.6808509826660156e-05,0.08740234375,0.003509521484375,0.00982666015625,0.005096435546875,0.005615234375,0.001373291015625,0.01043701171875,0.0084228515625,0.0003814697265625,0.056640625,0.027587890625,0.034423828125,0.1357421875,0.04150390625,0.035400390625,0.09912109375,0.00543212890625,0.00384521484375,0.017822265625,0.08740234375,0.068359375,0.0498046875,0.0037384033203125,0.0086669921875,0.00921630859375,0.005096435546875,0.0025634765625,0.007659912109375,0.034423828125,0.0086669921875,0.001373291015625,0.0020599365234375,0.0034027099609375,0.0220947265625,0.0118408203125,0.0025634765625,0.011474609375,0.0167236328125,0.05322265625
step_1268_q_0,0.00052642822265625,0.298828125,0.0252685546875,0.12060546875,0.064453125,0.037841796875,0.006195068359375,0.0157470703125,0.034423828125,0.00066375732421875,0.1318359375,0.00579833984375,0.005462646484375,0.056884765625,0.005462646484375,0.017333984375,0.00927734375,0.00151824951171875,0.00119781494140625,0.00089263916015625,0.00286865234375,0.000652313232421875,0.003814697265625,0.000934600830078125,0.00140380859375,0.04296875,0.00127410888671875,0.000652313232421875,0.0045166015625,0.005126953125,0.005126953125,0.0015411376953125,0.004180908203125,0.00872802734375,0.00701904296875,0.02685546875,0.00701904296875,0.003997802734375,0.01019287109375,0.0216064453125
step_1269_q_0,0.00010776519775390625,0.8515625,0.000759124755859375,0.0015411376953125,0.00106048583984375,0.0017242431640625,0.003997802734375,0.0103759765625,0.0047607421875,0.0001659393310546875,0.01708984375,0.0029754638671875,0.000492095947265625,0.006805419921875,0.00311279296875,0.0037078857421875,0.00341796875,0.005828857421875,0.00555419921875,0.0012054443359375,0.00177764892578125,0.00099945068359375,0.003265380859375,0.0021820068359375,0.00189208984375,0.00180816650390625,0.00174713134765625,0.00104522705078125,0.006195068359375,0.00250244140625,0.005645751953125,0.00174713134765625,0.004119873046875,0.00714111328125,0.00628662109375,0.0146484375,0.003875732421875,0.002349853515625,0.00174713134765625,0.00311279296875
step_1270_q_0,0.00022411346435546875,0.51171875,0.0033416748046875,0.007293701171875,0.007293701171875,0.00909423828125,0.010009765625,0.0159912109375,0.02978515625,0.0010223388671875,0.047607421875,0.00909423828125,0.0028533935546875,0.0145263671875,0.00139617919921875,0.005859375,0.00830078125,0.0030517578125,0.000438690185546875,0.0006103515625,0.00035858154296875,0.0010833740234375,0.00179290771484375,0.000667572021484375,0.00153350830078125,0.007293701171875,0.00135040283203125,0.000213623046875,0.001678466796875,0.00144195556640625,0.0040283203125,0.004425048828125,0.027099609375,0.0224609375,0.01031494140625,0.0262451171875,0.017578125,0.02392578125,0.027099609375,0.1298828125
step_1271_q_0,0.00020122528076171875,0.80078125,0.0014801025390625,0.0020904541015625,0.002288818359375,0.00081634521484375,0.0002613067626953125,0.001434326171875,0.00421142578125,0.0006866455078125,0.0054931640625,0.00153350830078125,0.00653076171875,0.01055908203125,0.007171630859375,0.007171630859375,0.006622314453125,0.002288818359375,0.00119781494140625,0.0038909912109375,0.006317138671875,0.006134033203125,0.0021209716796875,0.00052642822265625,0.0002460479736328125,0.003326416015625,0.00023174285888671875,0.00014400482177734375,0.0005645751953125,0.0015106201171875,0.003662109375,0.00075531005859375,0.00299072265625,0.00099945068359375,0.024169921875,0.0177001953125,0.01611328125,0.0194091796875,0.0166015625,0.00860595703125
step_1272_q_0,0.000453948974609375,0.6484375,0.00897216796875,0.04150390625,0.020263671875,0.025146484375,0.006378173828125,0.02685546875,0.02685546875,0.0020751953125,0.07763671875,0.00958251953125,0.00872802734375,0.02685546875,0.002655029296875,0.007232666015625,0.005615234375,0.000759124755859375,0.000507354736328125,0.0011749267578125,0.00146484375,0.00171661376953125,0.002655029296875,0.0003757476806640625,0.00029754638671875,0.006378173828125,0.00023174285888671875,1.4781951904296875e-05,0.00015735626220703125,0.000946044921875,0.001251220703125,0.00011301040649414062,0.0003948211669921875,0.00026702880859375,0.0108642578125,0.0033111572265625,0.00182342529296875,0.0034027099609375,0.0034027099609375,0.01190185546875
step_1273_q_0,0.00213623046875,0.373046875,0.005615234375,0.01446533203125,0.00811767578125,0.007537841796875,0.015869140625,0.061767578125,0.02197265625,0.0025177001953125,0.04052734375,0.00927734375,0.011962890625,0.031005859375,0.0206298828125,0.0234375,0.01226806640625,0.0380859375,0.019775390625,0.004364013671875,0.005645751953125,0.004852294921875,0.013427734375,0.0054931640625,0.0177001953125,0.01708984375,0.01324462890625,0.005889892578125,0.0296630859375,0.0096435546875,0.033447265625,0.0213623046875,0.005279541015625,0.0206298828125,0.061767578125,0.00323486328125,0.00147247314453125,0.0016632080078125,0.0024566650390625,0.0024566650390625
step_1274_q_0,2.0265579223632812e-05,0.1015625,0.00016689300537109375,0.0023040771484375,0.000514984130859375,0.000453948974609375,0.000774383544921875,0.00286865234375,0.00262451171875,0.00018978118896484375,0.00174713134765625,0.000797271728515625,0.00038909912109375,0.00109100341796875,0.0012359619140625,0.010009765625,0.00140380859375,0.0002288818359375,6.22868537902832e-06,7.915496826171875e-05,0.00017261505126953125,0.0009613037109375,0.002105712890625,0.00011157989501953125,6.151199340820312e-05,0.00148773193359375,2.956390380859375e-05,1.2099742889404297e-05,0.00010156631469726562,0.0002841949462890625,0.000152587890625,2.3365020751953125e-05,0.00087738037109375,0.001312255859375,0.01556396484375,0.0240478515625,0.004180908203125,0.0120849609375,0.1474609375,0.66015625
step_1275_q_0,4.124641418457031e-05,0.08935546875,0.0002765655517578125,0.001312255859375,0.0009918212890625,0.000823974609375,0.00112152099609375,0.0015411376953125,0.004058837890625,0.0003604888916015625,0.0037994384765625,0.0004405975341796875,0.002960205078125,0.0078125,0.002166748046875,0.002532958984375,0.000530242919921875,0.00023174285888671875,0.00010156631469726562,0.00010967254638671875,0.0001697540283203125,0.000484466552734375,0.0003833770751953125,5.555152893066406e-05,6.437301635742188e-05,0.001739501953125,9.679794311523438e-05,3.552436828613281e-05,0.0003032684326171875,0.000469207763671875,0.000904083251953125,0.002532958984375,0.00885009765625,0.010986328125,0.0027008056640625,0.051025390625,0.2578125,0.06982421875,0.453125,0.0164794921875
step_1276_q_0,4.124641418457031e-05,0.353515625,0.00970458984375,0.01031494140625,0.00179290771484375,0.002166748046875,0.0016326904296875,0.01287841796875,0.00518798828125,0.000873565673828125,0.03271484375,0.01409912109375,0.0654296875,0.107421875,0.0218505859375,0.0120849609375,0.0205078125,0.00830078125,0.0010528564453125,0.000492095947265625,0.00168609619140625,0.0048828125,0.00168609619140625,9.822845458984375e-05,0.003570556640625,0.0654296875,5.245208740234375e-05,3.2901763916015625e-05,0.0026092529296875,0.01458740234375,0.00457763671875,0.000797271728515625,0.00139617919921875,0.00127410888671875,0.11474609375,0.042236328125,0.00390625,0.0272216796875,0.01324462890625,0.0150146484375
step_1277_q_0,3.147125244140625e-05,0.494140625,0.0001392364501953125,0.00099945068359375,0.000804901123046875,0.000804901123046875,0.00102996826171875,0.0028533935546875,0.0019683837890625,0.00017642974853515625,0.002899169921875,0.00162506103515625,0.00115203857421875,0.003662109375,0.00323486328125,0.005859375,0.0020599365234375,0.00115203857421875,0.0003147125244140625,0.00115203857421875,0.00046539306640625,0.0012664794921875,0.00128936767578125,0.000553131103515625,0.00058746337890625,0.00145721435546875,0.00012493133544921875,8.344650268554688e-05,0.00116729736328125,0.0019683837890625,0.003387451171875,0.00152587890625,0.007049560546875,0.005859375,0.007293701171875,0.044677734375,0.146484375,0.06103515625,0.1611328125,0.0262451171875
step_1278_q_0,0.000186920166015625,0.625,0.0034332275390625,0.01611328125,0.0089111328125,0.0213623046875,0.0137939453125,0.0089111328125,0.0235595703125,0.0013275146484375,0.0201416015625,0.0018157958984375,0.0034332275390625,0.007171630859375,0.00433349609375,0.00653076171875,0.001678466796875,0.00122833251953125,0.000514984130859375,0.000640869140625,0.000499725341796875,0.00096893310546875,0.001678466796875,0.00183868408203125,0.00130462646484375,0.004852294921875,0.00186920166015625,0.00136566162109375,0.0025177001953125,0.0052490234375,0.00811767578125,0.00113677978515625,0.0050048828125,0.0030364990234375,0.026611328125,0.07958984375,0.0235595703125,0.005401611328125,0.01953125,0.035400390625
step_1279_q_0,0.00011777877807617188,0.0732421875,0.0002956390380859375,0.0023651123046875,0.00075531005859375,0.0007781982421875,0.0023651123046875,0.0040283203125,0.0013885498046875,0.00013828277587890625,0.01275634765625,0.0262451171875,0.039306640625,0.048828125,0.024658203125,0.0185546875,0.01446533203125,0.0031280517578125,0.0015716552734375,0.00726318359375,0.003326416015625,0.009033203125,0.009033203125,0.0015716552734375,0.000606536865234375,0.0458984375,0.0017852783203125,0.0013885498046875,0.0025177001953125,0.0296630859375,0.031494140625,0.004547119140625,0.0087890625,0.00604248046875,0.10693359375,0.06689453125,0.055419921875,0.06884765625,0.2265625,0.036865234375
step_1280_q_0,0.00072479248046875,0.62890625,0.020263671875,0.0208740234375,0.0074462890625,0.0084228515625,0.006988525390625,0.010498046875,0.0076904296875,0.00177001953125,0.005462646484375,0.00445556640625,0.0084228515625,0.0081787109375,0.005126953125,0.006378173828125,0.01904296875,0.0126953125,0.007232666015625,0.0038604736328125,0.010498046875,0.01904296875,0.00457763671875,0.00156402587890625,0.00119781494140625,0.0084228515625,0.00118255615234375,0.00118255615234375,0.0244140625,0.003692626953125,0.004302978515625,0.0079345703125,0.005035400390625,0.00457763671875,0.00579833984375,0.016845703125,0.01531982421875,0.01531982421875,0.0303955078125,0.02294921875
step_1281_q_0,4.076957702636719e-05,0.84765625,0.0004329681396484375,0.00445556640625,0.002960205078125,0.0019073486328125,0.006072998046875,0.0036773681640625,0.004180908203125,0.0010223388671875,0.00335693359375,0.0009307861328125,0.000370025634765625,0.0005645751953125,0.00127410888671875,0.0004062652587890625,0.0001983642578125,0.00017261505126953125,0.0003757476806640625,0.0002498626708984375,0.0009918212890625,0.000370025634765625,0.00023174285888671875,7.104873657226562e-05,0.00015926361083984375,0.00084686279296875,0.00011110305786132812,0.0002593994140625,0.0005645751953125,0.000621795654296875,0.000461578369140625,0.0012359619140625,0.004058837890625,0.0032501220703125,0.00148773193359375,0.00885009765625,0.021240234375,0.01708984375,0.019287109375,0.03955078125
step_1282_q_0,6.556510925292969e-06,0.85546875,0.0012054443359375,0.0047607421875,0.003173828125,0.006744384765625,0.01300048828125,0.0166015625,0.01470947265625,0.000553131103515625,0.006744384765625,0.00145721435546875,0.0008544921875,0.00180816650390625,0.000553131103515625,0.00186920166015625,0.0012054443359375,0.0007781982421875,0.000209808349609375,0.000148773193359375,7.82012939453125e-05,0.00030517578125,0.0003795623779296875,0.0002307891845703125,0.00048828125,0.0010986328125,0.0001354217529296875,5.459785461425781e-05,0.0005340576171875,0.0003147125244140625,0.0004444122314453125,0.00030517578125,0.0010986328125,0.0012054443359375,0.0023193359375,0.006134033203125,0.0052490234375,0.005401611328125,0.01220703125,0.0311279296875
step_1283_q_0,1.0073184967041016e-05,0.5234375,4.076957702636719e-05,1.8477439880371094e-05,3.337860107421875e-05,2.300739288330078e-05,2.5272369384765625e-05,8.869171142578125e-05,0.000354766845703125,0.00019550323486328125,0.000823974609375,2.1457672119140625e-05,0.0002918243408203125,0.00089263916015625,0.0004673004150390625,0.000514984130859375,0.000377655029296875,6.914138793945312e-05,0.00020122528076171875,8.726119995117188e-05,0.00020885467529296875,0.00021648406982421875,0.0003871917724609375,0.00021648406982421875,0.00016498565673828125,0.000774383544921875,0.00107574462890625,0.000614166259765625,0.00238037109375,0.0029296875,0.0027923583984375,0.0032196044921875,0.00701904296875,0.0079345703125,0.064453125,0.036865234375,0.12060546875,0.10009765625,0.1064453125,0.0135498046875
step_1284_q_0,7.677078247070312e-05,0.515625,0.003936767578125,0.0225830078125,0.01171875,0.0078125,0.00164031982421875,0.00457763671875,0.0103759765625,0.00286865234375,0.083984375,0.0198974609375,0.042236328125,0.06982421875,0.0120849609375,0.0181884765625,0.007568359375,0.0032501220703125,0.000850677490234375,0.000469207763671875,0.00026702880859375,0.000823974609375,0.00185394287109375,7.677078247070312e-05,6.0558319091796875e-05,0.01416015625,4.4345855712890625e-05,4.589557647705078e-06,0.000377655029296875,0.00238037109375,0.00970458984375,0.00031280517578125,0.00034332275390625,0.000316619873046875,0.05419921875,0.034912109375,0.00970458984375,0.00445556640625,0.0113525390625,0.0164794921875
step_1285_q_0,6.914138793945312e-05,0.365234375,0.00109100341796875,0.0024261474609375,0.000720977783203125,0.0008087158203125,0.0012664794921875,0.00482177734375,0.0019683837890625,0.00168609619140625,0.008056640625,0.0084228515625,0.0157470703125,0.01190185546875,0.0225830078125,0.01287841796875,0.019287109375,0.01226806640625,0.0113525390625,0.00872802734375,0.0181884765625,0.04931640625,0.0308837890625,0.01483154296875,0.0299072265625,0.005279541015625,0.041015625,0.025634765625,0.10107421875,0.0159912109375,0.0206298828125,0.007568359375,0.01348876953125,0.04638671875,0.0164794921875,0.00885009765625,0.016845703125,0.0098876953125,0.01019287109375,0.006378173828125
step_1286_q_0,3.635883331298828e-06,0.04052734375,0.00016117095947265625,0.00201416015625,0.00012493133544921875,4.470348358154297e-06,0.000171661376953125,0.00018215179443359375,0.0003509521484375,5.221366882324219e-05,0.00018215179443359375,4.00543212890625e-05,1.9788742065429688e-05,9.357929229736328e-06,9.1552734375e-05,0.00018215179443359375,6.914138793945312e-05,5.543231964111328e-06,1.1222437024116516e-07,8.102506399154663e-08,2.950429916381836e-06,6.4849853515625e-05,9.1552734375e-05,6.3478946685791016e-06,4.172325134277344e-07,0.00011777877807617188,1.0281801223754883e-06,8.270144462585449e-07,3.170967102050781e-05,0.00010728836059570312,2.5033950805664062e-05,4.351139068603516e-06,0.00011396408081054688,0.0002918243408203125,0.00189971923828125,0.000545501708984375,4.744529724121094e-05,0.0003299713134765625,0.0279541015625,0.92578125
step_1287_q_0,1.52587890625e-05,0.1064453125,0.00014495849609375,0.000354766845703125,0.000152587890625,0.0001373291015625,0.000518798828125,0.00051116943359375,0.000339508056640625,0.0003719329833984375,0.0005340576171875,0.000156402587890625,0.0003185272216796875,0.0004787445068359375,0.002349853515625,0.000286102294921875,4.00543212890625e-05,7.62939453125e-05,9.965896606445312e-05,0.00012493133544921875,8.20159912109375e-05,0.000286102294921875,8.630752563476562e-05,6.580352783203125e-05,2.574920654296875e-05,0.0004634857177734375,0.0004291534423828125,0.0003452301025390625,0.002593994140625,0.00014972686767578125,0.0007781982421875,0.031494140625,0.00799560546875,0.036865234375,0.003326416015625,0.019775390625,0.1552734375,0.0230712890625,0.578125,0.0269775390625
step_1288_q_0,0.00032806396484375,0.46875,0.022705078125,0.00140380859375,0.001800537109375,0.0009918212890625,0.000640869140625,0.00885009765625,0.004180908203125,0.00080108642578125,0.003692626953125,0.01141357421875,0.0478515625,0.00860595703125,0.001495361328125,0.004913330078125,0.006683349609375,0.01708984375,0.0091552734375,0.000850677490234375,0.0004024505615234375,0.032958984375,0.004913330078125,0.0004024505615234375,0.000865936279296875,0.051025390625,0.0022430419921875,0.001495361328125,0.01507568359375,0.004608154296875,0.01507568359375,0.0057373046875,0.0057373046875,0.021240234375,0.07177734375,0.0264892578125,0.002105712890625,0.03515625,0.0027008056640625,0.07666015625
step_1289_q_0,7.152557373046875e-05,0.185546875,0.000492095947265625,0.000446319580078125,0.0004062652587890625,0.0004863739013671875,0.00093841552734375,0.002685546875,0.000614166259765625,0.000209808349609375,0.00054931640625,0.00089263916015625,0.0005645751953125,0.0019378662109375,0.00121307373046875,0.00390625,0.001373291015625,0.00157928466796875,0.000705718994140625,0.0016326904296875,0.001556396484375,0.0007781982421875,0.00041961669921875,0.00016021728515625,0.00176239013671875,0.0009918212890625,0.0016021728515625,0.0004119873046875,0.0019073486328125,0.0003204345703125,0.003509521484375,0.0084228515625,0.017822265625,0.0208740234375,0.02587890625,0.09912109375,0.12353515625,0.1025390625,0.31640625,0.06640625
step_1290_q_0,5.9604644775390625e-05,0.58203125,0.00087738037109375,0.0034637451171875,0.000713348388671875,0.000919342041015625,0.0027008056640625,0.01373291015625,0.00133514404296875,0.0037994384765625,0.000736236572265625,0.00069427490234375,0.00115966796875,0.00107574462890625,0.008056640625,0.00286865234375,0.002777099609375,0.002349853515625,0.00109100341796875,0.0015106201171875,0.0015106201171875,0.0027008056640625,0.000522613525390625,0.000461578369140625,0.00109100341796875,0.0016632080078125,0.002197265625,0.0015106201171875,0.01416015625,0.00121307373046875,0.0014190673828125,0.0019683837890625,0.005523681640625,0.0233154296875,0.0037994384765625,0.00518798828125,0.0024261474609375,0.008056640625,0.0299072265625,0.2578125
step_1291_q_0,2.6226043701171875e-05,0.9453125,0.000946044921875,0.003753662109375,0.00250244140625,0.00078582763671875,0.00023174285888671875,0.0020751953125,0.00579833984375,0.00274658203125,0.0014190673828125,0.00103759765625,0.00146484375,0.004669189453125,0.00103759765625,0.004241943359375,0.000762939453125,0.000263214111328125,0.000835418701171875,0.0003070831298828125,0.00013446807861328125,0.000141143798828125,0.00078582763671875,0.0003376007080078125,0.0002803802490234375,0.00118255615234375,2.7060508728027344e-05,9.393692016601562e-05,0.0001277923583984375,0.003753662109375,0.0016632080078125,0.00018405914306640625,0.00029754638671875,0.000492095947265625,0.005126953125,0.00110626220703125,0.000263214111328125,0.0003490447998046875,0.000522613525390625,0.00250244140625
step_1292_q_0,7.343292236328125e-05,0.89453125,0.000598907470703125,0.0007781982421875,0.0010833740234375,0.00020503997802734375,0.00011730194091796875,0.0003719329833984375,0.00141143798828125,0.00034332275390625,0.006622314453125,0.00183868408203125,0.00384521484375,0.007171630859375,0.002471923828125,0.00994873046875,0.00189971923828125,0.000621795654296875,0.0032806396484375,0.0068359375,0.00183868408203125,0.0040283203125,0.002593994140625,0.000957489013671875,0.001678466796875,0.004486083984375,0.0010986328125,0.000843048095703125,0.0021820068359375,0.00567626953125,0.0028076171875,0.0054931640625,0.002685546875,0.005096435546875,0.0062255859375,0.0006256103515625,0.00145721435546875,0.000823974609375,0.001678466796875,0.00170135498046875
step_1293_q_0,4.172325134277344e-06,0.98046875,0.002838134765625,0.0011138916015625,0.0008392333984375,0.00012874603271484375,0.00074005126953125,0.0002193450927734375,0.00092315673828125,0.00799560546875,0.002593994140625,6.29425048828125e-05,0.00023365020751953125,0.000789642333984375,3.0994415283203125e-05,0.00011730194091796875,2.3126602172851562e-05,1.537799835205078e-05,5.054473876953125e-05,9.59634780883789e-06,2.384185791015625e-05,1.6763806343078613e-06,7.581710815429688e-05,2.3096799850463867e-06,7.37607479095459e-07,0.0002899169921875,2.2649765014648438e-06,5.841255187988281e-06,6.020069122314453e-06,0.0001506805419921875,0.00013256072998046875,2.384185791015625e-06,2.5391578674316406e-05,3.248453140258789e-06,3.8623809814453125e-05,4.887580871582031e-05,2.8252601623535156e-05,5.5730342864990234e-06,1.3768672943115234e-05,6.079673767089844e-05
step_1294_q_0,0.000213623046875,0.6875,0.0004596710205078125,0.001068115234375,0.000942230224609375,0.00015354156494140625,9.870529174804688e-05,0.0002613067626953125,0.0003566741943359375,0.0011749267578125,0.007171630859375,0.001556396484375,0.00921630859375,0.00811767578125,0.0341796875,0.005584716796875,0.0011749267578125,0.00193023681640625,0.005096435546875,0.0010986328125,0.015625,0.0201416015625,0.0024871826171875,0.00762939453125,0.000537872314453125,0.004364013671875,0.0026397705078125,0.00299072265625,0.006744384765625,0.0026397705078125,0.00762939453125,0.017822265625,0.0025634765625,0.0341796875,0.0201416015625,0.011474609375,0.021484375,0.0118408203125,0.0189208984375,0.0201416015625
step_1295_q_0,0.0004253387451171875,0.267578125,0.000823974609375,0.002166748046875,0.0016937255859375,0.00101470947265625,0.00185394287109375,0.00128936767578125,0.0022735595703125,0.00140380859375,0.00701904296875,0.000804901123046875,0.0025787353515625,0.00970458984375,0.007354736328125,0.0074462890625,0.0027008056640625,0.00185394287109375,0.0064697265625,0.005645751953125,0.0013275146484375,0.0031585693359375,0.007232666015625,0.00946044921875,0.0033111572265625,0.00201416015625,0.01416015625,0.00689697265625,0.0059814453125,0.005035400390625,0.037353515625,0.0308837890625,0.030029296875,0.01458740234375,0.0869140625,0.18359375,0.055908203125,0.09228515625,0.0206298828125,0.057861328125
step_1296_q_0,4.353933036327362e-08,7.748603820800781e-06,7.033348083496094e-06,9.1552734375e-05,0.271484375,3.147125244140625e-05,6.109476089477539e-06,9.72747802734375e-05,1.3172626495361328e-05,8.905772119760513e-09,6.5267086029052734e-06,5.098991096019745e-08,8.058547973632812e-05,7.3909759521484375e-06,8.869171142578125e-05,0.00045013427734375,0.002349853515625,5.3942203521728516e-06,8.106231689453125e-06,0.039306640625,1.537799835205078e-05,1.3172626495361328e-05,0.328125,2.5480985641479492e-06,0.002838134765625,1.385807991027832e-06,4.172325134277344e-05,9.357929229736328e-06,5.7220458984375e-05,0.349609375,2.09808349609375e-05,4.351139068603516e-06,0.000141143798828125,5.923211574554443e-07,0.00052642822265625,2.6226043701171875e-05,5.1975250244140625e-05,0.002838134765625,1.9788742065429688e-05,9.1552734375e-05,7.82012939453125e-05
step_1297_q_0,6.914138793945312e-05,4.673004150390625e-05,0.00024127960205078125,7.581710815429688e-05,0.000133514404296875,0.0001506805419921875,0.00018787384033203125,0.0002727508544921875,0.00021266937255859375,0.00052642822265625,0.00016021728515625,0.00016021728515625,0.0002193450927734375,0.00020599365234375,0.0003509521484375,0.0004787445068359375,0.000720977783203125,0.000423431396484375,0.000339508056640625,0.00052642822265625,0.00104522705078125,0.00167083740234375,0.0013427734375,0.00054168701171875,0.000339508056640625,0.00049591064453125,0.000614166259765625,0.001220703125,0.0015716552734375,0.005828857421875,0.005157470703125,0.0035400390625,0.009033203125,0.01025390625,0.035888671875,0.06689453125,0.1416015625,0.181640625,0.28125,0.181640625,0.06298828125
step_1298_q_0,0.00029754638671875,0.173828125,0.0167236328125,0.018310546875,0.013427734375,0.00982666015625,0.007415771484375,0.0032958984375,0.0147705078125,0.007415771484375,0.0267333984375,0.0157470703125,0.025146484375,0.025146484375,0.005096435546875,0.029296875,0.020751953125,0.0101318359375,0.007415771484375,0.0086669921875,0.00787353515625,0.0157470703125,0.060302734375,0.0101318359375,0.0069580078125,0.00113677978515625,0.0025634765625,0.006561279296875,0.020751953125,0.1640625,0.00897216796875,0.0235595703125,0.0081787109375,0.020751953125,0.1357421875,0.007415771484375,0.01385498046875,0.0081787109375,0.0235595703125,0.005950927734375,0.0081787109375
step_1299_q_0,0.000667572021484375,0.1611328125,0.00921630859375,0.011474609375,0.00787353515625,0.0035552978515625,0.002899169921875,0.003662109375,0.0125732421875,0.0025177001953125,0.0191650390625,0.006744384765625,0.006622314453125,0.10400390625,0.0211181640625,0.050537109375,0.015869140625,0.00921630859375,0.0142822265625,0.005401611328125,0.0172119140625,0.0174560546875,0.03173828125,0.0164794921875,0.0087890625,0.0052490234375,0.00909423828125,0.006439208984375,0.01025390625,0.025390625,0.019775390625,0.0167236328125,0.01092529296875,0.023193359375,0.12890625,0.0859375,0.02978515625,0.019775390625,0.0224609375,0.01092529296875,0.01495361328125
step_1300_q_0,0.0003795623779296875,0.65234375,0.000965118408203125,0.00185394287109375,0.00142669677734375,0.0004215240478515625,0.0005340576171875,0.0016937255859375,0.004241943359375,0.0002841949462890625,0.00341796875,0.000850677490234375,0.000797271728515625,0.00701904296875,0.00897216796875,0.00311279296875,0.01483154296875,0.003997802734375,0.00848388671875,0.01153564453125,0.00579833984375,0.00439453125,0.060546875,0.007476806640625,0.010498046875,0.0022735595703125,0.004974365234375,0.005462646484375,0.0029296875,0.0252685546875,0.00958251953125,0.003997802734375,0.00579833984375,0.004669189453125,0.00897216796875,0.016357421875,0.00579833984375,0.007476806640625,0.004241943359375,0.01312255859375,0.064453125
step_1301_q_0,0.00099945068359375,0.359375,0.003173828125,0.02294921875,0.01348876953125,0.01904296875,0.0294189453125,0.0322265625,0.0289306640625,0.0019073486328125,0.01708984375,0.0013427734375,0.0034332275390625,0.01019287109375,0.025146484375,0.034423828125,0.023681640625,0.0208740234375,0.032958984375,0.01483154296875,0.00909423828125,0.0130615234375,0.0152587890625,0.0225830078125,0.0037384033203125,0.0054931640625,0.00640869140625,0.0048828125,0.0289306640625,0.01116943359375,0.0225830078125,0.01171875,0.0152587890625,0.017578125,0.032958984375,0.023681640625,0.0079345703125,0.01324462890625,0.0086669921875,0.01031494140625,0.0205078125
step_1302_q_0,0.0001583099365234375,0.87890625,0.0010986328125,0.00070953369140625,0.00070953369140625,0.000865936279296875,0.0003681182861328125,0.00098419189453125,0.000789642333984375,7.581710815429688e-05,0.000606536865234375,2.110004425048828e-05,0.00020885467529296875,0.00075531005859375,0.000457763671875,0.00081634521484375,0.000606536865234375,0.0006256103515625,0.0023193359375,0.001922607421875,0.0012054443359375,0.0012054443359375,0.000743865966796875,0.0013885498046875,0.000308990478515625,0.000827789306640625,0.00159454345703125,0.0005950927734375,0.00180816650390625,0.00170135498046875,0.003936767578125,0.0023193359375,0.004608154296875,0.00347900390625,0.00118255615234375,0.018798828125,0.00811767578125,0.0091552734375,0.012939453125,0.00811767578125,0.02197265625
step_1303_q_0,2.872943878173828e-05,0.0177001953125,0.004486083984375,0.005401611328125,0.004638671875,0.005950927734375,0.0016021728515625,0.00787353515625,0.00836181640625,0.00982666015625,0.058349609375,0.00070953369140625,0.056396484375,0.0228271484375,0.01300048828125,0.04833984375,0.04833984375,0.0107421875,0.007415771484375,0.001068115234375,0.03759765625,0.0341796875,0.0142822265625,0.0029449462890625,0.0242919921875,0.00787353515625,0.0035552978515625,0.01953125,0.0125732421875,0.0107421875,0.0142822265625,0.001190185546875,0.00081634521484375,0.00811767578125,0.01611328125,0.0228271484375,0.0228271484375,0.06201171875,0.2236328125,0.06591796875,0.06201171875
step_1304_q_0,0.0017852783203125,0.6015625,0.0615234375,0.03515625,0.009765625,0.00689697265625,0.00099945068359375,0.00191497802734375,0.0028839111328125,0.000286102294921875,0.00872802734375,0.0013885498046875,0.00102996826171875,0.025634765625,0.00165557861328125,0.0045166015625,0.003875732421875,0.00048065185546875,0.0005645751953125,0.00012683868408203125,0.0015411376953125,0.000690460205078125,0.0004138946533203125,0.000720977783203125,0.0004749298095703125,0.005462646484375,0.000530242919921875,0.00174713134765625,0.00012683868408203125,0.00020122528076171875,0.001708984375,0.0029754638671875,0.0030670166015625,0.01312255859375,0.01373291015625,0.02197265625,0.0654296875,0.0233154296875,0.0264892578125,0.033935546875,0.01068115234375
step_1305_q_0,2.5153160095214844e-05,0.98046875,0.0002727508544921875,0.00156402587890625,0.0011444091796875,0.00098419189453125,0.0002803802490234375,0.00017070770263671875,0.0012969970703125,3.0279159545898438e-05,0.01019287109375,0.00016498565673828125,1.7881393432617188e-05,0.00104522705078125,0.0001964569091796875,0.0003604888916015625,0.00018978118896484375,3.814697265625e-05,0.00012493133544921875,0.00010824203491210938,1.9431114196777344e-05,3.361701965332031e-05,0.00019359588623046875,8.296966552734375e-05,2.8014183044433594e-05,5.626678466796875e-05,3.457069396972656e-05,3.5762786865234375e-05,1.1980533599853516e-05,4.887580871582031e-05,0.00011348724365234375,7.82012939453125e-05,7.677078247070312e-05,0.00010347366333007812,0.000652313232421875,0.00018978118896484375,8.296966552734375e-05,7.104873657226562e-05,5.793571472167969e-05,0.00018978118896484375,9.72747802734375e-05
step_1306_q_0,0.0004291534423828125,0.80078125,0.000728607177734375,0.0047607421875,0.01141357421875,0.0035858154296875,0.005401611328125,0.012939453125,0.00836181640625,0.000202178955078125,0.0037078857421875,0.00054931640625,0.000606536865234375,0.0003337860107421875,0.001983642578125,0.002471923828125,0.00102996826171875,0.000606536865234375,0.0022430419921875,0.00058746337890625,0.0002765655517578125,0.0004024505615234375,0.00159454345703125,0.0006866455078125,0.0005340576171875,0.000827789306640625,0.0003337860107421875,4.9591064453125e-05,0.000354766845703125,0.0008544921875,0.00124359130859375,0.0002765655517578125,0.00102996826171875,0.003936767578125,0.0016937255859375,0.0006256103515625,0.007354736328125,0.0015411376953125,0.003265380859375,0.015625,0.095703125
step_1307_q_0,1.3768672943115234e-05,0.44140625,9.441375732421875e-05,4.982948303222656e-05,5.650520324707031e-05,5.4836273193359375e-06,3.471970558166504e-06,2.002716064453125e-05,0.0001506805419921875,0.0003204345703125,0.00011873245239257812,0.00019359588623046875,5.7697296142578125e-05,0.0001735687255859375,0.00010395050048828125,0.0006561279296875,0.0002994537353515625,0.00013637542724609375,0.00023555755615234375,0.000347137451171875,0.0003108978271484375,0.000301361083984375,0.000751495361328125,0.000850677490234375,0.000148773193359375,0.0001964569091796875,0.000431060791015625,0.0002593994140625,0.00131988525390625,0.00506591796875,0.00860595703125,0.003753662109375,0.003204345703125,0.0016632080078125,0.05615234375,0.02490234375,0.0361328125,0.083984375,0.07421875,0.115234375,0.138671875
step_1308_q_0,0.00170135498046875,0.404296875,0.01470947265625,0.0703125,0.041259765625,0.00836181640625,0.0006866455078125,0.002716064453125,0.033203125,0.000804901123046875,0.056396484375,0.00396728515625,0.004638671875,0.04248046875,0.0341796875,0.052978515625,0.03759765625,0.005767822265625,0.00762939453125,0.00136566162109375,0.00116729736328125,0.00170135498046875,0.00836181640625,0.0019989013671875,0.0010986328125,0.01470947265625,0.000598907470703125,0.0004100799560546875,0.000926971435546875,0.0086669921875,0.01220703125,0.004913330078125,0.0025634765625,0.00360107421875,0.08447265625,0.01220703125,0.0031890869140625,0.0021209716796875,0.002471923828125,0.00421142578125,0.0034942626953125
step_1309_q_0,0.000247955322265625,0.37890625,0.0013427734375,0.0034942626953125,0.0038909912109375,0.0031280517578125,0.0015411376953125,0.01092529296875,0.011474609375,0.000919342041015625,0.005157470703125,0.0010986328125,0.001983642578125,0.01611328125,0.01220703125,0.0118408203125,0.01300048828125,0.00799560546875,0.005401611328125,0.0052490234375,0.0111083984375,0.011474609375,0.01519775390625,0.01361083984375,0.004150390625,0.003662109375,0.020751953125,0.0228271484375,0.08740234375,0.09912109375,0.119140625,0.009521484375,0.00787353515625,0.020751953125,0.04248046875,0.006134033203125,0.00136566162109375,0.004486083984375,0.0020294189453125,0.000690460205078125,0.000316619873046875
step_1310_q_0,1.1265277862548828e-05,0.0576171875,0.0001621246337890625,0.000640869140625,0.000659942626953125,0.00087738037109375,0.000354766845703125,0.00164031982421875,0.0022430419921875,0.0001430511474609375,0.002532958984375,7.915496826171875e-05,2.9921531677246094e-05,0.000331878662109375,0.0001239776611328125,0.00445556640625,0.00119781494140625,0.00087738037109375,0.00018978118896484375,2.7894973754882812e-05,3.457069396972656e-05,0.00025177001953125,0.0013580322265625,0.000354766845703125,4.4345855712890625e-05,0.0004405975341796875,2.5272369384765625e-05,1.9550323486328125e-05,7.05718994140625e-05,7.677078247070312e-05,0.0002593994140625,8.0108642578125e-05,0.0001430511474609375,0.00106048583984375,0.0048828125,0.00445556640625,0.001312255859375,0.000530242919921875,0.01458740234375,0.0478515625,0.84765625
step_1311_q_0,0.00018024444580078125,0.40234375,0.000789642333984375,0.001861572265625,0.001953125,0.0012054443359375,0.000606536865234375,0.0023956298828125,0.007598876953125,9.918212890625e-05,0.00787353515625,0.0023956298828125,0.0004291534423828125,0.001922607421875,0.00142669677734375,0.0038299560546875,0.0013427734375,0.000339508056640625,7.343292236328125e-05,0.00010251998901367188,0.0001735687255859375,0.00029754638671875,0.000385284423828125,9.870529174804688e-05,7.677078247070312e-05,0.00102996826171875,0.0003070831298828125,0.0002994537353515625,0.00020122528076171875,0.0003452301025390625,0.0004367828369140625,0.000614166259765625,0.00946044921875,0.0057373046875,0.0020751953125,0.030029296875,0.039794921875,0.0264892578125,0.1484375,0.259765625,0.03515625
step_1312_q_0,2.1457672119140625e-05,0.75390625,0.000637054443359375,0.0014801025390625,0.000720977783203125,0.0001583099365234375,4.9114227294921875e-05,0.0023345947265625,0.003204345703125,0.00015354156494140625,0.0133056640625,0.000762939453125,0.000762939453125,0.0140380859375,0.00982666015625,0.00982666015625,0.01312255859375,0.00164031982421875,0.0028076171875,0.002410888671875,0.0013580322265625,0.0021209716796875,0.0106201171875,0.000782012939453125,0.003204345703125,0.0118408203125,0.00162506103515625,0.000728607177734375,0.0028839111328125,0.0228271484375,0.00372314453125,0.00151824951171875,0.0027313232421875,0.006378173828125,0.05908203125,0.0133056640625,0.0028839111328125,0.0036163330078125,0.003936767578125,0.00927734375,0.002777099609375
step_1313_q_0,5.7220458984375e-06,0.640625,0.0004596710205078125,0.00106048583984375,0.000583648681640625,0.0004253387451171875,7.343292236328125e-05,0.000812530517578125,0.000823974609375,8.7738037109375e-05,0.0016632080078125,0.00118255615234375,0.00142669677734375,0.007568359375,0.001495361328125,0.006683349609375,0.006103515625,0.0005340576171875,5.507469177246094e-05,0.0002803802490234375,0.000812530517578125,0.001861572265625,0.0033111572265625,0.000469207763671875,0.00063323974609375,0.002166748046875,0.00038909912109375,0.0005950927734375,0.000518798828125,0.000705718994140625,0.002105712890625,0.000335693359375,0.006103515625,0.00347900390625,0.0027008056640625,0.03857421875,0.01373291015625,0.030029296875,0.052734375,0.1474609375,0.018798828125
step_1314_q_0,9.870529174804688e-05,0.94140625,7.104873657226562e-05,0.00091552734375,0.000591278076171875,0.00055694580078125,0.0008087158203125,0.000701904296875,0.00165557861328125,0.000164031982421875,0.0015106201171875,0.00021076202392578125,8.392333984375e-05,0.000453948974609375,0.001373291015625,0.00165557861328125,7.152557373046875e-05,3.7670135498046875e-05,0.00010919570922851562,6.818771362304688e-05,0.000370025634765625,0.00026702880859375,0.00026702880859375,0.0001697540283203125,2.7894973754882812e-05,0.0003070831298828125,0.000118255615234375,0.0001506805419921875,0.0001888275146484375,0.0003414154052734375,0.000888824462890625,0.000957489013671875,0.0031890869140625,0.0038604736328125,0.0019378662109375,0.01080322265625,0.01080322265625,0.0014190673828125,0.002655029296875,0.0027313232421875,0.004638671875
step_1315_q_0,2.4080276489257812e-05,0.134765625,0.0029144287109375,0.01287841796875,0.006072998046875,0.0035858154296875,0.00628662109375,0.033935546875,0.021240234375,0.0003833770751953125,0.04638671875,0.01251220703125,0.00860595703125,0.033935546875,0.0240478515625,0.03857421875,0.033935546875,0.003997802734375,0.003814697265625,0.004058837890625,0.0272216796875,0.0159912109375,0.033935546875,0.006683349609375,0.01458740234375,0.01287841796875,0.00628662109375,0.00439453125,0.01171875,0.021240234375,0.0272216796875,0.0078125,0.01556396484375,0.0181884765625,0.051025390625,0.041015625,0.01171875,0.0281982421875,0.09521484375,0.08935546875,0.0281982421875
step_1316_q_0,0.00081634521484375,0.380859375,0.03125,0.060302734375,0.021484375,0.01904296875,0.00096893310546875,0.005279541015625,0.0152587890625,0.00110626220703125,0.062255859375,0.01263427734375,0.0084228515625,0.056640625,0.004058837890625,0.01116943359375,0.021484375,0.000789642333984375,0.00052642822265625,0.002105712890625,0.00616455078125,0.001373291015625,0.00213623046875,0.000644683837890625,0.000797271728515625,0.0390625,0.0004100799560546875,0.0001811981201171875,0.000698089599609375,0.00153350830078125,0.00148773193359375,0.000820159912109375,0.006561279296875,0.002655029296875,0.006561279296875,0.0157470703125,0.0130615234375,0.02294921875,0.062255859375,0.07080078125,0.0267333984375
step_1317_q_0,5.412101745605469e-05,0.9375,0.00041961669921875,0.0004444122314453125,0.00032806396484375,0.000614166259765625,0.0021820068359375,0.0052490234375,0.002899169921875,0.0003070831298828125,0.00836181640625,0.00070953369140625,0.00015926361083984375,0.0023193359375,0.0017547607421875,0.0013885498046875,0.00128173828125,0.003173828125,0.0038299560546875,0.000339508056640625,0.000667572021484375,0.000659942626953125,0.001983642578125,0.000789642333984375,0.0006103515625,0.0003681182861328125,0.000789642333984375,0.000396728515625,0.0028533935546875,0.00124359130859375,0.0021820068359375,0.0007781982421875,0.0010833740234375,0.003387451171875,0.00201416015625,0.0040283203125,0.0004444122314453125,0.000469207763671875,0.0003452301025390625,0.00106048583984375,0.0002498626708984375
step_1318_q_0,0.00070953369140625,0.6328125,0.0011138916015625,0.00469970703125,0.004852294921875,0.00726318359375,0.009033203125,0.01275634765625,0.0191650390625,0.000766754150390625,0.0174560546875,0.0034332275390625,0.00167083740234375,0.00640869140625,0.0015716552734375,0.00726318359375,0.005828857421875,0.002593994140625,0.0005950927734375,0.00054168701171875,0.0003681182861328125,0.00066375732421875,0.0014801025390625,0.00066375732421875,0.001220703125,0.005157470703125,0.00066375732421875,0.00010061264038085938,0.000606536865234375,0.000743865966796875,0.002593994140625,0.00177764892578125,0.00531005859375,0.005828857421875,0.0115966796875,0.035888671875,0.0191650390625,0.01397705078125,0.0245361328125,0.0286865234375,0.09716796875
step_1319_q_0,8.392333984375e-05,0.7109375,0.00026702880859375,0.0003185272216796875,0.000244140625,6.580352783203125e-05,3.0517578125e-05,0.000274658203125,0.00052642822265625,0.0005340576171875,0.000659942626953125,0.0002613067626953125,0.00077056884765625,0.00396728515625,0.0020904541015625,0.004425048828125,0.0020599365234375,0.00133514404296875,0.0002956390380859375,0.00168609619140625,0.001068115234375,0.001312255859375,0.0018768310546875,0.000396728515625,8.344650268554688e-05,0.000820159912109375,0.00015163421630859375,0.0002193450927734375,0.000637054443359375,0.00133514404296875,0.003143310546875,0.001251220703125,0.00286865234375,0.00182342529296875,0.0189208984375,0.0322265625,0.0242919921875,0.033203125,0.046875,0.044189453125,0.051513671875
step_1320_q_0,0.0003261566162109375,0.36328125,0.01202392578125,0.05224609375,0.035888671875,0.035888671875,0.0169677734375,0.05224609375,0.04345703125,0.00518798828125,0.0810546875,0.00830078125,0.0255126953125,0.0810546875,0.013671875,0.023193359375,0.005859375,0.0023651123046875,0.0007476806640625,0.00067901611328125,0.001190185546875,0.00139617919921875,0.004150390625,0.000659942626953125,0.0004749298095703125,0.03173828125,0.0003528594970703125,3.0279159545898438e-05,0.000438690185546875,0.002227783203125,0.00390625,0.00029754638671875,0.000659942626953125,0.0009002685546875,0.02978515625,0.007537841796875,0.004425048828125,0.005340576171875,0.01031494140625,0.0218505859375,0.0128173828125
step_1321_q_0,0.00064849853515625,0.484375,0.0050048828125,0.01507568359375,0.011474609375,0.00897216796875,0.01153564453125,0.0233154296875,0.0216064453125,0.002838134765625,0.028564453125,0.005340576171875,0.00811767578125,0.0208740234375,0.022216796875,0.022216796875,0.0074462890625,0.01708984375,0.006683349609375,0.0031280517578125,0.0032806396484375,0.003814697265625,0.0126953125,0.00555419921875,0.0126953125,0.02197265625,0.01220703125,0.006439208984375,0.0260009765625,0.0087890625,0.02685546875,0.01129150390625,0.00860595703125,0.0281982421875,0.0634765625,0.006439208984375,0.001861572265625,0.0021209716796875,0.0037689208984375,0.0054931640625,0.002349853515625
step_1322_q_0,1.3172626495361328e-05,0.12109375,6.4849853515625e-05,0.00183868408203125,0.0008697509765625,0.000339508056640625,0.000560760498046875,0.00098419189453125,0.003662109375,0.0002727508544921875,0.006011962890625,0.0002899169921875,0.00018787384033203125,0.00024127960205078125,0.0002002716064453125,0.003662109375,0.00049591064453125,0.00098419189453125,3.8623809814453125e-05,2.5391578674316406e-05,3.314018249511719e-05,0.000614166259765625,0.0028533935546875,0.0003299713134765625,5.054473876953125e-05,0.00162506103515625,7.450580596923828e-06,5.0067901611328125e-06,0.0002727508544921875,0.00046539306640625,0.0002574920654296875,1.8358230590820312e-05,0.00010347366333007812,0.000675201416015625,0.03466796875,0.0269775390625,0.0068359375,0.0010833740234375,0.00933837890625,0.0306396484375,0.7421875
step_1323_q_0,5.2928924560546875e-05,0.2275390625,0.000530242919921875,0.00191497802734375,0.00139617919921875,0.000873565673828125,0.000823974609375,0.0023040771484375,0.004180908203125,0.00018596649169921875,0.0030517578125,0.00127410888671875,0.005889892578125,0.0181884765625,0.00457763671875,0.01171875,0.00179290771484375,0.000514984130859375,0.00011682510375976562,0.00013446807861328125,0.0001983642578125,0.0004405975341796875,0.000873565673828125,7.534027099609375e-05,0.00011301040649414062,0.00537109375,0.00016689300537109375,3.910064697265625e-05,0.000659942626953125,0.00153350830078125,0.0030517578125,0.0024566650390625,0.0078125,0.007110595703125,0.010986328125,0.15625,0.1474609375,0.07861328125,0.2138671875,0.042236328125,0.032958984375
step_1324_q_0,5.125999450683594e-05,0.26171875,0.0147705078125,0.006561279296875,0.0014190673828125,0.00109100341796875,0.000797271728515625,0.0079345703125,0.0059814453125,0.00021076202392578125,0.027587890625,0.007659912109375,0.058349609375,0.09619140625,0.0284423828125,0.009521484375,0.00982666015625,0.00616455078125,0.000522613525390625,0.0002574920654296875,0.000400543212890625,0.002410888671875,0.000640869140625,2.6941299438476562e-05,0.00128936767578125,0.054931640625,1.9073486328125e-05,1.1265277862548828e-05,0.0006103515625,0.023681640625,0.01226806640625,0.00115966796875,0.00103759765625,0.0003223419189453125,0.1796875,0.0703125,0.0086669921875,0.023681640625,0.0079345703125,0.034423828125,0.0302734375
step_1325_q_0,1.0311603546142578e-05,0.25390625,0.00024318695068359375,0.000820159912109375,0.0003814697265625,0.0003814697265625,0.000293731689453125,0.00144195556640625,0.0024871826171875,0.00011730194091796875,0.0020294189453125,0.00067901611328125,0.0015106201171875,0.005615234375,0.006561279296875,0.009521484375,0.00160980224609375,0.000759124755859375,0.000102996826171875,0.000301361083984375,0.000164031982421875,0.00067901611328125,0.001739501953125,0.000453948974609375,0.0004119873046875,0.004119873046875,5.9604644775390625e-05,5.984306335449219e-05,0.00127410888671875,0.0027313232421875,0.005279541015625,0.0009765625,0.00494384765625,0.0072021484375,0.0303955078125,0.1025390625,0.11279296875,0.068359375,0.23828125,0.0751953125,0.05322265625
step_1326_q_0,0.00064849853515625,0.62109375,0.00146484375,0.00830078125,0.00537109375,0.00970458984375,0.005035400390625,0.005035400390625,0.01409912109375,0.001373291015625,0.0155029296875,0.00335693359375,0.006256103515625,0.012451171875,0.0064697265625,0.00732421875,0.003204345703125,0.00072479248046875,0.00013828277587890625,0.000301361083984375,0.000385284423828125,0.00110626220703125,0.000888824462890625,0.000629425048828125,0.000583648681640625,0.00970458984375,0.000370025634765625,0.00034332275390625,0.000904083251953125,0.0064697265625,0.0034027099609375,0.00153350830078125,0.0037994384765625,0.0034637451171875,0.021240234375,0.0810546875,0.01409912109375,0.010009765625,0.0233154296875,0.034912109375,0.055908203125
step_1327_q_0,2.5779008865356445e-06,0.00168609619140625,2.1219253540039062e-05,0.0015869140625,0.00060272216796875,0.000514984130859375,0.00140380859375,0.010986328125,0.002960205078125,4.589557647705078e-06,0.0233154296875,0.01507568359375,0.0159912109375,0.07177734375,0.0247802734375,0.055908203125,0.0159912109375,0.0026092529296875,0.00018978118896484375,0.000904083251953125,0.0004405975341796875,0.006683349609375,0.01171875,0.000705718994140625,0.0004138946533203125,0.0361328125,0.00011157989501953125,5.269050598144531e-05,0.00109100341796875,0.0299072265625,0.07177734375,0.002044677734375,0.006683349609375,0.006683349609375,0.365234375,0.0673828125,0.007568359375,0.0299072265625,0.0361328125,0.052490234375,0.0206298828125
step_1328_q_0,0.00029754638671875,0.458984375,0.007415771484375,0.017822265625,0.0130615234375,0.0084228515625,0.00982666015625,0.01226806640625,0.0189208984375,0.0036773681640625,0.00897216796875,0.005279541015625,0.0130615234375,0.00897216796875,0.01226806640625,0.005279541015625,0.009521484375,0.003509521484375,0.00225830078125,0.00225830078125,0.004302978515625,0.0157470703125,0.003570556640625,0.00148773193359375,0.001068115234375,0.010498046875,0.0011749267578125,0.000782012939453125,0.0086669921875,0.004791259765625,0.00616455078125,0.006988525390625,0.00677490234375,0.0084228515625,0.0208740234375,0.037841796875,0.050048828125,0.054931640625,0.062255859375,0.04541015625,0.02587890625
step_1329_q_0,0.0002613067626953125,0.859375,0.00165557861328125,0.0101318359375,0.0069580078125,0.00176239013671875,0.004791259765625,0.0034027099609375,0.00634765625,0.00634765625,0.00897216796875,0.0021209716796875,0.0016021728515625,0.0028228759765625,0.00408935546875,0.0019378662109375,0.0004062652587890625,0.000438690185546875,0.000885009765625,0.00041961669921875,0.0021209716796875,0.000972747802734375,0.00225830078125,0.0013275146484375,0.000873565673828125,0.00543212890625,0.000759124755859375,0.000522613525390625,0.0019378662109375,0.0030975341796875,0.005767822265625,0.0045166015625,0.005767822265625,0.01300048828125,0.0045166015625,0.007659912109375,0.00634765625,0.002410888671875,0.000885009765625,0.00176239013671875,0.004791259765625
step_1330_q_0,8.630752563476562e-05,0.79296875,0.0029449462890625,0.0096435546875,0.00604248046875,0.00750732421875,0.01202392578125,0.00933837890625,0.0140380859375,0.00390625,0.008544921875,0.0025177001953125,0.001678466796875,0.002593994140625,0.0020294189453125,0.00323486328125,0.001434326171875,0.0008697509765625,0.000698089599609375,0.00052642822265625,0.000335693359375,0.00079345703125,0.00130462646484375,0.000843048095703125,0.00028228759765625,0.0021514892578125,0.0002689361572265625,7.534027099609375e-05,0.00048828125,0.000843048095703125,0.00122833251953125,0.0004596710205078125,0.00135040283203125,0.00157928466796875,0.0062255859375,0.0140380859375,0.0062255859375,0.0040283203125,0.0087890625,0.006439208984375,0.06103515625
step_1331_q_0,1.6927719116210938e-05,0.36328125,8.106231689453125e-05,4.649162292480469e-05,2.8014183044433594e-05,1.1980533599853516e-05,7.569789886474609e-06,4.029273986816406e-05,0.00045013427734375,0.0003452301025390625,0.00148773193359375,2.5391578674316406e-05,0.0001850128173828125,0.0015106201171875,0.00072479248046875,0.0020904541015625,0.000690460205078125,0.00012683868408203125,0.0003108978271484375,0.0001220703125,0.000141143798828125,0.0003147125244140625,0.00144195556640625,0.000400543212890625,3.170967102050781e-05,0.000591278076171875,0.000270843505859375,0.000820159912109375,0.004302978515625,0.006866455078125,0.010009765625,0.0028228759765625,0.005035400390625,0.00732421875,0.0947265625,0.052490234375,0.07177734375,0.023193359375,0.1826171875,0.12158203125,0.040771484375
step_1332_q_0,0.00011777877807617188,0.212890625,0.0140380859375,0.044677734375,0.02099609375,0.00933837890625,0.0025177001953125,0.0068359375,0.0140380859375,0.00726318359375,0.1552734375,0.01446533203125,0.11376953125,0.1552734375,0.01129150390625,0.015380859375,0.0035400390625,0.0023651123046875,0.000598907470703125,0.00023365020751953125,0.0001850128173828125,0.00051116943359375,0.000896453857421875,1.9550323486328125e-05,2.1696090698242188e-05,0.039306640625,1.8596649169921875e-05,3.2186508178710938e-06,0.000385284423828125,0.00183868408203125,0.00726318359375,0.0004100799560546875,0.0003204345703125,0.00037384033203125,0.039306640625,0.03271484375,0.0068359375,0.0035400390625,0.01239013671875,0.019775390625,0.02880859375
step_1333_q_0,0.00019359588623046875,0.48046875,0.000736236572265625,0.0027923583984375,0.00063323974609375,0.000560760498046875,0.00159454345703125,0.005950927734375,0.00159454345703125,0.0023956298828125,0.0040283203125,0.004852294921875,0.01806640625,0.00799560546875,0.0235595703125,0.007781982421875,0.00909423828125,0.01043701171875,0.01165771484375,0.007415771484375,0.0162353515625,0.03955078125,0.03173828125,0.01263427734375,0.0228271484375,0.00421142578125,0.03271484375,0.019287109375,0.0693359375,0.0211181640625,0.02978515625,0.006866455078125,0.00421142578125,0.0205078125,0.01361083984375,0.005096435546875,0.0157470703125,0.0086669921875,0.01544189453125,0.0029754638671875,0.005584716796875
step_1334_q_0,1.7881393432617188e-05,0.1181640625,0.000370025634765625,0.0020904541015625,0.0005035400390625,2.002716064453125e-05,0.00018024444580078125,0.00013828277587890625,0.00026702880859375,0.0002536773681640625,0.000522613525390625,4.935264587402344e-05,7.152557373046875e-05,1.1205673217773438e-05,1.0609626770019531e-05,0.0001125335693359375,5.6743621826171875e-05,2.4199485778808594e-05,6.183981895446777e-07,7.636845111846924e-08,1.778826117515564e-07,3.591179847717285e-06,4.696846008300781e-05,1.919269561767578e-05,2.250075340270996e-06,0.000514984130859375,6.183981895446777e-07,9.313225746154785e-07,5.5789947509765625e-05,0.00022792816162109375,0.00018310546875,8.296966552734375e-05,6.580352783203125e-05,0.000579833984375,0.0019073486328125,0.00153350830078125,0.00023174285888671875,6.723403930664062e-05,0.006439208984375,0.046142578125,0.8203125
step_1335_q_0,2.968311309814453e-05,0.09765625,0.00081634521484375,0.001068115234375,0.00057220458984375,0.000457763671875,0.0008697509765625,0.000858306884765625,0.00064849853515625,0.00145721435546875,0.0011749267578125,0.0003566741943359375,0.00136566162109375,0.0010833740234375,0.007049560546875,0.00162506103515625,0.00025177001953125,0.00030517578125,0.000179290771484375,0.0003566741943359375,0.00014019012451171875,0.00057220458984375,0.0002956390380859375,0.00018215179443359375,6.67572021484375e-05,0.0012664794921875,0.00141143798828125,0.0011749267578125,0.00390625,0.000431060791015625,0.002685546875,0.08349609375,0.0262451171875,0.04052734375,0.00823974609375,0.05908203125,0.166015625,0.05908203125,0.2734375,0.0947265625,0.05908203125
step_1336_q_0,2.2292137145996094e-05,0.2412109375,0.006439208984375,0.0001468658447265625,0.0003986358642578125,0.000335693359375,0.0003509521484375,0.0023651123046875,0.0020294189453125,0.00014400482177734375,0.00130462646484375,0.00604248046875,0.019775390625,0.00933837890625,0.0003147125244140625,0.003448486328125,0.0023651123046875,0.01092529296875,0.0087890625,0.00070953369140625,0.000896453857421875,0.00750732421875,0.0029449462890625,0.000335693359375,0.00067901611328125,0.06494140625,0.002227783203125,0.00162506103515625,0.0062255859375,0.0028533935546875,0.021728515625,0.00469970703125,0.01092529296875,0.023193359375,0.146484375,0.0419921875,0.00130462646484375,0.07373046875,0.00469970703125,0.2001953125,0.06494140625
step_1337_q_0,7.2479248046875e-05,0.255859375,0.004486083984375,0.0003795623779296875,0.00045013427734375,0.0003204345703125,0.000255584716796875,0.0023956298828125,0.00160980224609375,0.00101470947265625,0.000774383544921875,0.00133514404296875,0.00160980224609375,0.00115966796875,0.0005645751953125,0.0032196044921875,0.00177764892578125,0.000614166259765625,0.00011444091796875,0.000743865966796875,0.001617431640625,0.00043487548828125,0.0006103515625,0.0001163482666015625,0.00182342529296875,0.003326416015625,0.001220703125,0.00109100341796875,0.00112152099609375,0.000827789306640625,0.00182342529296875,0.00433349609375,0.01123046875,0.01025390625,0.048828125,0.0830078125,0.015625,0.08837890625,0.1171875,0.30859375,0.019775390625
step_1338_q_0,6.866455078125e-05,0.64453125,0.0010528564453125,0.00787353515625,0.00170135498046875,0.0010833740234375,0.00083160400390625,0.0086669921875,0.0025634765625,0.004364013671875,0.0016021728515625,0.00186920166015625,0.005767822265625,0.0021820068359375,0.018310546875,0.004791259765625,0.0028076171875,0.00165557861328125,0.00145721435546875,0.0021820068359375,0.00186920166015625,0.005096435546875,0.000942230224609375,0.0010833740234375,0.0010833740234375,0.005950927734375,0.00165557861328125,0.00075531005859375,0.01300048828125,0.00384521484375,0.0034942626953125,0.00165557861328125,0.0026397705078125,0.06591796875,0.0101318359375,0.005584716796875,0.0028076171875,0.0034942626953125,0.006744384765625,0.033203125,0.1123046875
step_1339_q_0,3.170967102050781e-05,0.8984375,0.00457763671875,0.0029449462890625,0.001434326171875,0.000579833984375,0.0002269744873046875,0.0012664794921875,0.0068359375,0.0306396484375,0.00567626953125,0.0035552978515625,0.0033416748046875,0.01361083984375,0.00061798095703125,0.006439208984375,0.00112152099609375,0.00046539306640625,0.00046539306640625,0.000274658203125,9.775161743164062e-05,0.00010919570922851562,0.00046539306640625,0.00067901611328125,0.00049591064453125,0.002227783203125,9.775161743164062e-05,0.00022029876708984375,0.0001659393310546875,0.002227783203125,0.001678466796875,0.0002346038818359375,0.0002918243408203125,0.00022029876708984375,0.0037841796875,0.0008697509765625,0.000164031982421875,0.000637054443359375,0.0003299713134765625,0.00115203857421875,0.002593994140625
step_1340_q_0,9.250640869140625e-05,0.8828125,0.0006866455078125,0.001678466796875,0.0021209716796875,0.00016880035400390625,9.489059448242188e-05,0.00023174285888671875,0.002899169921875,0.0006866455078125,0.0137939453125,0.00152587890625,0.004913330078125,0.01336669921875,0.00323486328125,0.01611328125,0.0020599365234375,0.00054931640625,0.0021209716796875,0.004150390625,0.001068115234375,0.00183868408203125,0.0020599365234375,0.000732421875,0.0012054443359375,0.004638671875,0.0006866455078125,0.0003070831298828125,0.000896453857421875,0.00506591796875,0.001434326171875,0.0034942626953125,0.00070953369140625,0.0038909912109375,0.0118408203125,0.000789642333984375,0.00098419189453125,0.000560760498046875,0.00116729736328125,0.000743865966796875,0.0038909912109375
step_1341_q_0,8.165836334228516e-06,0.96875,0.0032806396484375,0.0004444122314453125,0.00023746490478515625,2.4318695068359375e-05,0.00012302398681640625,5.054473876953125e-05,0.0003681182861328125,0.0228271484375,0.002899169921875,6.723403930664062e-05,0.00015354156494140625,0.00048828125,2.9325485229492188e-05,0.00010204315185546875,1.4483928680419922e-05,4.112720489501953e-06,3.218650817871094e-05,9.059906005859375e-06,3.528594970703125e-05,2.175569534301758e-06,1.71661376953125e-05,1.6242265701293945e-06,4.377216100692749e-07,0.000335693359375,6.631016731262207e-07,4.082918167114258e-06,2.041459083557129e-06,4.00543212890625e-05,9.012222290039062e-05,3.0249357223510742e-06,2.586841583251953e-05,3.6656856536865234e-06,8.726119995117188e-05,2.9325485229492188e-05,2.5033950805664062e-05,4.887580871582031e-06,1.0192394256591797e-05,3.075599670410156e-05,2.7060508728027344e-05
step_1342_q_0,0.00012302398681640625,0.77734375,0.00048828125,0.000278472900390625,0.0005035400390625,0.000156402587890625,8.106231689453125e-05,9.012222290039062e-05,0.0004444122314453125,0.0028076171875,0.00372314453125,0.00136566162109375,0.005950927734375,0.006317138671875,0.0142822265625,0.006317138671875,0.0012054443359375,0.00113677978515625,0.0020599365234375,0.000457763671875,0.00372314453125,0.003173828125,0.0016021728515625,0.003387451171875,0.0004100799560546875,0.004638671875,0.00145721435546875,0.00136566162109375,0.00057220458984375,0.001983642578125,0.006317138671875,0.00396728515625,0.0013275146484375,0.0235595703125,0.038818359375,0.0137939453125,0.01953125,0.011474609375,0.00982666015625,0.00787353515625,0.01519775390625
step_1343_q_0,0.000263214111328125,0.208984375,0.00116729736328125,0.001953125,0.0013427734375,0.000553131103515625,0.0004596710205078125,0.00140380859375,0.00311279296875,0.0014495849609375,0.00714111328125,0.000881195068359375,0.0033721923828125,0.030029296875,0.018798828125,0.0361328125,0.01007080078125,0.004119873046875,0.003021240234375,0.0025482177734375,0.000820159912109375,0.004547119140625,0.00860595703125,0.01141357421875,0.0091552734375,0.0032196044921875,0.0181884765625,0.007476806640625,0.005462646484375,0.0107421875,0.049560546875,0.0291748046875,0.030029296875,0.01708984375,0.1474609375,0.06982421875,0.02197265625,0.049560546875,0.01007080078125,0.11865234375,0.039794921875
step_1344_q_0,0.00250244140625,0.0029296875,0.271484375,0.00531005859375,0.0001316070556640625,0.00183868408203125,0.000286102294921875,0.0027618408203125,0.007720947265625,5.936622619628906e-05,0.30859375,0.0035400390625,0.00020313262939453125,0.328125,0.005157470703125,0.00180816650390625,0.00080108642578125,0.00180816650390625,0.000606536865234375,0.000518798828125,0.00098419189453125,0.000865936279296875,0.0002765655517578125,0.00092315673828125,0.00101470947265625,0.0004863739013671875,0.0037689208984375,0.00054168701171875,0.00010919570922851562,0.0003662109375,0.00095367431640625,0.0027618408203125,0.00107574462890625,0.00640869140625,0.0032196044921875,0.01025390625,0.001922607421875,0.0017242431640625,0.0010986328125,0.00531005859375,0.001495361328125,0.006805419921875
step_1345_q_0,0.00041961669921875,0.000392913818359375,0.000736236572265625,0.0003070831298828125,0.000335693359375,0.00057220458984375,0.0004329681396484375,0.00083160400390625,0.00128936767578125,0.001007080078125,0.000392913818359375,0.0003070831298828125,0.00013828277587890625,0.00016880035400390625,0.000370025634765625,0.0011749267578125,0.00160980224609375,0.00103759765625,0.00146484375,0.0023345947265625,0.00616455078125,0.0086669921875,0.0079345703125,0.0030059814453125,0.001708984375,0.002410888671875,0.00182342529296875,0.00384521484375,0.004638671875,0.017822265625,0.01953125,0.0167236328125,0.0147705078125,0.022216796875,0.154296875,0.08251953125,0.08251953125,0.0771484375,0.154296875,0.14453125,0.05322265625,0.10595703125
step_1346_q_0,0.000392913818359375,0.423828125,0.015869140625,0.01165771484375,0.01129150390625,0.0145263671875,0.00994873046875,0.003448486328125,0.00933837890625,0.01361083984375,0.01806640625,0.02392578125,0.01806640625,0.0211181640625,0.0020904541015625,0.015869140625,0.0140380859375,0.00823974609375,0.0068359375,0.008544921875,0.01165771484375,0.01239013671875,0.0306396484375,0.01025390625,0.0054931640625,0.0020294189453125,0.002685546875,0.0068359375,0.0174560546875,0.06494140625,0.0140380859375,0.0140380859375,0.004547119140625,0.015869140625,0.046142578125,0.00799560546875,0.01129150390625,0.0037841796875,0.0169677734375,0.0029449462890625,0.006622314453125,0.040771484375
step_1347_q_0,0.0008087158203125,0.388671875,0.01507568359375,0.01171875,0.00689697265625,0.002349853515625,0.00173187255859375,0.0024261474609375,0.0081787109375,0.004119873046875,0.0225830078125,0.007568359375,0.01171875,0.1572265625,0.0240478515625,0.04638671875,0.0155029296875,0.0084228515625,0.0113525390625,0.004241943359375,0.0164794921875,0.012451171875,0.01226806640625,0.00628662109375,0.005523681640625,0.0064697265625,0.00445556640625,0.004058837890625,0.0084228515625,0.010498046875,0.006591796875,0.012451171875,0.005615234375,0.013916015625,0.051025390625,0.0233154296875,0.00872802734375,0.00482177734375,0.0076904296875,0.00445556640625,0.00482177734375,0.019287109375
step_1348_q_0,0.0006561279296875,0.53125,0.00628662109375,0.01312255859375,0.00445556640625,0.002685546875,0.0029296875,0.007598876953125,0.00946044921875,0.00872802734375,0.009033203125,0.007598876953125,0.003936767578125,0.01177978515625,0.0281982421875,0.003997802734375,0.051025390625,0.00433349609375,0.00555419921875,0.006011962890625,0.00946044921875,0.00347900390625,0.02490234375,0.00537109375,0.0184326171875,0.02734375,0.00848388671875,0.005828857421875,0.00445556640625,0.02197265625,0.007232666015625,0.00555419921875,0.006011962890625,0.00848388671875,0.00848388671875,0.04638671875,0.00506591796875,0.007720947265625,0.003692626953125,0.00701904296875,0.0078125,0.037353515625
step_1349_q_0,0.00040435791015625,0.75390625,0.002960205078125,0.005401611328125,0.00390625,0.00408935546875,0.0019989013671875,0.0037078857421875,0.005523681640625,0.00164794921875,0.01446533203125,0.001068115234375,0.0036773681640625,0.01312255859375,0.00592041015625,0.01007080078125,0.0107421875,0.005828857421875,0.0048828125,0.002777099609375,0.0027313232421875,0.0030975341796875,0.00811767578125,0.00823974609375,0.00347900390625,0.002227783203125,0.002960205078125,0.00106048583984375,0.00634765625,0.007598876953125,0.006561279296875,0.003509521484375,0.0033721923828125,0.0042724609375,0.0223388671875,0.00860595703125,0.0037078857421875,0.00714111328125,0.0038604736328125,0.0033721923828125,0.00634765625,0.026123046875
step_1350_q_0,0.0002593994140625,0.52734375,0.004852294921875,0.0029296875,0.0035400390625,0.0022125244140625,0.000720977783203125,0.0014801025390625,0.001434326171875,0.000553131103515625,0.00201416015625,5.507469177246094e-05,0.00130462646484375,0.0020751953125,0.00154876708984375,0.005645751953125,0.005157470703125,0.004150390625,0.004547119140625,0.0031280517578125,0.0023956298828125,0.0035400390625,0.002471923828125,0.0035400390625,0.0031280517578125,0.0030364990234375,0.00439453125,0.00180816650390625,0.00162506103515625,0.0038909912109375,0.01318359375,0.0087890625,0.0191650390625,0.01025390625,0.0096435546875,0.06298828125,0.0203857421875,0.04736328125,0.0245361328125,0.05712890625,0.1103515625,0.0135498046875
step_1351_q_0,4.2438507080078125e-05,0.06591796875,0.006744384765625,0.006744384765625,0.01080322265625,0.00787353515625,0.00165557861328125,0.007171630859375,0.00811767578125,0.013427734375,0.0228271484375,0.000942230224609375,0.0242919921875,0.01953125,0.01519775390625,0.04833984375,0.0250244140625,0.0220947265625,0.009521484375,0.0029449462890625,0.0302734375,0.038818359375,0.0302734375,0.018310546875,0.018310546875,0.0052490234375,0.0084228515625,0.01220703125,0.017822265625,0.0235595703125,0.0274658203125,0.00323486328125,0.0036163330078125,0.0201416015625,0.0242919921875,0.0142822265625,0.0341796875,0.07958984375,0.12353515625,0.052978515625,0.06005859375,0.0341796875
step_1352_q_0,0.0012359619140625,0.58984375,0.054931640625,0.0284423828125,0.0162353515625,0.0147705078125,0.001708984375,0.002197265625,0.0072021484375,0.0004825592041015625,0.034423828125,0.00153350830078125,0.0019683837890625,0.044189453125,0.003204345703125,0.01226806640625,0.00897216796875,0.00135040283203125,0.00139617919921875,0.0002956390380859375,0.00104522705078125,0.00080108642578125,0.00113677978515625,0.001556396484375,0.00077056884765625,0.006072998046875,0.00113677978515625,0.0030059814453125,0.000324249267578125,0.0008087158203125,0.008056640625,0.006561279296875,0.002532958984375,0.0048828125,0.0322265625,0.017822265625,0.01904296875,0.0086669921875,0.01190185546875,0.017333984375,0.00543212890625,0.021484375
step_1353_q_0,5.9604644775390625e-05,0.79296875,0.000537872314453125,0.003143310546875,0.006866455078125,0.005859375,0.0014190673828125,0.002777099609375,0.008544921875,5.3882598876953125e-05,0.0093994140625,0.00014209747314453125,8.821487426757812e-05,0.0040283203125,0.0106201171875,0.00970458984375,0.010986328125,0.005859375,0.00665283203125,0.0040283203125,0.000347137451171875,0.000431060791015625,0.00604248046875,0.0028533935546875,0.000736236572265625,0.000530242919921875,0.000820159912109375,0.0010833740234375,0.000579833984375,0.010009765625,0.00799560546875,0.002227783203125,0.0023651123046875,0.0009918212890625,0.0211181640625,0.0164794921875,0.0050048828125,0.005340576171875,0.000736236572265625,0.001251220703125,0.001251220703125,0.0279541015625
step_1354_q_0,0.0003185272216796875,0.890625,0.00311279296875,0.00439453125,0.007232666015625,0.004119873046875,0.0018310546875,0.005645751953125,0.010498046875,0.0002803802490234375,0.007232666015625,0.0003185272216796875,0.0003604888916015625,0.001220703125,0.00151824951171875,0.003204345703125,0.00147247314453125,0.00055694580078125,0.0003604888916015625,0.000225067138671875,8.821487426757812e-05,0.0002727508544921875,0.000949859619140625,0.0003070831298828125,0.00151824951171875,0.001220703125,0.0002803802490234375,6.771087646484375e-05,0.000492095947265625,0.0012969970703125,0.00147247314453125,0.000492095947265625,0.001220703125,0.005645751953125,0.005645751953125,0.0009765625,0.00250244140625,0.00138092041015625,0.00147247314453125,0.004119873046875,0.003875732421875,0.0208740234375
step_1355_q_0,1.2159347534179688e-05,0.23828125,0.000553131103515625,0.000247955322265625,0.000148773193359375,2.753734588623047e-05,1.0073184967041016e-05,4.982948303222656e-05,0.0003681182861328125,0.0030975341796875,0.000820159912109375,0.0012664794921875,0.00130462646484375,0.001251220703125,0.0004711151123046875,0.002227783203125,0.00079345703125,0.000591278076171875,0.000553131103515625,0.0019989013671875,0.0010528564453125,0.00121307373046875,0.0028076171875,0.005767822265625,0.0003871917724609375,0.0010528564453125,0.00103759765625,0.00098419189453125,0.00384521484375,0.01220703125,0.0302734375,0.00787353515625,0.00921630859375,0.00921630859375,0.2236328125,0.0302734375,0.07470703125,0.07470703125,0.052978515625,0.06396484375,0.08203125,0.056396484375
step_1356_q_0,0.000812530517578125,0.032470703125,0.07763671875,0.1865234375,0.0390625,0.0079345703125,0.0001811981201171875,0.000762939453125,0.023681640625,0.00142669677734375,0.053466796875,0.00142669677734375,0.02099609375,0.2890625,0.04443359375,0.06884765625,0.030517578125,0.0029296875,0.0033111572265625,0.000408172607421875,0.000240325927734375,0.000476837158203125,0.005828857421875,0.000919342041015625,0.00032806396484375,0.017333984375,0.0001926422119140625,8.96453857421875e-05,0.00019931793212890625,0.004241943359375,0.004119873046875,0.000476837158203125,0.00020503997802734375,0.000614166259765625,0.060546875,0.00274658203125,0.00043487548828125,0.000308990478515625,0.0002727508544921875,0.000949859619140625,0.0007171630859375,0.0126953125
step_1357_q_0,0.0005340576171875,0.5546875,0.0036163330078125,0.01385498046875,0.00970458984375,0.0086669921875,0.0037994384765625,0.007415771484375,0.01226806640625,0.0020904541015625,0.01031494140625,0.000827789306640625,0.0033416748046875,0.02587890625,0.040283203125,0.033203125,0.0084228515625,0.00830078125,0.006072998046875,0.00457763671875,0.0032501220703125,0.0059814453125,0.0079345703125,0.00616455078125,0.0030517578125,0.004791259765625,0.025146484375,0.017333984375,0.0189208984375,0.025146484375,0.0302734375,0.01080322265625,0.013427734375,0.02587890625,0.0201416015625,0.010986328125,0.00142669677734375,0.002685546875,0.0027313232421875,0.0024871826171875,0.0018768310546875,0.00167083740234375
step_1358_q_0,7.808208465576172e-06,0.10546875,7.486343383789062e-05,0.000782012939453125,0.000446319580078125,0.000759124755859375,9.775161743164062e-05,0.000392913818359375,0.0011749267578125,0.00020122528076171875,0.005950927734375,0.0001316070556640625,0.0003414154052734375,0.000759124755859375,2.5272369384765625e-05,0.000782012939453125,0.000858306884765625,0.001068115234375,0.000537872314453125,7.152557373046875e-05,1.7642974853515625e-05,3.266334533691406e-05,0.0016021728515625,0.00022029876708984375,0.0004177093505859375,0.0019989013671875,4.100799560546875e-05,7.361173629760742e-06,7.963180541992188e-05,0.000591278076171875,0.00064849853515625,4.887580871582031e-05,3.933906555175781e-05,0.0002384185791015625,0.013427734375,0.004791259765625,0.001007080078125,0.000690460205078125,0.000885009765625,0.00145721435546875,0.020751953125,0.83203125
step_1359_q_0,0.000919342041015625,0.7265625,0.00191497802734375,0.0034027099609375,0.0034637451171875,0.0015106201171875,0.0003376007080078125,0.0013580322265625,0.003936767578125,0.00022983551025390625,0.0030975341796875,0.0022735595703125,0.00107574462890625,0.005889892578125,0.0030517578125,0.017578125,0.00970458984375,0.004302978515625,0.00069427490234375,0.000888824462890625,0.000759124755859375,0.00103759765625,0.0022430419921875,0.000888824462890625,0.000701904296875,0.004058837890625,0.0019683837890625,0.00191497802734375,0.00160980224609375,0.0064697265625,0.005035400390625,0.00146484375,0.006683349609375,0.002105712890625,0.01416015625,0.032958984375,0.0113525390625,0.004302978515625,0.01068115234375,0.0263671875,0.01708984375,0.055908203125
step_1360_q_0,1.919269561767578e-05,0.84375,0.00122833251953125,0.0020751953125,0.00066375732421875,0.000156402587890625,7.963180541992188e-05,0.00144195556640625,0.0028839111328125,0.00021648406982421875,0.01092529296875,0.0010223388671875,0.00176239013671875,0.0242919921875,0.01104736328125,0.0087890625,0.0037994384765625,0.0014495849609375,0.00133514404296875,0.000652313232421875,0.00043487548828125,0.00030517578125,0.0030059814453125,0.00067138671875,0.0009613037109375,0.0069580078125,0.000614166259765625,0.0003986358642578125,0.004058837890625,0.004486083984375,0.0054931640625,0.0023345947265625,0.002197265625,0.007049560546875,0.0242919921875,0.0037994384765625,0.000762939453125,0.000957489013671875,0.00135040283203125,0.00165557861328125,0.0019378662109375,0.01007080078125
step_1361_q_0,2.7298927307128906e-05,0.447265625,0.00177001953125,0.00182342529296875,0.00102996826171875,0.0004482269287109375,7.581710815429688e-05,0.0004215240478515625,0.000843048095703125,0.00075531005859375,0.002044677734375,0.00138092041015625,0.01483154296875,0.064453125,0.007568359375,0.037841796875,0.00885009765625,0.00238037109375,0.0004749298095703125,0.000946044921875,0.00145721435546875,0.00182342529296875,0.01116943359375,0.00286865234375,0.00188446044921875,0.00732421875,0.00102996826171875,0.00102996826171875,0.00182342529296875,0.0093994140625,0.020263671875,0.0024261474609375,0.0013885498046875,0.0032501220703125,0.02685546875,0.07275390625,0.0216064453125,0.0216064453125,0.060546875,0.050048828125,0.04150390625,0.04296875
step_1362_q_0,0.000457763671875,0.828125,0.000911712646484375,0.005401611328125,0.0037078857421875,0.00150299072265625,0.00034332275390625,0.00164794921875,0.002044677734375,0.00164794921875,0.0032806396484375,0.0026397705078125,0.0032806396484375,0.00836181640625,0.00946044921875,0.01141357421875,0.0010833740234375,0.00034332275390625,0.0006561279296875,0.001129150390625,0.0034332275390625,0.002288818359375,0.00106048583984375,0.0005340576171875,0.000675201416015625,0.0038299560546875,0.0008697509765625,0.0008544921875,0.000732421875,0.0032806396484375,0.0067138671875,0.0038909912109375,0.0034942626953125,0.00506591796875,0.01513671875,0.0177001953125,0.01220703125,0.007171630859375,0.0047607421875,0.00592041015625,0.005401611328125,0.00811767578125
step_1363_q_0,3.24249267578125e-05,0.043212890625,0.0035552978515625,0.0185546875,0.01092529296875,0.01025390625,0.00567626953125,0.035888671875,0.053955078125,0.0004100799560546875,0.2001953125,0.01495361328125,0.006439208984375,0.12109375,0.02880859375,0.03369140625,0.03369140625,0.005157470703125,0.003448486328125,0.0037841796875,0.02978515625,0.015869140625,0.043212890625,0.0037841796875,0.0140380859375,0.0185546875,0.0033416748046875,0.001434326171875,0.005340576171875,0.0211181640625,0.0140380859375,0.0031280517578125,0.00390625,0.00823974609375,0.057373046875,0.021728515625,0.0019683837890625,0.002685546875,0.00909423828125,0.04052734375,0.0037841796875,0.043212890625
step_1364_q_0,0.000946044921875,0.5,0.015625,0.0283203125,0.0194091796875,0.012939453125,0.0040283203125,0.01177978515625,0.0234375,0.00225830078125,0.061767578125,0.00848388671875,0.0089111328125,0.06591796875,0.01007080078125,0.0274658203125,0.01470947265625,0.0035400390625,0.00170135498046875,0.0020904541015625,0.003387451171875,0.0017852783203125,0.0067138671875,0.0011444091796875,0.00167083740234375,0.015625,0.00104522705078125,0.00054168701171875,0.0028076171875,0.0040283203125,0.0052490234375,0.00153350830078125,0.004913330078125,0.0028533935546875,0.020751953125,0.018310546875,0.0067138671875,0.007171630859375,0.022705078125,0.0172119140625,0.0137939453125,0.01470947265625
step_1365_q_0,4.124641418457031e-05,0.94921875,0.0004711151123046875,0.0004119873046875,0.00016498565673828125,0.000354766845703125,0.00164031982421875,0.001922607421875,0.00128173828125,0.000518798828125,0.00250244140625,0.0004825592041015625,0.00022792816162109375,0.00164031982421875,0.00174713134765625,0.00131988525390625,0.000690460205078125,0.00106048583984375,0.001129150390625,0.0003643035888671875,0.000652313232421875,0.000690460205078125,0.0023956298828125,0.00090789794921875,0.0004119873046875,0.000446319580078125,0.000759124755859375,0.00035858154296875,0.0042724609375,0.00118255615234375,0.0013427734375,0.002044677734375,0.00174713134765625,0.006011962890625,0.00159454345703125,0.004058837890625,0.0004596710205078125,0.000553131103515625,0.0004634857177734375,0.00080108642578125,0.000408172607421875,0.00104522705078125
step_1366_q_0,0.00136566162109375,0.6328125,0.00274658203125,0.0038909912109375,0.004547119140625,0.004119873046875,0.006591796875,0.015380859375,0.0185546875,0.0029296875,0.0174560546875,0.006591796875,0.006011962890625,0.031494140625,0.00531005859375,0.02099609375,0.011962890625,0.006195068359375,0.00125885009765625,0.00131988525390625,0.000652313232421875,0.001129150390625,0.0031280517578125,0.00142669677734375,0.00482177734375,0.01397705078125,0.00167083740234375,0.0003604888916015625,0.0012054443359375,0.003326416015625,0.0036468505859375,0.00201416015625,0.003021240234375,0.006011962890625,0.0252685546875,0.0123291015625,0.0035400390625,0.006011962890625,0.007476806640625,0.00958251953125,0.011962890625,0.07568359375
step_1367_q_0,0.000392913818359375,0.435546875,0.002349853515625,0.0047607421875,0.0029296875,0.00177764892578125,0.000698089599609375,0.001922607421875,0.006805419921875,0.007354736328125,0.00714111328125,0.00133514404296875,0.006317138671875,0.02099609375,0.0135498046875,0.016845703125,0.00421142578125,0.004058837890625,0.00445556640625,0.007598876953125,0.00823974609375,0.00531005859375,0.00958251953125,0.00421142578125,0.00066375732421875,0.00555419921875,0.000888824462890625,0.000888824462890625,0.00531005859375,0.007598876953125,0.0135498046875,0.007598876953125,0.0103759765625,0.00811767578125,0.048828125,0.032470703125,0.033447265625,0.015869140625,0.04052734375,0.0458984375,0.09716796875,0.04736328125
step_1368_q_0,0.000823974609375,0.2216796875,0.0264892578125,0.08642578125,0.0299072265625,0.0233154296875,0.0032501220703125,0.0159912109375,0.033935546875,0.00628662109375,0.1044921875,0.0113525390625,0.0673828125,0.18359375,0.01287841796875,0.0264892578125,0.006072998046875,0.0012359619140625,0.000331878662109375,0.0002765655517578125,0.00106048583984375,0.00115966796875,0.00168609619140625,0.00022125244140625,0.000202178955078125,0.055908203125,0.00011157989501953125,1.6927719116210938e-05,0.000400543212890625,0.00087738037109375,0.00115966796875,6.771087646484375e-05,0.00010156631469726562,0.0001983642578125,0.0247802734375,0.001739501953125,0.00060272216796875,0.0012359619140625,0.00238037109375,0.01416015625,0.00335693359375,0.0264892578125
step_1369_q_0,0.000728607177734375,0.55078125,0.004669189453125,0.007415771484375,0.0031280517578125,0.00238037109375,0.0026092529296875,0.0087890625,0.00958251953125,0.001800537109375,0.011474609375,0.0036163330078125,0.00811767578125,0.01495361328125,0.0201416015625,0.01495361328125,0.005950927734375,0.0189208984375,0.00860595703125,0.004974365234375,0.00604248046875,0.00799560546875,0.0189208984375,0.00799560546875,0.0089111328125,0.0322265625,0.00982666015625,0.005462646484375,0.01544189453125,0.01165771484375,0.0439453125,0.01385498046875,0.0027313232421875,0.01611328125,0.06689453125,0.004058837890625,0.0016021728515625,0.00177764892578125,0.00604248046875,0.00421142578125,0.0035247802734375,0.005645751953125
step_1370_q_0,1.055002212524414e-05,0.06982421875,2.777576446533203e-05,0.000621795654296875,0.000774383544921875,0.00038909912109375,0.000286102294921875,0.000484466552734375,0.00128173828125,9.5367431640625e-05,0.00689697265625,0.00038909912109375,0.000751495361328125,0.000621795654296875,4.2438507080078125e-05,0.000751495361328125,0.0003337860107421875,0.000774383544921875,0.0001621246337890625,4.363059997558594e-05,7.241964340209961e-06,6.771087646484375e-05,0.0014495849609375,0.0001621246337890625,6.341934204101562e-05,0.00445556640625,1.0073184967041016e-05,1.0207295417785645e-06,7.43865966796875e-05,0.00164031982421875,0.00090789794921875,1.609325408935547e-05,2.5272369384765625e-05,4.100799560546875e-05,0.032958984375,0.00946044921875,0.0027008056640625,0.000774383544921875,0.000682830810546875,0.00174713134765625,0.0078125,0.8515625
step_1371_q_0,9.584426879882812e-05,0.0859375,0.00019359588623046875,0.0008392333984375,0.00118255615234375,0.000896453857421875,0.0024261474609375,0.005157470703125,0.00531005859375,0.00022602081298828125,0.00439453125,0.0024261474609375,0.007049560546875,0.0230712890625,0.00994873046875,0.03369140625,0.0054931640625,0.0037689208984375,0.00095367431640625,0.000614166259765625,0.0015716552734375,0.00469970703125,0.01275634765625,0.00104522705078125,0.000896453857421875,0.00799560546875,0.000675201416015625,0.00017642974853515625,0.00531005859375,0.02783203125,0.03369140625,0.00531005859375,0.00640869140625,0.0174560546875,0.08056640625,0.16015625,0.0458984375,0.03369140625,0.150390625,0.052001953125,0.09130859375,0.06689453125
step_1372_q_0,4.9114227294921875e-05,0.46875,0.003570556640625,0.0037994384765625,0.00140380859375,0.00144195556640625,0.00164031982421875,0.021240234375,0.004302978515625,0.00023174285888671875,0.029052734375,0.010009765625,0.0218505859375,0.038330078125,0.019287109375,0.00860595703125,0.00830078125,0.00537109375,0.0022430419921875,0.000640869140625,0.00689697265625,0.006072998046875,0.00191497802734375,0.00023555755615234375,0.002777099609375,0.029052734375,0.0002117156982421875,0.00014495849609375,0.005706787109375,0.0159912109375,0.008056640625,0.00140380859375,0.005523681640625,0.0027008056640625,0.0673828125,0.0576171875,0.0019683837890625,0.0155029296875,0.0113525390625,0.042236328125,0.0299072265625,0.037353515625
step_1373_q_0,0.000141143798828125,0.494140625,0.0029754638671875,0.002593994140625,0.000629425048828125,0.000621795654296875,0.000484466552734375,0.0015869140625,0.005218505859375,0.0017242431640625,0.006500244140625,0.0021514892578125,0.007720947265625,0.02783203125,0.007720947265625,0.01397705078125,0.0032196044921875,0.002044677734375,0.0002269744873046875,0.0005340576171875,0.000438690185546875,0.00147247314453125,0.0038909912109375,0.00165557861328125,0.0009765625,0.019775390625,6.008148193359375e-05,6.866455078125e-05,0.000888824462890625,0.003021240234375,0.0042724609375,0.00101470947265625,0.0026702880859375,0.00714111328125,0.0223388671875,0.02783203125,0.019775390625,0.0203857421875,0.12109375,0.025390625,0.08837890625,0.0458984375
step_1374_q_0,0.00165557861328125,0.51171875,0.00885009765625,0.0218505859375,0.0159912109375,0.005340576171875,0.00390625,0.00830078125,0.0150146484375,0.005615234375,0.0113525390625,0.00408935546875,0.0150146484375,0.0186767578125,0.0150146484375,0.0093994140625,0.005523681640625,0.00103759765625,0.000286102294921875,0.000820159912109375,0.002166748046875,0.0032501220703125,0.0024871826171875,0.00098419189453125,0.00091552734375,0.00830078125,0.000423431396484375,0.000308990478515625,0.0015106201171875,0.01031494140625,0.007537841796875,0.005706787109375,0.0150146484375,0.0106201171875,0.0654296875,0.0419921875,0.010009765625,0.0164794921875,0.017578125,0.0263671875,0.01806640625,0.053955078125
step_1375_q_0,1.0788440704345703e-05,0.010009765625,0.00016689300537109375,0.00567626953125,0.004150390625,0.00323486328125,0.00604248046875,0.01544189453125,0.01202392578125,0.00011444091796875,0.057373046875,0.01202392578125,0.013671875,0.061279296875,0.15625,0.0289306640625,0.0164794921875,0.0019073486328125,0.00173187255859375,0.00323486328125,0.003448486328125,0.0198974609375,0.0198974609375,0.0025177001953125,0.00323486328125,0.0164794921875,0.000598907470703125,0.0002498626708984375,0.0087890625,0.053955078125,0.03271484375,0.0036773681640625,0.0198974609375,0.0255126953125,0.166015625,0.03076171875,0.00604248046875,0.0224609375,0.0419921875,0.0693359375,0.0224609375,0.0198974609375
step_1376_q_0,0.000186920166015625,0.4140625,0.003021240234375,0.0133056640625,0.00946044921875,0.00836181640625,0.02001953125,0.018798828125,0.0133056640625,0.004119873046875,0.004608154296875,0.005401611328125,0.0133056640625,0.00836181640625,0.00946044921875,0.0057373046875,0.01177978515625,0.00482177734375,0.0022735595703125,0.0025482177734375,0.005828857421875,0.00860595703125,0.003814697265625,0.00118255615234375,0.0014495849609375,0.012939453125,0.000774383544921875,0.0005950927734375,0.01373291015625,0.005401611328125,0.00640869140625,0.005401611328125,0.003814697265625,0.0091552734375,0.0291748046875,0.032958984375,0.031982421875,0.032958984375,0.08447265625,0.07666015625,0.0291748046875,0.030029296875
step_1377_q_0,0.000171661376953125,0.859375,0.006988525390625,0.01385498046875,0.005096435546875,0.0015106201171875,0.00396728515625,0.00384521484375,0.00494384765625,0.0201416015625,0.011474609375,0.0018157958984375,0.0031890869140625,0.00494384765625,0.004791259765625,0.00176239013671875,0.0002918243408203125,0.0003414154052734375,0.0008087158203125,0.000278472900390625,0.000972747802734375,0.0004062652587890625,0.000972747802734375,0.00023174285888671875,0.00023174285888671875,0.00225830078125,0.0002346038818359375,0.0001277923583984375,0.000759124755859375,0.001251220703125,0.00165557861328125,0.0021209716796875,0.003509521484375,0.0084228515625,0.0025634765625,0.0032958984375,0.005096435546875,0.0032958984375,0.002410888671875,0.0025634765625,0.004364013671875,0.00494384765625
step_1378_q_0,0.00028228759765625,0.81640625,0.00604248046875,0.006622314453125,0.004425048828125,0.0054931640625,0.0054931640625,0.004852294921875,0.01275634765625,0.015869140625,0.01275634765625,0.0020904541015625,0.002227783203125,0.0062255859375,0.001953125,0.003448486328125,0.0025177001953125,0.00098419189453125,0.00083160400390625,0.000942230224609375,0.0006256103515625,0.0011138916015625,0.0027618408203125,0.002227783203125,0.00098419189453125,0.004150390625,0.001678466796875,0.000324249267578125,0.00183868408203125,0.0037841796875,0.0035552978515625,0.00135040283203125,0.002593994140625,0.002288818359375,0.01092529296875,0.0087890625,0.002593994140625,0.001953125,0.00244140625,0.0020294189453125,0.00823974609375,0.021728515625
step_1379_q_0,7.963180541992188e-05,0.435546875,0.0011138916015625,0.00112152099609375,0.0003833770751953125,0.000377655029296875,0.00012683868408203125,0.0001811981201171875,0.00112152099609375,0.0029296875,0.006927490234375,0.0002994537353515625,0.002288818359375,0.0098876953125,0.009033203125,0.00946044921875,0.004180908203125,0.00116729736328125,0.002044677734375,0.000568389892578125,0.00159454345703125,0.001007080078125,0.0029296875,0.0025787353515625,0.0002574920654296875,0.001922607421875,0.000873565673828125,0.000965118408203125,0.0057373046875,0.006195068359375,0.0269775390625,0.016357421875,0.014892578125,0.0223388671875,0.09130859375,0.03564453125,0.0625,0.014892578125,0.06884765625,0.031494140625,0.0458984375,0.05712890625
step_1380_q_0,0.00075531005859375,0.203125,0.07958984375,0.07470703125,0.024169921875,0.009765625,0.00225830078125,0.007171630859375,0.01336669921875,0.024169921875,0.11572265625,0.01336669921875,0.095703125,0.1484375,0.0166015625,0.01043701171875,0.0037078857421875,0.003387451171875,0.000911712646484375,0.00096893310546875,0.0007781982421875,0.0008544921875,0.000827789306640625,2.4318695068359375e-05,4.649162292480469e-05,0.033203125,4.458427429199219e-05,1.5854835510253906e-05,0.000644683837890625,0.00128173828125,0.0047607421875,0.0006256103515625,0.000732421875,0.00058746337890625,0.01336669921875,0.0089111328125,0.001983642578125,0.00113677978515625,0.00408935546875,0.01177978515625,0.018310546875,0.048095703125
step_1381_q_0,0.000274658203125,0.2138671875,0.001220703125,0.0076904296875,0.00186920166015625,0.00154876708984375,0.0037994384765625,0.010498046875,0.004364013671875,0.00616455078125,0.01031494140625,0.004302978515625,0.01904296875,0.0247802734375,0.0693359375,0.0152587890625,0.01287841796875,0.0233154296875,0.0155029296875,0.010986328125,0.0130615234375,0.055908203125,0.0595703125,0.0205078125,0.03271484375,0.008056640625,0.0255126953125,0.01348876953125,0.0673828125,0.038330078125,0.037109375,0.012451171875,0.00537109375,0.044921875,0.021240234375,0.00543212890625,0.0162353515625,0.01226806640625,0.0205078125,0.005126953125,0.01171875,0.0155029296875
step_1382_q_0,0.00029754638671875,0.25390625,0.002685546875,0.003509521484375,0.0037384033203125,0.00063323974609375,0.001068115234375,0.0015106201171875,0.001251220703125,0.0021209716796875,0.0048828125,0.0007781982421875,0.0032501220703125,0.0008087158203125,0.00015544891357421875,0.0007476806640625,0.000659942626953125,0.001312255859375,0.000514984130859375,3.8623809814453125e-05,1.704692840576172e-05,5.650520324707031e-05,0.0005340576171875,0.000324249267578125,0.0002574920654296875,0.005035400390625,5.364418029785156e-05,2.6941299438476562e-05,0.0005035400390625,0.0020904541015625,0.00384521484375,0.001556396484375,0.0003452301025390625,0.00113677978515625,0.00921630859375,0.0118408203125,0.005279541015625,0.00079345703125,0.002685546875,0.0037384033203125,0.058349609375,0.609375
step_1383_q_0,0.000118255615234375,0.095703125,0.00170135498046875,0.0038299560546875,0.001922607421875,0.00124359130859375,0.00433349609375,0.0027923583984375,0.00183868408203125,0.004608154296875,0.002716064453125,0.0003795623779296875,0.00201416015625,0.0037078857421875,0.018310546875,0.005218505859375,0.0003604888916015625,0.00125885009765625,0.00170135498046875,0.0013885498046875,0.000728607177734375,0.0025482177734375,0.0020751953125,0.00101470947265625,0.00022983551025390625,0.0028839111328125,0.004608154296875,0.005218505859375,0.0103759765625,0.0017242431640625,0.01104736328125,0.2294921875,0.052734375,0.0869140625,0.01336669921875,0.041015625,0.06591796875,0.031982421875,0.138671875,0.0291748046875,0.052734375,0.059814453125
step_1384_q_0,3.0040740966796875e-05,0.28515625,0.00946044921875,0.0003337860107421875,0.000339508056640625,0.00060272216796875,0.000484466552734375,0.0022430419921875,0.00433349609375,0.000484466552734375,0.008056640625,0.0024566650390625,0.01611328125,0.0166015625,0.000568389892578125,0.009765625,0.0030670166015625,0.008056640625,0.01214599609375,0.0011444091796875,0.001861572265625,0.006103515625,0.007598876953125,0.001922607421875,0.00174713134765625,0.057861328125,0.003265380859375,0.0047607421875,0.003814697265625,0.0078125,0.02490234375,0.0016937255859375,0.004913330078125,0.025634765625,0.08154296875,0.00860595703125,0.00102996826171875,0.02197265625,0.002105712890625,0.0791015625,0.0869140625,0.18359375
step_1385_q_0,0.000217437744140625,0.421875,0.006103515625,0.00107574462890625,0.0005035400390625,0.0003070831298828125,0.000499725341796875,0.00396728515625,0.0015716552734375,0.00787353515625,0.002288818359375,0.00482177734375,0.00592041015625,0.0022125244140625,0.0031890869140625,0.006500244140625,0.0091552734375,0.004241943359375,0.00107574462890625,0.001190185546875,0.00555419921875,0.00238037109375,0.0047607421875,0.0015716552734375,0.006500244140625,0.004547119140625,0.00167083740234375,0.00115203857421875,0.004425048828125,0.00811767578125,0.0194091796875,0.019775390625,0.0135498046875,0.02099609375,0.08056640625,0.06689453125,0.0123291015625,0.05712890625,0.036865234375,0.0732421875,0.0269775390625,0.04736328125
step_1386_q_0,6.4849853515625e-05,0.400390625,0.0032501220703125,0.0031585693359375,0.00138092041015625,0.0003719329833984375,0.000377655029296875,0.004608154296875,0.004608154296875,0.01068115234375,0.004302978515625,0.001800537109375,0.010009765625,0.00970458984375,0.00970458984375,0.01373291015625,0.002532958984375,0.0012969970703125,0.000400543212890625,0.000652313232421875,0.00119781494140625,0.004302978515625,0.002105712890625,0.0015869140625,0.000919342041015625,0.010009765625,0.000659942626953125,0.00043487548828125,0.01251220703125,0.007568359375,0.0091552734375,0.00115966796875,0.001007080078125,0.0361328125,0.043701171875,0.005218505859375,0.002532958984375,0.002960205078125,0.00830078125,0.0225830078125,0.04931640625,0.29296875
step_1387_q_0,0.0001220703125,0.39453125,0.028564453125,0.006591796875,0.00182342529296875,0.00054168701171875,0.00032806396484375,0.0004482269287109375,0.0012969970703125,0.4765625,0.01153564453125,0.005279541015625,0.00482177734375,0.017333984375,0.000652313232421875,0.00616455078125,0.00188446044921875,0.0016632080078125,0.0007171630859375,0.000270843505859375,0.0001697540283203125,8.296966552734375e-05,0.00054168701171875,0.00121307373046875,0.000629425048828125,0.00579833984375,0.000476837158203125,0.000492095947265625,0.000270843505859375,0.00138092041015625,0.005462646484375,0.00107574462890625,0.0006103515625,0.000186920166015625,0.0059814453125,0.0035247802734375,0.0003490447998046875,0.0008087158203125,0.000736236572265625,0.000461578369140625,0.0019989013671875,0.0074462890625
step_1388_q_0,0.00018024444580078125,0.8828125,0.00113677978515625,0.0040283203125,0.0020294189453125,0.00031280517578125,9.298324584960938e-05,0.000255584716796875,0.00162506103515625,0.00244140625,0.0177001953125,0.002471923828125,0.00738525390625,0.0101318359375,0.0040283203125,0.0089111328125,0.005767822265625,0.000812530517578125,0.001953125,0.002593994140625,0.00130462646484375,0.00183868408203125,0.00113677978515625,0.00113677978515625,0.0028533935546875,0.00604248046875,0.000518798828125,0.00023174285888671875,0.000621795654296875,0.002227783203125,0.0013885498046875,0.00469970703125,0.000637054443359375,0.00225830078125,0.005584716796875,0.001434326171875,0.0006866455078125,0.0013275146484375,0.001190185546875,0.00061798095703125,0.00164794921875,0.004638671875
step_1389_q_0,2.9325485229492188e-05,0.87109375,0.0128173828125,0.000957489013671875,0.000392913818359375,4.4345855712890625e-05,0.00019741058349609375,6.532669067382812e-05,0.0003814697265625,0.10400390625,0.005859375,0.0003757476806640625,0.000659942626953125,0.000873565673828125,2.9802322387695312e-05,0.000125885009765625,2.5510787963867188e-05,8.881092071533203e-06,4.76837158203125e-05,1.9073486328125e-05,0.000164031982421875,9.179115295410156e-06,5.125999450683594e-05,6.616115570068359e-06,1.3932585716247559e-06,0.000659942626953125,1.7210841178894043e-06,6.705522537231445e-06,4.500150680541992e-06,7.963180541992188e-05,0.00021076202392578125,3.203749656677246e-06,5.245208740234375e-05,2.3990869522094727e-06,8.249282836914062e-05,7.62939453125e-05,2.1457672119140625e-05,9.298324584960938e-06,1.1205673217773438e-05,2.384185791015625e-05,1.1146068572998047e-05,0.000873565673828125
step_1390_q_0,0.000423431396484375,0.6328125,0.0038909912109375,0.0015716552734375,0.0008392333984375,7.772445678710938e-05,8.869171142578125e-05,0.00014209747314453125,0.00098419189453125,0.0179443359375,0.0191650390625,0.0032196044921875,0.01446533203125,0.015869140625,0.052001953125,0.0054931640625,0.0022125244140625,0.0031280517578125,0.0068359375,0.000743865966796875,0.0068359375,0.0035400390625,0.003326416015625,0.00531005859375,0.000675201416015625,0.00848388671875,0.00439453125,0.000423431396484375,0.0027618408203125,0.002288818359375,0.00531005859375,0.032470703125,0.00147247314453125,0.07568359375,0.01446533203125,0.006011962890625,0.0032196044921875,0.007049560546875,0.01025390625,0.0021514892578125,0.00823974609375,0.01275634765625
step_1391_q_0,0.0003662109375,0.2099609375,0.0023956298828125,0.0030364990234375,0.0031280517578125,0.00060272216796875,0.0003814697265625,0.00075531005859375,0.004638671875,0.0030364990234375,0.01519775390625,0.0012359619140625,0.00604248046875,0.046875,0.015625,0.04833984375,0.00799560546875,0.0034942626953125,0.0023956298828125,0.00083160400390625,0.00070953369140625,0.0028076171875,0.0118408203125,0.00836181640625,0.00775146484375,0.0026397705078125,0.0062255859375,0.002593994140625,0.004852294921875,0.01300048828125,0.04248046875,0.0201416015625,0.0142822265625,0.00750732421875,0.1396484375,0.041259765625,0.01470947265625,0.020751953125,0.0032806396484375,0.01519775390625,0.0274658203125,0.216796875
step_1392_q_0,0.0002574920654296875,0.0054931640625,0.11767578125,0.01165771484375,0.0003986358642578125,0.00799560546875,0.0027618408203125,0.01239013671875,0.007293701171875,8.153915405273438e-05,0.30078125,0.000579833984375,0.0010833740234375,0.3203125,0.01239013671875,0.004852294921875,0.0050048828125,0.01361083984375,0.00173187255859375,0.005157470703125,0.0068359375,0.005157470703125,0.00102996826171875,0.00189971923828125,0.0062255859375,0.0013275146484375,0.01165771484375,0.002288818359375,0.000698089599609375,0.00122833251953125,0.0027618408203125,0.006439208984375,0.007293701171875,0.00775146484375,0.007049560546875,0.039306640625,0.0068359375,0.01025390625,0.0040283203125,0.0191650390625,0.00750732421875,0.0068359375,0.00604248046875
step_1393_q_0,0.0003376007080078125,0.000278472900390625,0.000888824462890625,0.0004329681396484375,0.000759124755859375,0.00021076202392578125,0.000102996826171875,0.00010776519775390625,0.0003814697265625,0.00165557861328125,0.00064849853515625,0.000537872314453125,0.0003070831298828125,0.00014019012451171875,0.00029754638671875,0.0002880096435546875,0.000591278076171875,0.00041961669921875,0.00029754638671875,0.000316619873046875,0.00041961669921875,0.000835418701171875,0.001708984375,0.0008087158203125,0.000690460205078125,0.0009765625,0.000263214111328125,0.0004062652587890625,0.00110626220703125,0.005279541015625,0.00494384765625,0.004241943359375,0.004638671875,0.0029144287109375,0.0101318359375,0.0147705078125,0.017822265625,0.0157470703125,0.03125,0.037841796875,0.109375,0.62890625,0.09619140625
step_1394_q_0,0.00011730194091796875,0.126953125,0.026611328125,0.031982421875,0.02490234375,0.0089111328125,0.005401611328125,0.005401611328125,0.02197265625,0.031982421875,0.07666015625,0.041259765625,0.052734375,0.06396484375,0.004608154296875,0.036376953125,0.01611328125,0.01336669921875,0.004608154296875,0.0023193359375,0.0125732421875,0.01513671875,0.031982421875,0.003936767578125,0.00421142578125,0.00093841552734375,0.0025482177734375,0.00421142578125,0.01177978515625,0.046630859375,0.0023193359375,0.01611328125,0.005401611328125,0.020751953125,0.0986328125,0.0033721923828125,0.0067138671875,0.005401611328125,0.018310546875,0.00506591796875,0.0033721923828125,0.06396484375,0.020751953125
step_1395_q_0,0.0003604888916015625,0.1982421875,0.017822265625,0.01153564453125,0.0079345703125,0.002960205078125,0.0024871826171875,0.0033111572265625,0.01190185546875,0.006378173828125,0.023681640625,0.0059814453125,0.0078125,0.1640625,0.025146484375,0.056640625,0.01458740234375,0.012451171875,0.0152587890625,0.0045166015625,0.0113525390625,0.0078125,0.01904296875,0.01458740234375,0.005706787109375,0.006256103515625,0.00927734375,0.0059814453125,0.006072998046875,0.0167236328125,0.01153564453125,0.01324462890625,0.01068115234375,0.01904296875,0.080078125,0.054931640625,0.017822265625,0.005889892578125,0.01458740234375,0.00732421875,0.00927734375,0.044189453125,0.0152587890625
step_1396_q_0,0.000202178955078125,0.7578125,0.0036163330078125,0.003509521484375,0.00124359130859375,0.000827789306640625,0.000614166259765625,0.000827789306640625,0.0019683837890625,0.00099945068359375,0.002349853515625,0.00124359130859375,0.0036773681640625,0.007415771484375,0.00982666015625,0.0045166015625,0.0155029296875,0.00335693359375,0.003509521484375,0.002777099609375,0.0030517578125,0.001129150390625,0.0198974609375,0.004302978515625,0.004302978515625,0.00390625,0.002777099609375,0.0026092529296875,0.0020599365234375,0.0093994140625,0.004364013671875,0.002716064453125,0.00160980224609375,0.004791259765625,0.00897216796875,0.013427734375,0.0037994384765625,0.003570556640625,0.00494384765625,0.0028839111328125,0.0079345703125,0.03125,0.0302734375
step_1397_q_0,0.000644683837890625,0.455078125,0.0034942626953125,0.014892578125,0.00787353515625,0.007781982421875,0.0072021484375,0.0194091796875,0.00799560546875,0.005279541015625,0.0245361328125,0.0016632080078125,0.004425048828125,0.02099609375,0.0223388671875,0.0230712890625,0.0145263671875,0.00927734375,0.01202392578125,0.004547119140625,0.00897216796875,0.004180908203125,0.008544921875,0.00799560546875,0.005859375,0.00531005859375,0.01373291015625,0.0022735595703125,0.0206298828125,0.0166015625,0.0133056640625,0.0179443359375,0.01165771484375,0.006011962890625,0.043701171875,0.03515625,0.006927490234375,0.0128173828125,0.007354736328125,0.005859375,0.011962890625,0.029541015625,0.0361328125
step_1398_q_0,0.0004119873046875,0.6171875,0.0020599365234375,0.0031280517578125,0.002899169921875,0.000545501708984375,0.00034332275390625,0.0012664794921875,0.0019989013671875,0.000957489013671875,0.00145721435546875,0.0001010894775390625,0.00193023681640625,0.00141143798828125,0.00193023681640625,0.00909423828125,0.00299072265625,0.0023651123046875,0.00604248046875,0.0029449462890625,0.0096435546875,0.00384521484375,0.003448486328125,0.003387451171875,0.0013885498046875,0.005157470703125,0.0042724609375,0.0011138916015625,0.00225830078125,0.004791259765625,0.00933837890625,0.008544921875,0.0128173828125,0.01092529296875,0.01129150390625,0.0203857421875,0.00775146484375,0.01361083984375,0.015869140625,0.027099609375,0.0947265625,0.01129150390625,0.057373046875
step_1399_q_0,0.0003204345703125,0.201171875,0.003570556640625,0.00970458984375,0.01226806640625,0.008056640625,0.003936767578125,0.01708984375,0.01348876953125,0.010498046875,0.0186767578125,0.0017852783203125,0.0167236328125,0.0247802734375,0.028076171875,0.032958984375,0.0196533203125,0.01708984375,0.013671875,0.00677490234375,0.05078125,0.0595703125,0.04638671875,0.0299072265625,0.0157470703125,0.01171875,0.005706787109375,0.00616455078125,0.037109375,0.0247802734375,0.028076171875,0.00927734375,0.004669189453125,0.0205078125,0.0184326171875,0.0098876953125,0.017822265625,0.0308837890625,0.044921875,0.0167236328125,0.0120849609375,0.01153564453125,0.0272216796875
step_1400_q_0,0.00189208984375,0.455078125,0.0098876953125,0.01141357421875,0.0098876953125,0.0047607421875,0.0027923583984375,0.00347900390625,0.007476806640625,0.00096893310546875,0.014404296875,0.0016326904296875,0.002532958984375,0.0115966796875,0.0027923583984375,0.01336669921875,0.0135498046875,0.0037689208984375,0.005401611328125,0.0023956298828125,0.0034027099609375,0.002960205078125,0.00274658203125,0.004974365234375,0.0016326904296875,0.006500244140625,0.003448486328125,0.00592041015625,0.00136566162109375,0.002166748046875,0.00848388671875,0.0185546875,0.01214599609375,0.01336669921875,0.052734375,0.037353515625,0.032958984375,0.0230712890625,0.036376953125,0.045166015625,0.052734375,0.04248046875,0.00946044921875
step_1401_q_0,3.0279159545898438e-05,0.953125,0.00048828125,0.0005340576171875,0.00045013427734375,0.00023365020751953125,0.00022029876708984375,0.000286102294921875,0.00079345703125,0.0010986328125,0.0008544921875,0.000518798828125,0.00019073486328125,0.00130462646484375,0.0007781982421875,0.00124359130859375,0.00070953369140625,0.000667572021484375,0.00075531005859375,0.00048065185546875,0.000545501708984375,0.0003299713134765625,0.001434326171875,0.00081634521484375,0.0002269744873046875,0.000385284423828125,0.00101470947265625,0.0003204345703125,0.000698089599609375,0.00201416015625,0.00162506103515625,0.00048828125,0.0002651214599609375,0.000598907470703125,0.004425048828125,0.0021514892578125,0.00020313262939453125,0.0001583099365234375,8.869171142578125e-05,7.677078247070312e-05,0.00013828277587890625,0.00096893310546875,0.015869140625
step_1402_q_0,0.00078582763671875,0.91796875,0.00104522705078125,0.0024261474609375,0.001220703125,0.00156402587890625,0.000919342041015625,0.0016632080078125,0.00156402587890625,0.007232666015625,0.0022735595703125,0.0003604888916015625,0.000308990478515625,0.0009765625,0.00118255615234375,0.00078582763671875,0.00194549560546875,0.003753662109375,0.0008392333984375,0.000762939453125,5.435943603515625e-05,6.4849853515625e-05,0.000255584716796875,0.0003490447998046875,0.0001964569091796875,0.00118255615234375,0.0003185272216796875,3.457069396972656e-05,8.58306884765625e-05,0.00016498565673828125,0.0022125244140625,0.0020751953125,0.00274658203125,0.001617431640625,0.00078582763671875,0.0018310546875,0.0003185272216796875,0.000396728515625,5.888938903808594e-05,7.009506225585938e-05,0.000492095947265625,0.0004634857177734375,0.033447265625
step_1403_q_0,2.753734588623047e-05,0.875,0.000614166259765625,0.00011587142944335938,6.031990051269531e-05,2.3484230041503906e-05,3.993511199951172e-06,4.0531158447265625e-06,3.7670135498046875e-05,0.0004291534423828125,0.00032806396484375,0.00109100341796875,0.000400543212890625,0.000293731689453125,7.390975952148438e-05,0.00022792816162109375,0.00014972686767578125,0.00014400482177734375,4.291534423828125e-05,0.00015354156494140625,7.486343383789062e-05,9.632110595703125e-05,0.000171661376953125,0.000240325927734375,0.000171661376953125,0.0003681182861328125,0.00011444091796875,0.0001316070556640625,0.000598907470703125,0.000537872314453125,0.003692626953125,0.00046539306640625,0.0003452301025390625,0.00016307830810546875,0.00537109375,0.005126953125,0.005706787109375,0.005126953125,0.005126953125,0.00830078125,0.017578125,0.040771484375,0.021240234375
step_1404_q_0,0.0002288818359375,0.4921875,0.0045166015625,0.0184326171875,0.006378173828125,0.00311279296875,0.000484466552734375,0.000865936279296875,0.00927734375,0.00151824951171875,0.0079345703125,0.0009765625,0.0108642578125,0.0625,0.031494140625,0.04296875,0.020263671875,0.00439453125,0.005126953125,0.0020751953125,0.00104522705078125,0.001220703125,0.0135498046875,0.005645751953125,0.00107574462890625,0.00872802734375,0.00151824951171875,0.00107574462890625,0.00201416015625,0.015869140625,0.016357421875,0.00250244140625,0.00194549560546875,0.003204345703125,0.080078125,0.020263671875,0.007476806640625,0.006011962890625,0.004974365234375,0.0076904296875,0.0135498046875,0.040283203125,0.0184326171875
step_1405_q_0,0.00010061264038085938,0.65234375,0.0004100799560546875,0.003875732421875,0.0026397705078125,0.0015869140625,0.0004673004150390625,0.00066375732421875,0.00165557861328125,0.000331878662109375,0.0057373046875,0.00135040283203125,0.0015869140625,0.0081787109375,0.0076904296875,0.007232666015625,0.0048828125,0.0031585693359375,0.0035247802734375,0.00130462646484375,0.00107574462890625,0.001129150390625,0.00262451171875,0.00099945068359375,0.003753662109375,0.007354736328125,0.005218505859375,0.003692626953125,0.0009002685546875,0.00238037109375,0.00848388671875,0.02197265625,0.029541015625,0.0233154296875,0.018798828125,0.029541015625,0.01397705078125,0.007110595703125,0.01190185546875,0.031494140625,0.021240234375,0.0390625,0.006591796875
step_1406_q_0,3.248453140258789e-06,0.16796875,5.7697296142578125e-05,0.0003910064697265625,0.0002956390380859375,0.0002994537353515625,0.00021648406982421875,0.00017070770263671875,0.0002765655517578125,0.00012683868408203125,0.0025482177734375,0.0003452301025390625,0.001983642578125,0.001983642578125,0.00010347366333007812,0.00010347366333007812,0.000324249267578125,0.0005950927734375,0.0023193359375,0.000743865966796875,0.00011110305786132812,2.777576446533203e-05,0.00058746337890625,0.00019073486328125,0.00022983551025390625,0.000896453857421875,0.00017070770263671875,1.4126300811767578e-05,0.0001392364501953125,0.0003452301025390625,0.000720977783203125,0.0003452301025390625,0.00017070770263671875,4.839897155761719e-05,0.00136566162109375,0.0025482177734375,0.00150299072265625,0.00092315673828125,0.0003910064697265625,8.392333984375e-05,0.00099945068359375,0.005584716796875,0.80078125
step_1407_q_0,0.000545501708984375,0.7109375,0.00146484375,0.0028228759765625,0.0018768310546875,0.000640869140625,0.0002040863037109375,0.0011749267578125,0.004119873046875,0.0002460479736328125,0.0037384033203125,0.0004138946533203125,0.002197265625,0.0079345703125,0.0032958984375,0.0267333984375,0.00543212890625,0.003204345703125,0.00086212158203125,0.00057220458984375,0.0011749267578125,0.00160980224609375,0.00396728515625,0.000701904296875,0.000274658203125,0.004791259765625,0.0004673004150390625,0.0004673004150390625,0.001373291015625,0.0032958984375,0.00579833984375,0.0034027099609375,0.00160980224609375,0.001708984375,0.056640625,0.0081787109375,0.001708984375,0.0004329681396484375,0.0032958984375,0.0074462890625,0.006561279296875,0.0966796875,0.0084228515625
step_1408_q_0,7.68899917602539e-06,0.8828125,0.00189208984375,0.001190185546875,0.0003204345703125,0.00010585784912109375,0.000125885009765625,0.00156402587890625,0.0024566650390625,0.0004558563232421875,0.007049560546875,0.0004482269287109375,0.000885009765625,0.0078125,0.0069580078125,0.0028839111328125,0.0011444091796875,0.001007080078125,0.000518798828125,0.0004482269287109375,0.0002880096435546875,0.0002651214599609375,0.0018310546875,0.0004444122314453125,0.000518798828125,0.0029144287109375,0.000553131103515625,0.00064849853515625,0.0015411376953125,0.0025787353515625,0.0035400390625,0.00141143798828125,0.000972747802734375,0.005523681640625,0.0146484375,0.003814697265625,0.0013427734375,0.000926971435546875,0.0021209716796875,0.0023345947265625,0.0022125244140625,0.0177001953125,0.0103759765625
step_1409_q_0,1.0013580322265625e-05,0.9453125,0.0030975341796875,0.000682830810546875,0.0004367828369140625,0.00015163421630859375,4.649162292480469e-05,0.00010728836059570312,0.00020313262939453125,0.0003070831298828125,0.000690460205078125,0.0003528594970703125,0.00103759765625,0.00494384765625,0.000621795654296875,0.0025787353515625,0.000888824462890625,9.822845458984375e-05,4.9114227294921875e-05,2.4437904357910156e-05,0.00022983551025390625,0.000202178955078125,0.00034332275390625,0.00012111663818359375,0.00015163421630859375,0.0013580322265625,4.6253204345703125e-05,7.534027099609375e-05,0.00015735626220703125,0.0001506805419921875,0.0015106201171875,0.00014972686767578125,0.00014019012451171875,0.000560760498046875,0.0059814453125,0.0030517578125,0.00072479248046875,0.00042724609375,0.0011749267578125,0.002655029296875,0.00238037109375,0.004730224609375,0.01263427734375
step_1410_q_0,0.0002880096435546875,0.953125,0.00018787384033203125,0.00102996826171875,0.0003223419189453125,0.00015926361083984375,0.00026702880859375,0.00152587890625,0.0006561279296875,0.00145721435546875,0.00046539306640625,0.00045013427734375,0.00159454345703125,0.00180816650390625,0.0036468505859375,0.002471923828125,0.000698089599609375,0.0002689361572265625,0.00051116943359375,0.00063323974609375,0.0027618408203125,0.00152587890625,0.000843048095703125,0.00029754638671875,0.00051116943359375,0.00080108642578125,0.0003376007080078125,0.000362396240234375,0.002288818359375,0.00162506103515625,0.00189971923828125,0.0007781982421875,0.0002460479736328125,0.00092315673828125,0.00531005859375,0.00049591064453125,0.000518798828125,0.000579833984375,0.000579833984375,0.000606536865234375,0.0008544921875,0.00098419189453125,0.004547119140625
step_1411_q_0,1.2099742889404297e-05,0.045166015625,8.20159912109375e-05,0.0012054443359375,0.004486083984375,0.0023193359375,0.0107421875,0.0546875,0.022705078125,9.298324584960938e-05,0.03759765625,0.01177978515625,0.01177978515625,0.033203125,0.0400390625,0.095703125,0.07958984375,0.0189208984375,0.0172119140625,0.00860595703125,0.0177001953125,0.01007080078125,0.03515625,0.004486083984375,0.0291748046875,0.01177978515625,0.0032806396484375,0.00506591796875,0.01177978515625,0.0257568359375,0.08447265625,0.006927490234375,0.01611328125,0.01611328125,0.08447265625,0.01422119140625,0.00193023681640625,0.00408935546875,0.024169921875,0.0213623046875,0.006927490234375,0.01422119140625,0.0546875
step_1412_q_0,0.000743865966796875,0.37890625,0.020751953125,0.01025390625,0.00433349609375,0.0047607421875,0.00421142578125,0.01025390625,0.01422119140625,0.0031280517578125,0.0194091796875,0.0107421875,0.01214599609375,0.036376953125,0.00860595703125,0.0283203125,0.032958984375,0.005828857421875,0.0037078857421875,0.01025390625,0.022705078125,0.0115966796875,0.0166015625,0.0050048828125,0.00201416015625,0.0089111328125,0.0029296875,0.0012359619140625,0.00506591796875,0.006103515625,0.01007080078125,0.0047607421875,0.0125732421875,0.0111083984375,0.0257568359375,0.0341796875,0.024169921875,0.0283203125,0.06787109375,0.020751953125,0.01055908203125,0.01513671875,0.032958984375
step_1413_q_0,0.000133514404296875,0.93359375,0.0027008056640625,0.000629425048828125,0.000274658203125,0.00017547607421875,0.0005950927734375,0.00138092041015625,0.00116729736328125,0.00201416015625,0.00159454345703125,0.0003261566162109375,0.000865936279296875,0.0031585693359375,0.003021240234375,0.0033111572265625,0.0003814697265625,0.00064849853515625,0.000579833984375,0.00024318695068359375,0.001495361328125,0.0005645751953125,0.0028839111328125,0.000682830810546875,0.0002384185791015625,0.0012359619140625,0.0004482269287109375,0.00020885467529296875,0.0025787353515625,0.0011444091796875,0.00128173828125,0.00099945068359375,0.001617431640625,0.002838134765625,0.0031585693359375,0.00090789794921875,0.00017261505126953125,0.0002918243408203125,0.0002346038818359375,0.0004253387451171875,0.0004558563232421875,0.002349853515625,0.0166015625
step_1414_q_0,0.0014801025390625,0.64453125,0.0057373046875,0.00592041015625,0.003387451171875,0.0012664794921875,0.0017852783203125,0.00506591796875,0.00421142578125,0.02001953125,0.0047607421875,0.004486083984375,0.00653076171875,0.0177001953125,0.01214599609375,0.01513671875,0.00921630859375,0.00811767578125,0.0021820068359375,0.0047607421875,0.00183868408203125,0.00093841552734375,0.0021209716796875,0.0013885498046875,0.0026397705078125,0.00811767578125,0.0023193359375,0.0002689361572265625,0.00225830078125,0.0021820068359375,0.0023193359375,0.002899169921875,0.00183868408203125,0.00159454345703125,0.01422119140625,0.002899169921875,0.0003566741943359375,0.0008697509765625,0.00051116943359375,0.000553131103515625,0.00093841552734375,0.0057373046875,0.1630859375
step_1415_q_0,0.000171661376953125,0.765625,0.00185394287109375,0.00153350830078125,0.0004558563232421875,0.0002689361572265625,0.00017452239990234375,0.000308990478515625,0.00075531005859375,0.0007476806640625,0.0028533935546875,0.00130462646484375,0.00162506103515625,0.004913330078125,0.00127410888671875,0.00360107421875,0.0026702880859375,0.0021514892578125,0.000518798828125,0.001190185546875,0.00041961669921875,0.000331878662109375,0.00093841552734375,0.0006561279296875,0.000743865966796875,0.00225830078125,0.0001888275146484375,0.000133514404296875,0.0008697509765625,0.000545501708984375,0.005157470703125,0.00323486328125,0.0027618408203125,0.0010528564453125,0.01043701171875,0.021728515625,0.0137939453125,0.009765625,0.01361083984375,0.0174560546875,0.0238037109375,0.03271484375,0.043212890625
step_1416_q_0,0.000514984130859375,0.6796875,0.012451171875,0.0272216796875,0.00628662109375,0.0031585693359375,0.00144195556640625,0.005523681640625,0.01031494140625,0.0026092529296875,0.031982421875,0.00628662109375,0.012451171875,0.032958984375,0.00830078125,0.01373291015625,0.00335693359375,0.00144195556640625,0.000835418701171875,0.00107574462890625,0.00286865234375,0.0024566650390625,0.005035400390625,0.0015869140625,0.000659942626953125,0.0206298828125,0.00133514404296875,0.0002765655517578125,0.0015411376953125,0.0024566650390625,0.0048828125,0.0002803802490234375,0.00029754638671875,0.0002765655517578125,0.031982421875,0.00335693359375,0.00138092041015625,0.00168609619140625,0.00286865234375,0.00970458984375,0.0022430419921875,0.025634765625,0.01373291015625
step_1417_q_0,0.000537872314453125,0.470703125,0.002960205078125,0.007537841796875,0.00341796875,0.003631591796875,0.002349853515625,0.003997802734375,0.005126953125,0.00127410888671875,0.010986328125,0.00555419921875,0.00897216796875,0.006744384765625,0.00860595703125,0.00726318359375,0.005828857421875,0.00701904296875,0.004852294921875,0.004852294921875,0.01385498046875,0.0087890625,0.01300048828125,0.00482177734375,0.00665283203125,0.0194091796875,0.00634765625,0.0037384033203125,0.009521484375,0.00946044921875,0.0128173828125,0.0106201171875,0.006805419921875,0.01007080078125,0.02197265625,0.041748046875,0.0252685546875,0.02197265625,0.045166015625,0.048095703125,0.046630859375,0.0361328125,0.0057373046875
step_1418_q_0,8.702278137207031e-06,0.0693359375,1.704692840576172e-05,5.7697296142578125e-05,0.0001888275146484375,0.0001621246337890625,0.0003108978271484375,0.0004405975341796875,0.0003528594970703125,2.5987625122070312e-05,0.00148773193359375,0.000682830810546875,0.0034637451171875,0.0020904541015625,9.489059448242188e-05,9.202957153320312e-05,0.0002841949462890625,0.0002498626708984375,0.000499725341796875,0.000453948974609375,7.200241088867188e-05,3.719329833984375e-05,0.0004825592041015625,6.341934204101562e-05,0.00018310546875,0.00390625,7.867813110351562e-05,3.7401914596557617e-06,9.822845458984375e-05,0.0015869140625,0.00084686279296875,1.7881393432617188e-05,1.436471939086914e-05,8.046627044677734e-06,0.0010223388671875,0.00084686279296875,0.00148773193359375,0.0009613037109375,0.0004825592041015625,0.00011110305786132812,0.00015163421630859375,0.006072998046875,0.90234375
step_1419_q_0,0.00058746337890625,0.70703125,0.00037384033203125,0.00162506103515625,0.0014801025390625,0.00095367431640625,0.0047607421875,0.0067138671875,0.003387451171875,0.00049591064453125,0.00186920166015625,0.0052490234375,0.0089111328125,0.00787353515625,0.01177978515625,0.01214599609375,0.00714111328125,0.0034942626953125,0.001922607421875,0.002716064453125,0.00506591796875,0.0047607421875,0.004608154296875,0.001190185546875,0.0010833740234375,0.0057373046875,0.0012054443359375,0.000396728515625,0.004486083984375,0.0047607421875,0.00787353515625,0.0107421875,0.00714111328125,0.0089111328125,0.018798828125,0.0166015625,0.00836181640625,0.0089111328125,0.0177001953125,0.006134033203125,0.00738525390625,0.01470947265625,0.04248046875
step_1420_q_0,2.3126602172851562e-05,0.69140625,0.00140380859375,0.00133514404296875,0.000331878662109375,0.0003376007080078125,0.000476837158203125,0.005279541015625,0.0009765625,0.0003032684326171875,0.0084228515625,0.00274658203125,0.01190185546875,0.0076904296875,0.003997802734375,0.002197265625,0.002349853515625,0.00677490234375,0.003631591796875,0.00086212158203125,0.002197265625,0.004669189453125,0.0015411376953125,0.00055694580078125,0.000736236572265625,0.0130615234375,0.0003948211669921875,0.0004138946533203125,0.0084228515625,0.0076904296875,0.017822265625,0.00138092041015625,0.00188446044921875,0.0035247802734375,0.0184326171875,0.010498046875,0.00872802734375,0.0157470703125,0.02685546875,0.0196533203125,0.017822265625,0.033447265625,0.03125
step_1421_q_0,0.00022125244140625,0.77734375,0.0022430419921875,0.0010223388671875,0.00051116943359375,0.0003681182861328125,0.0003814697265625,0.0024261474609375,0.0010223388671875,0.0005950927734375,0.001953125,0.0050048828125,0.0125732421875,0.015625,0.00201416015625,0.005218505859375,0.005218505859375,0.0017547607421875,0.000431060791015625,0.00110626220703125,0.00110626220703125,0.00180816650390625,0.0017242431640625,0.0005340576171875,0.0025482177734375,0.018798828125,0.00037384033203125,0.0003070831298828125,0.0021514892578125,0.001983642578125,0.003173828125,0.00080108642578125,0.00189208984375,0.003021240234375,0.0107421875,0.00848388671875,0.0033721923828125,0.0107421875,0.0125732421875,0.0089111328125,0.007598876953125,0.0301513671875,0.031005859375
step_1422_q_0,0.00121307373046875,0.7109375,0.002410888671875,0.009521484375,0.00457763671875,0.00122833251953125,0.003448486328125,0.00982666015625,0.00408935546875,0.0021209716796875,0.005035400390625,0.0101318359375,0.022216796875,0.00494384765625,0.021484375,0.00457763671875,0.0152587890625,0.004241943359375,0.000759124755859375,0.0045166015625,0.006561279296875,0.01220703125,0.0037841796875,0.00074005126953125,0.0006866455078125,0.0018157958984375,0.00017261505126953125,9.679794311523438e-05,0.005859375,0.007659912109375,0.0052490234375,0.0025177001953125,0.0029449462890625,0.01043701171875,0.02587890625,0.003509521484375,0.000942230224609375,0.005035400390625,0.005523681640625,0.004791259765625,0.0032958984375,0.004791259765625,0.042724609375
step_1423_q_0,8.96453857421875e-05,0.076171875,0.000823974609375,0.012451171875,0.002960205078125,0.004180908203125,0.0026092529296875,0.01324462890625,0.008056640625,0.00072479248046875,0.033935546875,0.0595703125,0.076171875,0.1337890625,0.08642578125,0.0595703125,0.040771484375,0.004180908203125,0.00191497802734375,0.007110595703125,0.0030517578125,0.010986328125,0.008056640625,0.002105712890625,0.0012359619140625,0.029052734375,0.0004405975341796875,0.000274658203125,0.0022430419921875,0.0181884765625,0.013671875,0.0031585693359375,0.013671875,0.01708984375,0.09814453125,0.0205078125,0.0031585693359375,0.008056640625,0.006683349609375,0.0240478515625,0.0308837890625,0.03173828125,0.028076171875
step_1424_q_0,0.00042724609375,0.29296875,0.0034637451171875,0.01373291015625,0.0091552734375,0.005706787109375,0.00628662109375,0.01171875,0.00628662109375,0.0031585693359375,0.004058837890625,0.0247802734375,0.0159912109375,0.01507568359375,0.01507568359375,0.010986328125,0.0247802734375,0.008056640625,0.00537109375,0.010009765625,0.0247802734375,0.0247802734375,0.0034637451171875,0.000797271728515625,0.0027923583984375,0.006072998046875,0.000568389892578125,0.000530242919921875,0.0035247802734375,0.008056640625,0.012451171875,0.00185394287109375,0.00182342529296875,0.003936767578125,0.0478515625,0.0272216796875,0.03955078125,0.04931640625,0.083984375,0.07177734375,0.034912109375,0.0225830078125,0.03955078125
step_1425_q_0,8.487701416015625e-05,0.9375,0.00145721435546875,0.00141143798828125,0.000431060791015625,0.00010204315185546875,0.000209808349609375,0.0003681182861328125,0.000457763671875,0.00145721435546875,0.00186920166015625,0.00057220458984375,0.00164794921875,0.0012054443359375,0.0006256103515625,0.0004730224609375,0.00016117095947265625,0.00016880035400390625,0.0002307891845703125,0.000286102294921875,0.00083160400390625,0.0006256103515625,0.000431060791015625,0.0001125335693359375,0.0001583099365234375,0.0013275146484375,0.000457763671875,0.00048828125,0.0018157958984375,0.0006256103515625,0.000553131103515625,0.000732421875,0.000457763671875,0.00154876708984375,0.00096893310546875,0.00057220458984375,0.00116729736328125,0.00124359130859375,0.00124359130859375,0.000885009765625,0.0007781982421875,0.0023345947265625,0.0283203125
step_1426_q_0,0.00013446807861328125,0.859375,0.00677490234375,0.00634765625,0.0025634765625,0.000835418701171875,0.000446319580078125,0.000591278076171875,0.00188446044921875,0.0162353515625,0.00494384765625,0.004791259765625,0.0045166015625,0.00543212890625,0.00213623046875,0.0025634765625,0.00213623046875,0.00057220458984375,0.00055694580078125,0.00086212158203125,0.000537872314453125,0.000591278076171875,0.00067138671875,0.00035858154296875,0.0003261566162109375,0.004364013671875,0.000736236572265625,0.00021457672119140625,0.00110626220703125,0.00091552734375,0.001068115234375,0.00121307373046875,0.00091552734375,0.000888824462890625,0.003631591796875,0.00057220458984375,0.00019168853759765625,0.0006103515625,0.00021457672119140625,0.0001544952392578125,0.0003376007080078125,0.00128936767578125,0.054931640625
step_1427_q_0,0.0001068115234375,0.87890625,0.00054931640625,0.000606536865234375,0.00017452239990234375,5.626678466796875e-05,1.4662742614746094e-05,8.463859558105469e-06,8.106231689453125e-05,0.0002880096435546875,0.00142669677734375,6.961822509765625e-05,0.00021076202392578125,0.000316619873046875,0.0001316070556640625,0.00037384033203125,0.0002536773681640625,0.00010633468627929688,5.888938903808594e-05,8.463859558105469e-06,1.8835067749023438e-05,2.849102020263672e-05,0.00026702880859375,0.0003948211669921875,7.009506225585938e-05,0.00029754638671875,1.8596649169921875e-05,1.71661376953125e-05,0.000507354736328125,0.0002593994140625,0.00167083740234375,0.00063323974609375,0.00029754638671875,0.000286102294921875,0.0029754638671875,0.002471923828125,0.0035400390625,0.000606536865234375,0.00167083740234375,0.0022125244140625,0.01104736328125,0.054443359375,0.032958984375
step_1428_q_0,0.00010347366333007812,0.640625,0.00836181640625,0.012939453125,0.00506591796875,0.0027923583984375,0.000823974609375,0.0029754638671875,0.0028839111328125,0.00555419921875,0.0234375,0.003936767578125,0.02197265625,0.0281982421875,0.00592041015625,0.00592041015625,0.00159454345703125,0.00159454345703125,0.0004425048828125,0.000415802001953125,0.00018978118896484375,0.0004558563232421875,0.00090789794921875,5.698204040527344e-05,7.82012939453125e-05,0.00860595703125,0.00015544891357421875,4.553794860839844e-05,0.000499725341796875,0.00119781494140625,0.00445556640625,0.001129150390625,0.000965118408203125,0.00102996826171875,0.02001953125,0.0091552734375,0.0067138671875,0.0029754638671875,0.00860595703125,0.0177001953125,0.0281982421875,0.08154296875,0.0281982421875
step_1429_q_0,0.00017070770263671875,0.7421875,0.0029296875,0.005157470703125,0.00144195556640625,0.000705718994140625,0.0014190673828125,0.003387451171875,0.0017547607421875,0.0038299560546875,0.0047607421875,0.0019378662109375,0.0062255859375,0.01007080078125,0.00836181640625,0.0062255859375,0.00360107421875,0.0034332275390625,0.0022125244140625,0.0019378662109375,0.003662109375,0.0052490234375,0.005157470703125,0.0031280517578125,0.0034332275390625,0.0035400390625,0.00823974609375,0.00439453125,0.031494140625,0.006927490234375,0.01055908203125,0.003387451171875,0.0025482177734375,0.006927490234375,0.00933837890625,0.004547119140625,0.0029296875,0.0031280517578125,0.0032196044921875,0.0025482177734375,0.0067138671875,0.00738525390625,0.050537109375
step_1430_q_0,0.00011491775512695312,0.1767578125,0.0003147125244140625,0.000392913818359375,0.00052642822265625,0.000209808349609375,0.00021839141845703125,0.0003681182861328125,0.00020313262939453125,0.000335693359375,0.0017852783203125,0.0016021728515625,0.0037841796875,0.0010528564453125,0.0001430511474609375,4.839897155761719e-05,0.00016307830810546875,0.0004520416259765625,0.000766754150390625,0.000579833984375,4.863739013671875e-05,3.170967102050781e-05,6.0558319091796875e-05,4.291534423828125e-05,0.00021839141845703125,0.0030364990234375,0.00010156631469726562,4.9114227294921875e-05,0.00021457672119140625,0.000598907470703125,0.00101470947265625,0.000598907470703125,0.0001697540283203125,0.0003299713134765625,0.0004730224609375,0.0014801025390625,0.002288818359375,0.001678466796875,0.000843048095703125,0.0003795623779296875,0.00081634521484375,0.004547119140625,0.79296875
step_1431_q_0,0.000392913818359375,0.75390625,0.00421142578125,0.005767822265625,0.0021820068359375,0.0011749267578125,0.0023345947265625,0.0023345947265625,0.0014801025390625,0.00921630859375,0.003387451171875,0.00113677978515625,0.007415771484375,0.00787353515625,0.00811767578125,0.00921630859375,0.00141143798828125,0.0028076171875,0.0010528564453125,0.00113677978515625,0.000598907470703125,0.0016021728515625,0.00170135498046875,0.000911712646484375,0.00048065185546875,0.00543212890625,0.0018157958984375,0.000957489013671875,0.0019989013671875,0.00145721435546875,0.00836181640625,0.015625,0.00494384765625,0.004638671875,0.020751953125,0.0089111328125,0.00372314453125,0.00543212890625,0.005096435546875,0.005584716796875,0.003387451171875,0.0322265625,0.036376953125
step_1432_q_0,0.00011157989501953125,0.75390625,0.0023651123046875,0.00154876708984375,0.0003204345703125,0.00020313262939453125,0.000244140625,0.00124359130859375,0.0003299713134765625,0.00323486328125,0.009521484375,0.0020599365234375,0.00543212890625,0.0036163330078125,0.0006256103515625,0.003387451171875,0.00103759765625,0.003387451171875,0.00113677978515625,0.000579833984375,0.00038909912109375,0.002685546875,0.00099945068359375,0.0003299713134765625,0.0002460479736328125,0.006744384765625,0.00070953369140625,0.00189971923828125,0.0027618408203125,0.00154876708984375,0.00372314453125,0.000957489013671875,0.00372314453125,0.004791259765625,0.00811767578125,0.0034942626953125,0.0012664794921875,0.005950927734375,0.0023651123046875,0.0172119140625,0.0142822265625,0.035400390625,0.0849609375
step_1433_q_0,0.0001926422119140625,0.74609375,0.0034027099609375,0.00099945068359375,0.0004787445068359375,0.0002422332763671875,0.0002117156982421875,0.00136566162109375,0.0009307861328125,0.0048828125,0.0027008056640625,0.003173828125,0.005035400390625,0.0014801025390625,0.001678466796875,0.004058837890625,0.001800537109375,0.00182342529296875,0.0003643035888671875,0.0003261566162109375,0.0004749298095703125,0.0011749267578125,0.000698089599609375,0.00083160400390625,0.0008087158203125,0.0020904541015625,0.00022983551025390625,0.0003643035888671875,0.000560760498046875,0.0006866455078125,0.00537109375,0.00154876708984375,0.0020904541015625,0.00193023681640625,0.0181884765625,0.016845703125,0.0032806396484375,0.00872802734375,0.004119873046875,0.00958251953125,0.0126953125,0.061279296875,0.0634765625
step_1434_q_0,8.726119995117188e-05,0.78515625,0.00112152099609375,0.0012359619140625,0.000621795654296875,0.0003032684326171875,0.00032806396484375,0.0012969970703125,0.00112152099609375,0.006591796875,0.00274658203125,0.004669189453125,0.0074462890625,0.004669189453125,0.00274658203125,0.0030059814453125,0.0015106201171875,0.00109100341796875,0.00060272216796875,0.0009613037109375,0.000736236572265625,0.000659942626953125,0.000659942626953125,0.0004329681396484375,0.0004138946533203125,0.0081787109375,0.00023555755615234375,0.00014972686767578125,0.00160980224609375,0.00160980224609375,0.003753662109375,0.0010223388671875,0.00069427490234375,0.0059814453125,0.007232666015625,0.00177001953125,0.001007080078125,0.00188446044921875,0.00138092041015625,0.002197265625,0.004241943359375,0.0216064453125,0.10595703125
step_1435_q_0,0.00010585784912109375,0.83203125,0.005615234375,0.0086669921875,0.00176239013671875,0.00021076202392578125,0.00041961669921875,0.00055694580078125,0.00064849853515625,0.05322265625,0.01263427734375,0.0172119140625,0.013427734375,0.025146484375,0.0018768310546875,0.004638671875,0.00103759765625,0.00128936767578125,0.000370025634765625,0.00022411346435546875,3.504753112792969e-05,9.775161743164062e-05,0.0001544952392578125,0.00018596649169921875,0.0001316070556640625,0.0021209716796875,7.867813110351562e-05,7.772445678710938e-05,9.34600830078125e-05,0.000370025634765625,0.000759124755859375,0.00018024444580078125,0.00067138671875,0.0001125335693359375,0.0029144287109375,0.001556396484375,0.00018024444580078125,0.000591278076171875,0.0006103515625,0.00048828125,0.000888824462890625,0.002410888671875,0.004241943359375
step_1436_q_0,0.00023174285888671875,0.87109375,0.0013275146484375,0.00604248046875,0.0020294189453125,0.0002689361572265625,0.0002460479736328125,0.00060272216796875,0.00079345703125,0.001678466796875,0.01129150390625,0.0013275146484375,0.00390625,0.00604248046875,0.012451171875,0.00830078125,0.004425048828125,0.002777099609375,0.00390625,0.00408935546875,0.00225830078125,0.00225830078125,0.000545501708984375,0.001007080078125,0.0026397705078125,0.003448486328125,0.0016021728515625,0.00124359130859375,0.000789642333984375,0.0019378662109375,0.000782012939453125,0.007537841796875,0.0019378662109375,0.003448486328125,0.0037384033203125,0.002227783203125,0.0030517578125,0.00225830078125,0.003509521484375,0.0014190673828125,0.0020294189453125,0.003448486328125,0.0037384033203125
step_1437_q_0,7.599592208862305e-07,0.99609375,0.0004024505615234375,0.0001430511474609375,0.00013446807861328125,2.9355287551879883e-06,4.506111145019531e-05,4.2438507080078125e-05,7.677078247070312e-05,0.0016937255859375,0.00106048583984375,0.000415802001953125,0.000499725341796875,0.0003337860107421875,1.5139579772949219e-05,4.506111145019531e-05,5.4836273193359375e-06,4.678964614868164e-06,3.0994415283203125e-05,1.71661376953125e-05,5.626678466796875e-05,7.241964340209961e-06,1.1563301086425781e-05,7.115304470062256e-07,2.086162567138672e-07,0.00015735626220703125,3.46451997756958e-07,2.905726432800293e-07,2.905726432800293e-07,2.2292137145996094e-05,5.626678466796875e-05,6.631016731262207e-07,2.2292137145996094e-05,4.246830940246582e-07,2.7418136596679688e-05,1.0073184967041016e-05,6.198883056640625e-06,3.0994415283203125e-06,2.905726432800293e-06,6.407499313354492e-06,2.682209014892578e-06,0.0003662109375,0.00010156631469726562
step_1438_q_0,8.296966552734375e-05,0.96875,0.00102996826171875,0.000423431396484375,8.296966552734375e-05,1.3887882232666016e-05,2.0742416381835938e-05,1.1086463928222656e-05,0.00010776519775390625,0.002716064453125,0.004486083984375,0.00180816650390625,0.00150299072265625,0.00141143798828125,0.0025482177734375,0.000423431396484375,0.000335693359375,0.0002689361572265625,0.000644683837890625,0.000720977783203125,0.0002574920654296875,0.0001373291015625,0.00052642822265625,0.00012683868408203125,4.792213439941406e-05,0.00141143798828125,0.0002193450927734375,1.055002212524414e-05,0.00011777877807617188,0.0002193450927734375,0.00014209747314453125,0.002044677734375,0.0001354217529296875,0.0032806396484375,0.000606536865234375,0.000308990478515625,6.29425048828125e-05,0.0002231597900390625,0.00124359130859375,8.535385131835938e-05,0.00023746490478515625,0.0006866455078125,0.00136566162109375
step_1439_q_0,5.269050598144531e-05,0.8125,0.0005035400390625,0.00140380859375,0.00087738037109375,0.0002899169921875,0.00015544891357421875,9.918212890625e-05,0.000293731689453125,0.004913330078125,0.01123046875,0.0036468505859375,0.00433349609375,0.003021240234375,0.00250244140625,0.0016937255859375,0.00113677978515625,0.00083160400390625,0.000850677490234375,0.0001773834228515625,0.0003490447998046875,0.0004825592041015625,0.00037384033203125,0.00101470947265625,0.000659942626953125,0.000274658203125,0.0005950927734375,0.0001983642578125,0.000858306884765625,0.0023193359375,0.006927490234375,0.004669189453125,0.00124359130859375,0.00101470947265625,0.0027008056640625,0.00311279296875,0.0025482177734375,0.0021820068359375,0.00213623046875,0.000476837158203125,0.00311279296875,0.032470703125,0.08056640625
step_1440_q_0,2.4028122425079346e-07,2.726912498474121e-06,4.5299530029296875e-05,0.0003204345703125,0.2197265625,1.0788440704345703e-05,2.7894973754882812e-05,0.0013427734375,0.0002727508544921875,1.6111880540847778e-07,0.0001373291015625,2.1979212760925293e-07,5.054473876953125e-05,7.581710815429688e-05,0.000423431396484375,0.0023651123046875,0.021728515625,1.2993812561035156e-05,1.537799835205078e-05,0.11767578125,1.519918441772461e-05,4.5299530029296875e-06,0.30078125,8.64267349243164e-06,0.01025390625,4.7497451305389404e-07,3.314018249511719e-05,7.748603820800781e-06,1.9788742065429688e-05,0.30078125,9.238719940185547e-06,9.953975677490234e-06,1.8596649169921875e-05,5.036592483520508e-06,0.0031280517578125,5.14984130859375e-05,3.4809112548828125e-05,0.0191650390625,1.1444091796875e-05,0.0015716552734375,1.5616416931152344e-05,0.00052642822265625,0.00098419189453125,0.000423431396484375
step_1441_q_0,0.00109100341796875,0.000774383544921875,0.0016937255859375,0.001129150390625,0.00109100341796875,0.0002117156982421875,3.5762786865234375e-05,3.6716461181640625e-05,0.0001621246337890625,0.00128173828125,0.000934600830078125,0.00060272216796875,0.000965118408203125,0.0001926422119140625,0.00025177001953125,0.0002117156982421875,0.000354766845703125,0.0004425048828125,0.00060272216796875,0.000415802001953125,0.00042724609375,0.000514984130859375,0.000751495361328125,0.000621795654296875,0.00060272216796875,0.00109100341796875,0.000152587890625,0.00018405914306640625,0.000751495361328125,0.00191497802734375,0.00262451171875,0.0028839111328125,0.00140380859375,0.000514984130859375,0.002166748046875,0.00628662109375,0.0057373046875,0.00537109375,0.01068115234375,0.0146484375,0.0986328125,0.34375,0.4140625,0.07177734375
step_1442_q_0,0.0002956390380859375,0.5,0.024169921875,0.01141357421875,0.01611328125,0.004608154296875,0.00262451171875,0.0021209716796875,0.009765625,0.0194091796875,0.036376953125,0.0301513671875,0.046630859375,0.049560546875,0.002044677734375,0.020751953125,0.00836181640625,0.00592041015625,0.0028076171875,0.0029754638671875,0.009765625,0.0089111328125,0.026611328125,0.0021209716796875,0.003173828125,0.001220703125,0.00141143798828125,0.00180816650390625,0.00714111328125,0.031982421875,0.00159454345703125,0.004913330078125,0.0025482177734375,0.0091552734375,0.0257568359375,0.00164794921875,0.00421142578125,0.003936767578125,0.00714111328125,0.00262451171875,0.001983642578125,0.02197265625,0.007598876953125,0.012939453125
step_1443_q_0,0.000743865966796875,0.20703125,0.0186767578125,0.0157470703125,0.00970458984375,0.0036773681640625,0.002288818359375,0.003631591796875,0.013671875,0.007110595703125,0.037109375,0.0084228515625,0.01116943359375,0.1611328125,0.0184326171875,0.05419921875,0.010986328125,0.00970458984375,0.010986328125,0.0027313232421875,0.00885009765625,0.006378173828125,0.021240234375,0.01263427734375,0.004730224609375,0.0034637451171875,0.005279541015625,0.004241943359375,0.00494384765625,0.0205078125,0.013671875,0.01116943359375,0.00579833984375,0.0120849609375,0.0810546875,0.0361328125,0.0157470703125,0.004364013671875,0.01409912109375,0.0048828125,0.006072998046875,0.0654296875,0.0225830078125,0.0064697265625
step_1444_q_0,0.00013065338134765625,0.69921875,0.007659912109375,0.002960205078125,0.0026092529296875,0.00077056884765625,0.00025177001953125,0.0003662109375,0.000881195068359375,0.00128173828125,0.0030975341796875,0.0009002685546875,0.0032958984375,0.012451171875,0.007415771484375,0.0045166015625,0.0145263671875,0.002685546875,0.0032958984375,0.00238037109375,0.0030975341796875,0.00118255615234375,0.0289306640625,0.0048828125,0.00787353515625,0.0035552978515625,0.003509521484375,0.002960205078125,0.00168609619140625,0.01116943359375,0.00518798828125,0.0040283203125,0.0032958984375,0.005615234375,0.009521484375,0.017578125,0.005096435546875,0.0032958984375,0.006561279296875,0.0036773681640625,0.006988525390625,0.03173828125,0.0159912109375,0.040771484375
step_1445_q_0,0.00098419189453125,0.419921875,0.00592041015625,0.01324462890625,0.006805419921875,0.004150390625,0.00567626953125,0.015625,0.0069580078125,0.0031585693359375,0.02099609375,0.00090789794921875,0.0029296875,0.021484375,0.01409912109375,0.018798828125,0.006439208984375,0.0052490234375,0.00421142578125,0.00185394287109375,0.006683349609375,0.002777099609375,0.004302978515625,0.00421142578125,0.0025634765625,0.004058837890625,0.007476806640625,0.00148773193359375,0.03662109375,0.01348876953125,0.01422119140625,0.018798828125,0.020751953125,0.00982666015625,0.0361328125,0.020751953125,0.005950927734375,0.006622314453125,0.00634765625,0.00457763671875,0.00787353515625,0.023681640625,0.038330078125,0.1240234375
step_1446_q_0,9.298324584960938e-05,0.7734375,0.00078582763671875,0.000514984130859375,0.00043487548828125,0.0001544952392578125,8.344650268554688e-05,0.000247955322265625,0.0002613067626953125,0.0002574920654296875,0.000797271728515625,0.000247955322265625,0.0007171630859375,0.001220703125,0.00042724609375,0.002349853515625,0.001129150390625,0.000904083251953125,0.00191497802734375,0.000835418701171875,0.00115966796875,0.000705718994140625,0.0004596710205078125,0.000514984130859375,0.0002574920654296875,0.0024261474609375,0.001007080078125,0.00018978118896484375,0.00086212158203125,0.00054168701171875,0.0022125244140625,0.000904083251953125,0.00118255615234375,0.0016937255859375,0.00185394287109375,0.004058837890625,0.0007171630859375,0.000797271728515625,0.0035858154296875,0.00335693359375,0.01251220703125,0.0035858154296875,0.0673828125,0.1015625
step_1447_q_0,0.000255584716796875,0.169921875,0.0021209716796875,0.007232666015625,0.01507568359375,0.003631591796875,0.0025177001953125,0.00579833984375,0.006591796875,0.00537109375,0.00555419921875,0.000713348388671875,0.01153564453125,0.0206298828125,0.0196533203125,0.05029296875,0.017578125,0.0240478515625,0.0120849609375,0.006195068359375,0.031494140625,0.0208740234375,0.032470703125,0.044189453125,0.01226806640625,0.0074462890625,0.01708984375,0.0126953125,0.0252685546875,0.04150390625,0.068359375,0.00830078125,0.007568359375,0.018798828125,0.029541015625,0.0103759765625,0.0244140625,0.032470703125,0.0252685546875,0.0103759765625,0.0130615234375,0.0196533203125,0.02685546875,0.0732421875
step_1448_q_0,0.00048065185546875,0.400390625,0.00191497802734375,0.0064697265625,0.0084228515625,0.00182342529296875,0.00093841552734375,0.00138092041015625,0.004669189453125,0.0002880096435546875,0.00885009765625,0.0005950927734375,0.00119781494140625,0.005889892578125,0.00180816650390625,0.005523681640625,0.0064697265625,0.002197265625,0.00180816650390625,0.00162506103515625,0.0013427734375,0.0031585693359375,0.0013885498046875,0.003631591796875,0.00049591064453125,0.003692626953125,0.0013885498046875,0.0014190673828125,0.0008544921875,0.0010528564453125,0.00482177734375,0.0159912109375,0.010498046875,0.019287109375,0.04638671875,0.019287109375,0.0218505859375,0.01068115234375,0.07177734375,0.0478515625,0.08935546875,0.1181640625,0.037109375,0.005889892578125
step_1449_q_0,3.2633543014526367e-06,0.99609375,1.2874603271484375e-05,3.075599670410156e-05,2.9087066650390625e-05,2.6941299438476562e-05,2.5510787963867188e-05,2.205371856689453e-05,6.151199340820312e-05,2.872943878173828e-05,2.1457672119140625e-05,1.2516975402832031e-05,3.7103891372680664e-06,6.866455078125e-05,9.250640869140625e-05,0.000255584716796875,0.000202178955078125,7.82012939453125e-05,3.266334533691406e-05,3.4809112548828125e-05,2.086162567138672e-05,1.3768672943115234e-05,0.00016498565673828125,0.00013446807861328125,8.404254913330078e-06,2.014636993408203e-05,6.67572021484375e-05,2.5153160095214844e-05,1.8358230590820312e-05,3.9577484130859375e-05,0.0001068115234375,0.0001068115234375,0.00011348724365234375,6.246566772460938e-05,0.00066375732421875,0.000682830810546875,0.00011730194091796875,6.341934204101562e-05,4.100799560546875e-05,7.915496826171875e-05,8.96453857421875e-05,0.000293731689453125,0.00109100341796875,0.000774383544921875
step_1450_q_0,0.0020294189453125,0.81640625,0.00130462646484375,0.0042724609375,0.003448486328125,0.0031280517578125,0.0011138916015625,0.007049560546875,0.006439208984375,0.0169677734375,0.005340576171875,0.0002002716064453125,0.000385284423828125,0.004425048828125,0.002288818359375,0.002227783203125,0.003448486328125,0.0050048828125,0.00183868408203125,0.0023651123046875,0.00012969970703125,7.009506225585938e-05,0.00052642822265625,0.000843048095703125,0.0003204345703125,0.0008697509765625,0.0004119873046875,4.601478576660156e-05,0.000213623046875,0.00122833251953125,0.006439208984375,0.0014801025390625,0.00135040283203125,0.00098419189453125,0.0020904541015625,0.00049591064453125,0.000301361083984375,0.00061798095703125,5.14984130859375e-05,0.000133514404296875,0.000423431396484375,0.00051116943359375,0.01495361328125,0.076171875
step_1451_q_0,3.0517578125e-05,0.89453125,0.0003795623779296875,9.298324584960938e-05,0.00011396408081054688,2.8252601623535156e-05,1.6242265701293945e-06,1.430511474609375e-06,8.761882781982422e-06,0.000110626220703125,0.00011777877807617188,0.000690460205078125,0.0001430511474609375,0.00017452239990234375,1.4007091522216797e-05,4.839897155761719e-05,6.818771362304688e-05,7.390975952148438e-05,2.7060508728027344e-05,4.839897155761719e-05,1.4007091522216797e-05,1.0073184967041016e-05,5.507469177246094e-05,0.0001220703125,0.00015544891357421875,0.00021839141845703125,2.7060508728027344e-05,1.3589859008789062e-05,5.078315734863281e-05,9.34600830078125e-05,0.0010986328125,0.00029754638671875,0.0002155303955078125,4.029273986816406e-05,0.0006256103515625,0.000759124755859375,0.001220703125,0.001220703125,0.0004673004150390625,0.00096893310546875,0.002288818359375,0.015869140625,0.0537109375,0.025390625
step_1452_q_0,7.915496826171875e-05,0.515625,0.003936767578125,0.0103759765625,0.004608154296875,0.0031585693359375,0.000377655029296875,0.00060272216796875,0.0067138671875,0.000751495361328125,0.006103515625,0.00060272216796875,0.00836181640625,0.048095703125,0.0181884765625,0.042236328125,0.0177001953125,0.00445556640625,0.00506591796875,0.0014495849609375,0.000682830810546875,0.000644683837890625,0.0103759765625,0.00714111328125,0.00087738037109375,0.009765625,0.000934600830078125,0.0004558563232421875,0.000705718994140625,0.00946044921875,0.024169921875,0.0033721923828125,0.001983642578125,0.0023956298828125,0.1015625,0.02001953125,0.0091552734375,0.007598876953125,0.00445556640625,0.004608154296875,0.00860595703125,0.032958984375,0.02001953125,0.0194091796875
step_1453_q_0,7.963180541992188e-05,0.73828125,0.000518798828125,0.004302978515625,0.002288818359375,0.0010986328125,0.000274658203125,0.000823974609375,0.0015716552734375,0.00052642822265625,0.005035400390625,0.0013580322265625,0.0014801025390625,0.00885009765625,0.00628662109375,0.005615234375,0.0074462890625,0.00299072265625,0.002349853515625,0.00151824951171875,0.0027923583984375,0.002471923828125,0.005615234375,0.00189971923828125,0.0035247802734375,0.005035400390625,0.004058837890625,0.003692626953125,0.000858306884765625,0.003997802734375,0.014404296875,0.01116943359375,0.01251220703125,0.020263671875,0.01458740234375,0.01708984375,0.0081787109375,0.005615234375,0.00958251953125,0.01251220703125,0.01116943359375,0.0247802734375,0.01068115234375,0.00171661376953125
step_1454_q_0,1.8775463104248047e-06,0.0869140625,3.266334533691406e-05,0.0001964569091796875,0.00017547607421875,0.0002689361572265625,0.000514984130859375,0.0002899169921875,0.00013446807861328125,1.1622905731201172e-05,0.00054931640625,9.72747802734375e-05,0.00174713134765625,0.005218505859375,0.000514984130859375,0.0001506805419921875,7.581710815429688e-05,3.0040740966796875e-05,0.0002689361572265625,0.000499725341796875,0.00019931793212890625,5.793571472167969e-05,0.0004711151123046875,7.82012939453125e-05,2.9325485229492188e-05,0.0004558563232421875,0.0002727508544921875,1.9431114196777344e-05,0.000186920166015625,0.0004711151123046875,0.002105712890625,0.000286102294921875,0.00032806396484375,4.8160552978515625e-05,0.000514984130859375,0.0003662109375,0.0004291534423828125,0.000682830810546875,0.000644683837890625,0.00011539459228515625,0.0004024505615234375,0.00131988525390625,0.01507568359375,0.87890625
step_1455_q_0,0.000415802001953125,0.4296875,0.0032806396484375,0.0038299560546875,0.0032806396484375,0.0021209716796875,0.000766754150390625,0.002044677734375,0.006317138671875,0.0004787445068359375,0.006927490234375,0.00099945068359375,0.00225830078125,0.018310546875,0.0037078857421875,0.046630859375,0.01177978515625,0.012939453125,0.00433349609375,0.00170135498046875,0.00054168701171875,0.0006866455078125,0.00762939453125,0.00145721435546875,0.000560760498046875,0.015625,0.00093841552734375,0.00093841552734375,0.0003681182861328125,0.00408935546875,0.01422119140625,0.0032806396484375,0.0052490234375,0.00136566162109375,0.05810546875,0.046630859375,0.0125732421875,0.004608154296875,0.0037078857421875,0.0089111328125,0.007171630859375,0.1904296875,0.0291748046875,0.02001953125
step_1456_q_0,5.036592483520508e-06,0.87109375,0.00115966796875,0.00089263916015625,0.0002880096435546875,7.295608520507812e-05,5.841255187988281e-05,0.001495361328125,0.0019683837890625,0.0002040863037109375,0.01055908203125,0.00058746337890625,0.000774383544921875,0.005157470703125,0.00238037109375,0.00177764892578125,0.00128173828125,0.000827789306640625,0.000514984130859375,0.00026702880859375,0.00018024444580078125,0.00014972686767578125,0.0011444091796875,0.00011444091796875,0.0004520416259765625,0.00567626953125,0.0003204345703125,0.0004711151123046875,0.00157928466796875,0.00244140625,0.003204345703125,0.001312255859375,0.000713348388671875,0.00335693359375,0.0172119140625,0.0036468505859375,0.002044677734375,0.00153350830078125,0.00244140625,0.0042724609375,0.005279541015625,0.023193359375,0.01513671875,0.002288818359375
step_1457_q_0,1.3470649719238281e-05,0.83203125,0.0012359619140625,0.000514984130859375,0.0002613067626953125,0.00020122528076171875,6.723403930664062e-05,0.00012683868408203125,0.000362396240234375,0.00023746490478515625,0.00185394287109375,0.00113677978515625,0.00081634521484375,0.005889892578125,0.0005035400390625,0.00185394287109375,0.00148773193359375,0.0006103515625,0.00018024444580078125,0.00010156631469726562,9.918212890625e-05,5.459785461425781e-05,0.000423431396484375,5.364418029785156e-05,0.0003337860107421875,0.0020904541015625,9.250640869140625e-05,4.863739013671875e-05,8.344650268554688e-05,0.000171661376953125,0.0005950927734375,0.0004253387451171875,0.0002880096435546875,0.000286102294921875,0.0028228759765625,0.0030517578125,0.00112152099609375,0.0010528564453125,0.00113677978515625,0.001251220703125,0.001373291015625,0.0059814453125,0.1162109375,0.010498046875
step_1458_q_0,0.00014591217041015625,0.921875,0.00021076202392578125,0.001495361328125,0.000522613525390625,0.0002613067626953125,0.000507354736328125,0.00186920166015625,0.00124359130859375,0.00115203857421875,0.000865936279296875,0.00060272216796875,0.00141143798828125,0.00167083740234375,0.0031280517578125,0.0034332275390625,0.00054168701171875,0.0003376007080078125,0.0006256103515625,0.000698089599609375,0.00141143798828125,0.00128173828125,0.00098419189453125,0.0002727508544921875,0.000400543212890625,0.00080108642578125,0.00052642822265625,0.0004863739013671875,0.0038909912109375,0.0042724609375,0.00262451171875,0.00142669677734375,0.0004749298095703125,0.00167083740234375,0.0062255859375,0.00104522705078125,0.000881195068359375,0.0005950927734375,0.000698089599609375,0.00055694580078125,0.00125885009765625,0.002716064453125,0.0068359375,0.015869140625
step_1459_q_0,1.9669532775878906e-05,0.05419921875,0.0007476806640625,0.006072998046875,0.01068115234375,0.003692626953125,0.006256103515625,0.025634765625,0.0225830078125,6.628036499023438e-05,0.0478515625,0.003692626953125,0.006683349609375,0.083984375,0.03955078125,0.08935546875,0.025634765625,0.01708984375,0.012451171875,0.00238037109375,0.00445556640625,0.0023040771484375,0.0240478515625,0.00148773193359375,0.0113525390625,0.029052734375,0.002960205078125,0.00185394287109375,0.004058837890625,0.01458740234375,0.042236328125,0.005035400390625,0.008056640625,0.012451171875,0.138671875,0.025634765625,0.00286865234375,0.00445556640625,0.021240234375,0.029052734375,0.0113525390625,0.07861328125,0.0240478515625,0.042236328125
step_1460_q_0,0.000659942626953125,0.34375,0.022705078125,0.02490234375,0.012939453125,0.0098876953125,0.0029296875,0.0078125,0.01177978515625,0.0023193359375,0.02734375,0.006500244140625,0.007598876953125,0.0361328125,0.007476806640625,0.0281982421875,0.01373291015625,0.0017852783203125,0.0009002685546875,0.0022430419921875,0.004913330078125,0.0020751953125,0.003997802734375,0.000858306884765625,0.000942230224609375,0.01556396484375,0.000812530517578125,0.00045013427734375,0.0024261474609375,0.0031585693359375,0.004119873046875,0.0023193359375,0.006195068359375,0.006011962890625,0.03857421875,0.029052734375,0.01556396484375,0.022705078125,0.0615234375,0.032958984375,0.0234375,0.032958984375,0.0634765625,0.054443359375
step_1461_q_0,9.679794311523438e-05,0.9453125,0.00125885009765625,0.000461578369140625,0.0002155303955078125,0.0001621246337890625,0.00042724609375,0.00147247314453125,0.00125885009765625,0.000377655029296875,0.00160980224609375,0.0003185272216796875,0.0004405975341796875,0.0024566650390625,0.00262451171875,0.0030670166015625,0.00055694580078125,0.000762939453125,0.0005035400390625,0.000141143798828125,0.000518798828125,0.0002803802490234375,0.0030670166015625,0.000553131103515625,0.0003070831298828125,0.00127410888671875,0.0003337860107421875,0.00017833709716796875,0.00171661376953125,0.0009918212890625,0.000835418701171875,0.00104522705078125,0.00177001953125,0.003631591796875,0.00238037109375,0.00119781494140625,0.00019168853759765625,0.00028228759765625,0.0002613067626953125,0.00086212158203125,0.000835418701171875,0.00213623046875,0.005279541015625,0.004974365234375
step_1462_q_0,0.00238037109375,0.482421875,0.005340576171875,0.005523681640625,0.004425048828125,0.0019073486328125,0.002166748046875,0.006866455078125,0.00885009765625,0.00909423828125,0.00909423828125,0.00390625,0.008544921875,0.034912109375,0.023193359375,0.0225830078125,0.006072998046875,0.004730224609375,0.002777099609375,0.003448486328125,0.0009307861328125,0.000640869140625,0.00182342529296875,0.000797271728515625,0.00115966796875,0.005889892578125,0.00115966796875,0.000164031982421875,0.0024566650390625,0.003448486328125,0.0026092529296875,0.0026092529296875,0.00144195556640625,0.0015106201171875,0.0272216796875,0.002777099609375,0.000274658203125,0.0004749298095703125,0.000499725341796875,0.00048828125,0.0009918212890625,0.007537841796875,0.07177734375,0.2138671875
step_1463_q_0,0.00013446807861328125,0.68359375,0.00118255615234375,0.00138092041015625,0.00118255615234375,0.0004119873046875,0.00011730194091796875,0.0003662109375,0.00089263916015625,0.00054931640625,0.0029754638671875,0.0009002685546875,0.00262451171875,0.0076904296875,0.0008392333984375,0.002655029296875,0.001800537109375,0.00131988525390625,0.000598907470703125,0.000774383544921875,0.000293731689453125,0.0002613067626953125,0.000919342041015625,0.00051116943359375,0.00069427490234375,0.0018310546875,6.628036499023438e-05,2.6345252990722656e-05,0.0002765655517578125,0.0003757476806640625,0.0029296875,0.001220703125,0.000598907470703125,0.000308990478515625,0.005126953125,0.003265380859375,0.0035247802734375,0.002349853515625,0.002349853515625,0.00482177734375,0.00848388671875,0.0264892578125,0.1435546875,0.0791015625
step_1464_q_0,0.000659942626953125,0.48828125,0.0162353515625,0.042724609375,0.01043701171875,0.003509521484375,0.000885009765625,0.00543212890625,0.01263427734375,0.002410888671875,0.0546875,0.007659912109375,0.03662109375,0.07958984375,0.01263427734375,0.0284423828125,0.00396728515625,0.00176239013671875,0.0004673004150390625,0.000274658203125,0.00113677978515625,0.00113677978515625,0.0031890869140625,0.000690460205078125,0.0003261566162109375,0.0546875,0.000331878662109375,6.29425048828125e-05,0.00121307373046875,0.00165557861328125,0.003509521484375,0.000148773193359375,9.632110595703125e-05,0.0001316070556640625,0.0400390625,0.00165557861328125,0.0004749298095703125,0.000690460205078125,0.001373291015625,0.007659912109375,0.00165557861328125,0.0400390625,0.017822265625,0.01080322265625
step_1465_q_0,0.001251220703125,0.59765625,0.0079345703125,0.01153564453125,0.004364013671875,0.0038604736328125,0.0030670166015625,0.00872802734375,0.00653076171875,0.004150390625,0.01287841796875,0.00482177734375,0.0098876953125,0.00982666015625,0.0086669921875,0.00848388671875,0.00469970703125,0.00787353515625,0.003204345703125,0.0035552978515625,0.0123291015625,0.00848388671875,0.01348876953125,0.005340576171875,0.004547119140625,0.03369140625,0.00396728515625,0.00274658203125,0.00946044921875,0.00750732421875,0.01531982421875,0.00946044921875,0.00274658203125,0.00885009765625,0.0322265625,0.01165771484375,0.006134033203125,0.006439208984375,0.0159912109375,0.013916015625,0.01519775390625,0.02392578125,0.01043701171875,0.0036163330078125
step_1466_q_0,5.8710575103759766e-06,0.11572265625,2.396106719970703e-05,4.267692565917969e-05,9.012222290039062e-05,0.0001354217529296875,0.0004730224609375,0.00057220458984375,0.0002460479736328125,2.1457672119140625e-05,0.00070953369140625,0.0003566741943359375,0.0031890869140625,0.00787353515625,0.0003261566162109375,0.00014019012451171875,5.936622619628906e-05,1.7523765563964844e-05,6.008148193359375e-05,0.00015354156494140625,7.486343383789062e-05,1.6450881958007812e-05,0.0001850128173828125,9.47713851928711e-06,6.008148193359375e-05,0.00543212890625,7.867813110351562e-05,4.559755325317383e-06,6.628036499023438e-05,0.00064849853515625,0.0003261566162109375,3.0279159545898438e-05,5.936622619628906e-05,3.528594970703125e-05,0.000606536865234375,0.000209808349609375,0.0004444122314453125,0.000537872314453125,0.00170135498046875,0.000347137451171875,0.0003147125244140625,0.002899169921875,0.051513671875,0.8046875
step_1467_q_0,0.0003662109375,0.455078125,0.00131988525390625,0.0014495849609375,0.00131988525390625,0.000762939453125,0.00118255615234375,0.0024566650390625,0.002166748046875,0.0007171630859375,0.0018310546875,0.00238037109375,0.01556396484375,0.0233154296875,0.01068115234375,0.029052734375,0.00506591796875,0.003814697265625,0.0009918212890625,0.00063323974609375,0.00142669677734375,0.002166748046875,0.004180908203125,0.0004482269287109375,0.0003223419189453125,0.0133056640625,0.000278472900390625,8.487701416015625e-05,0.0015869140625,0.00628662109375,0.01104736328125,0.0028839111328125,0.0020751953125,0.003692626953125,0.025634765625,0.031005859375,0.0194091796875,0.0103759765625,0.032958984375,0.00860595703125,0.01068115234375,0.05615234375,0.1474609375,0.0478515625
step_1468_q_0,5.8710575103759766e-06,0.404296875,0.00165557861328125,0.0031890869140625,0.000667572021484375,0.0004520416259765625,0.000438690185546875,0.00543212890625,0.0019989013671875,9.250640869140625e-05,0.036376953125,0.0019989013671875,0.02587890625,0.06201171875,0.0167236328125,0.00921630859375,0.002899169921875,0.0052490234375,0.00112152099609375,8.440017700195312e-05,0.0003261566162109375,0.00176239013671875,0.00193023681640625,0.0003986358642578125,0.000335693359375,0.0400390625,0.0002498626708984375,0.00014781951904296875,0.003387451171875,0.0111083984375,0.0284423828125,0.0005035400390625,0.00124359130859375,0.00051116943359375,0.036376953125,0.0322265625,0.0023345947265625,0.01080322265625,0.026611328125,0.041259765625,0.026611328125,0.0703125,0.06201171875,0.021484375
step_1469_q_0,0.000152587890625,0.4765625,0.0022735595703125,0.00141143798828125,0.000339508056640625,0.00022411346435546875,0.00011014938354492188,0.000705718994140625,0.00162506103515625,0.00150299072265625,0.00189971923828125,0.00274658203125,0.01251220703125,0.01019287109375,0.0022430419921875,0.005279541015625,0.0034637451171875,0.00170135498046875,0.0002689361572265625,0.0002498626708984375,0.0004329681396484375,0.0011444091796875,0.00238037109375,0.0003566741943359375,0.000934600830078125,0.020263671875,4.9591064453125e-05,2.2649765014648438e-05,0.00067138671875,0.00311279296875,0.002655029296875,0.0002651214599609375,0.000766754150390625,0.00098419189453125,0.0252685546875,0.01904296875,0.005706787109375,0.01287841796875,0.0208740234375,0.01458740234375,0.032470703125,0.1455078125,0.1279296875,0.03662109375
step_1470_q_0,0.001373291015625,0.76953125,0.0027313232421875,0.006072998046875,0.0033416748046875,0.00103759765625,0.000934600830078125,0.0023040771484375,0.0020294189453125,0.006439208984375,0.0033416748046875,0.00179290771484375,0.008056640625,0.00616455078125,0.007293701171875,0.0033416748046875,0.0028228759765625,0.0012664794921875,0.0003757476806640625,0.000576019287109375,0.000644683837890625,0.0015106201171875,0.00089263916015625,0.000385284423828125,0.0003528594970703125,0.004425048828125,0.00018596649169921875,0.0001430511474609375,0.00121307373046875,0.00244140625,0.00144195556640625,0.00083160400390625,0.000499725341796875,0.0016021728515625,0.00909423828125,0.0027313232421875,0.000934600830078125,0.0021209716796875,0.00396728515625,0.0028228759765625,0.00408935546875,0.006439208984375,0.049072265625,0.07177734375
step_1471_q_0,1.8835067749023438e-05,0.0196533203125,0.00055694580078125,0.003509521484375,0.00091552734375,0.00078582763671875,0.0004062652587890625,0.003509521484375,0.004364013671875,0.0006103515625,0.03662109375,0.0152587890625,0.1279296875,0.1279296875,0.0152587890625,0.028564453125,0.0079345703125,0.000759124755859375,0.000118255615234375,0.0004062652587890625,0.00013446807861328125,0.0009765625,0.0025787353515625,0.00035858154296875,0.00013446807861328125,0.07763671875,3.910064697265625e-05,2.1696090698242188e-05,0.000316619873046875,0.0208740234375,0.00677490234375,0.00078582763671875,0.00171661376953125,0.0023345947265625,0.1279296875,0.017333984375,0.00171661376953125,0.004119873046875,0.004364013671875,0.023681640625,0.0196533203125,0.11279296875,0.07275390625,0.10595703125
step_1472_q_0,0.000362396240234375,0.4140625,0.0033111572265625,0.00860595703125,0.005126953125,0.004119873046875,0.006378173828125,0.0113525390625,0.008056640625,0.0028839111328125,0.007110595703125,0.00628662109375,0.01007080078125,0.01068115234375,0.008056640625,0.008056640625,0.01171875,0.003204345703125,0.0015411376953125,0.00194549560546875,0.00628662109375,0.0120849609375,0.003204345703125,0.000812530517578125,0.0015411376953125,0.00946044921875,0.0004119873046875,0.0003681182861328125,0.006378173828125,0.005218505859375,0.006591796875,0.0025787353515625,0.00238037109375,0.007110595703125,0.03857421875,0.0264892578125,0.029052734375,0.029052734375,0.09814453125,0.083984375,0.04931640625,0.029052734375,0.01007080078125,0.00885009765625
step_1473_q_0,0.00025177001953125,0.703125,0.007598876953125,0.0103759765625,0.003814697265625,0.00115966796875,0.0014495849609375,0.001495361328125,0.003936767578125,0.01251220703125,0.017578125,0.00125885009765625,0.00537109375,0.007110595703125,0.003692626953125,0.0024566650390625,0.000469207763671875,0.0003032684326171875,0.0003662109375,0.0002593994140625,0.0005340576171875,0.000576019287109375,0.00164031982421875,0.000514984130859375,0.0003948211669921875,0.00628662109375,0.000762939453125,0.000774383544921875,0.002166748046875,0.001983642578125,0.00174713134765625,0.0033721923828125,0.007354736328125,0.0091552734375,0.003936767578125,0.01141357421875,0.0181884765625,0.0133056640625,0.0078125,0.0091552734375,0.00860595703125,0.0194091796875,0.03857421875,0.04638671875
step_1474_q_0,0.0005035400390625,0.59765625,0.01202392578125,0.0106201171875,0.005157470703125,0.001678466796875,0.00122833251953125,0.00183868408203125,0.0042724609375,0.03466796875,0.01165771484375,0.003326416015625,0.00775146484375,0.01025390625,0.0054931640625,0.0050048828125,0.002685546875,0.000885009765625,0.001678466796875,0.00173187255859375,0.001678466796875,0.0014801025390625,0.00183868408203125,0.00128173828125,0.0004444122314453125,0.006439208984375,0.00173187255859375,0.00030517578125,0.002593994140625,0.0029449462890625,0.0034332275390625,0.00323486328125,0.00323486328125,0.0027618408203125,0.01318359375,0.003326416015625,0.000896453857421875,0.0010986328125,0.000732421875,0.000553131103515625,0.001953125,0.01275634765625,0.0712890625,0.1416015625
step_1475_q_0,5.507469177246094e-05,0.310546875,0.0005645751953125,0.00048828125,0.0002651214599609375,2.2292137145996094e-05,4.351139068603516e-06,4.172325134277344e-06,4.291534423828125e-05,8.869171142578125e-05,0.00130462646484375,4.792213439941406e-05,0.000766754150390625,0.0012664794921875,0.00042724609375,0.0003509521484375,0.000217437744140625,0.0001468658447265625,0.0002155303955078125,1.8596649169921875e-05,2.110004425048828e-05,2.7060508728027344e-05,0.0002689361572265625,0.0001697540283203125,4.220008850097656e-05,0.00031280517578125,6.645917892456055e-06,2.60770320892334e-06,0.0001506805419921875,0.00020503997802734375,0.00101470947265625,0.0004119873046875,0.0001583099365234375,0.00011539459228515625,0.00130462646484375,0.0003662109375,0.002227783203125,0.000457763671875,0.0013885498046875,0.00116729736328125,0.008544921875,0.0947265625,0.330078125,0.2412109375
step_1476_q_0,0.0003261566162109375,0.1357421875,0.08251953125,0.056640625,0.0162353515625,0.004791259765625,0.001068115234375,0.0037384033203125,0.0079345703125,0.0130615234375,0.14453125,0.006561279296875,0.1201171875,0.11279296875,0.004791259765625,0.005096435546875,0.000736236572265625,0.0004062652587890625,8.7738037109375e-05,5.8650970458984375e-05,8.535385131835938e-05,0.0001621246337890625,0.00021457672119140625,3.2782554626464844e-06,6.020069122314453e-06,0.034423828125,4.231929779052734e-06,1.169741153717041e-06,0.00014495849609375,0.0004329681396484375,0.00146484375,9.489059448242188e-05,8.916854858398438e-05,0.0001316070556640625,0.009521484375,0.005096435546875,0.001556396484375,0.000736236572265625,0.004791259765625,0.0162353515625,0.03662109375,0.14453125,0.004791259765625,0.0208740234375
step_1477_q_0,0.00012683868408203125,0.486328125,0.00160980224609375,0.00653076171875,0.0012664794921875,0.0004062652587890625,0.002777099609375,0.01025390625,0.0026397705078125,0.0031585693359375,0.006622314453125,0.0037384033203125,0.015869140625,0.0174560546875,0.0242919921875,0.009765625,0.005950927734375,0.0086669921875,0.004425048828125,0.0035400390625,0.004425048828125,0.016357421875,0.015625,0.0054931640625,0.01025390625,0.0035247802734375,0.0238037109375,0.01025390625,0.06591796875,0.0213623046875,0.0213623046875,0.005767822265625,0.002197265625,0.0174560546875,0.01220703125,0.00135040283203125,0.0030364990234375,0.003204345703125,0.0052490234375,0.0010986328125,0.004638671875,0.0034332275390625,0.06787109375,0.05810546875
step_1478_q_0,1.621246337890625e-05,0.029052734375,6.437301635742188e-05,5.8650970458984375e-05,2.4318695068359375e-05,1.7881393432617188e-05,4.1961669921875e-05,2.181529998779297e-05,5.698204040527344e-05,2.7060508728027344e-05,0.00021457672119140625,5.507469177246094e-05,0.000484466552734375,0.0002803802490234375,4.863739013671875e-05,8.381903171539307e-07,7.636845111846924e-07,7.860362529754639e-07,4.9173831939697266e-06,6.3478946685791016e-06,8.58306884765625e-06,1.3709068298339844e-06,4.079192876815796e-07,1.5599653124809265e-08,1.6763806343078613e-07,0.000247955322265625,9.98377799987793e-07,2.1513551473617554e-07,5.304813385009766e-06,5.453824996948242e-06,3.680586814880371e-06,1.049041748046875e-05,7.748603820800781e-06,8.392333984375e-05,2.956390380859375e-05,1.1563301086425781e-05,3.4809112548828125e-05,0.00011873245239257812,0.001983642578125,0.0004138946533203125,0.000850677490234375,0.0005645751953125,0.0034637451171875,0.9609375
step_1479_q_0,0.00019073486328125,0.125,0.00167083740234375,0.002288818359375,0.0012054443359375,0.000911712646484375,0.00183868408203125,0.00141143798828125,0.00152587890625,0.01025390625,0.0026702880859375,0.0005035400390625,0.0062255859375,0.0050048828125,0.0169677734375,0.00469970703125,0.000698089599609375,0.001190185546875,0.00048065185546875,0.000732421875,0.0003681182861328125,0.00189971923828125,0.0021514892578125,0.000911712646484375,0.00051116943359375,0.00604248046875,0.0020904541015625,0.00189971923828125,0.0027618408203125,0.0015716552734375,0.005157470703125,0.02880859375,0.0096435546875,0.0224609375,0.01361083984375,0.019775390625,0.0185546875,0.00933837890625,0.0380859375,0.02880859375,0.060791015625,0.28125,0.09716796875,0.16015625
step_1480_q_0,7.539987564086914e-06,0.37109375,0.001129150390625,0.000125885009765625,0.000164031982421875,0.00010013580322265625,4.839897155761719e-05,6.151199340820312e-05,0.0002994537353515625,0.00020885467529296875,0.00104522705078125,0.000762939453125,0.00118255615234375,0.0003948211669921875,9.655952453613281e-06,0.000408172607421875,0.0001811981201171875,0.00194549560546875,0.00311279296875,0.00010824203491210938,8.440017700195312e-05,0.00138092041015625,0.000492095947265625,0.00010919570922851562,0.00010251998901367188,0.00927734375,4.029273986816406e-05,5.269050598144531e-05,0.00019550323486328125,0.00106048583984375,0.0035247802734375,0.00010156631469726562,0.000522613525390625,0.00089263916015625,0.016357421875,0.00213623046875,0.00032806396484375,0.0035247802734375,0.000949859619140625,0.0184326171875,0.031494140625,0.1279296875,0.328125,0.07080078125
step_1481_q_0,0.00011968612670898438,0.369140625,0.0084228515625,0.000759124755859375,0.000667572021484375,0.0002460479736328125,5.841255187988281e-05,0.0010223388671875,0.00162506103515625,0.0029296875,0.0050048828125,0.00518798828125,0.0118408203125,0.000965118408203125,0.0003948211669921875,0.00096893310546875,0.00238037109375,0.0007171630859375,5.14984130859375e-05,0.00022602081298828125,0.00064849853515625,0.00165557861328125,0.00152587890625,0.00031280517578125,0.00110626220703125,0.005767822265625,5.078315734863281e-05,6.031990051269531e-05,0.000110626220703125,0.001983642578125,0.00372314453125,0.0004425048828125,0.000701904296875,0.000518798828125,0.0228271484375,0.007293701171875,0.00142669677734375,0.01043701171875,0.002838134765625,0.0242919921875,0.00665283203125,0.3359375,0.09619140625,0.06201171875
step_1482_q_0,0.00017261505126953125,0.37109375,0.003753662109375,0.0024566650390625,0.0013427734375,0.00055694580078125,0.0002384185791015625,0.00194549560546875,0.001617431640625,0.017333984375,0.0028839111328125,0.003021240234375,0.0126953125,0.006195068359375,0.00958251953125,0.004669189453125,0.0022735595703125,0.0005950927734375,0.000354766845703125,0.00090789794921875,0.000705718994140625,0.001800537109375,0.000728607177734375,0.000682830810546875,0.00104522705078125,0.004547119140625,0.000415802001953125,8.678436279296875e-05,0.0024261474609375,0.001861572265625,0.003875732421875,0.0008392333984375,0.000568389892578125,0.0079345703125,0.01123046875,0.0033111572265625,0.00156402587890625,0.0027008056640625,0.0023193359375,0.006011962890625,0.01531982421875,0.0625,0.0517578125,0.37109375
step_1483_q_0,3.933906555175781e-05,0.2451171875,0.04541015625,0.004913330078125,0.00113677978515625,0.00020313262939453125,0.00020313262939453125,0.00012302398681640625,0.0002956390380859375,0.6640625,0.0089111328125,0.003082275390625,0.00421142578125,0.00372314453125,0.000278472900390625,0.00102996826171875,0.000606536865234375,0.0004730224609375,0.00012302398681640625,3.7670135498046875e-05,1.1742115020751953e-05,2.6226043701171875e-05,0.0001316070556640625,0.0003795623779296875,0.00010538101196289062,0.00113677978515625,0.0002613067626953125,0.00010204315185546875,2.586841583251953e-05,0.00012302398681640625,0.0008544921875,0.000431060791015625,0.0003452301025390625,3.528594970703125e-05,0.000606536865234375,0.001068115234375,0.0002536773681640625,0.0004177093505859375,0.0005035400390625,0.00019741058349609375,0.000667572021484375,0.000732421875,0.004486083984375,0.0017547607421875
step_1484_q_0,0.0002956390380859375,0.85546875,0.00115966796875,0.0042724609375,0.0021514892578125,0.0002193450927734375,0.0001697540283203125,0.00018596649169921875,0.00124359130859375,0.0032806396484375,0.01519775390625,0.0020599365234375,0.006439208984375,0.00933837890625,0.0052490234375,0.0111083984375,0.00823974609375,0.0017547607421875,0.00157928466796875,0.0019683837890625,0.00102996826171875,0.00130462646484375,0.00189971923828125,0.00150299072265625,0.004486083984375,0.004791259765625,0.000934600830078125,0.000396728515625,0.000732421875,0.003662109375,0.0019989013671875,0.0042724609375,0.00113677978515625,0.002685546875,0.00982666015625,0.0017547607421875,0.00089263916015625,0.00165557861328125,0.001190185546875,0.000530242919921875,0.002410888671875,0.006439208984375,0.004791259765625,0.00799560546875
step_1485_q_0,5.1975250244140625e-05,0.87109375,0.027099609375,0.000690460205078125,0.00048065185546875,3.719329833984375e-05,0.00018215179443359375,0.0001354217529296875,0.0004520416259765625,0.0859375,0.006866455078125,0.0010528564453125,0.0020294189453125,0.000701904296875,2.956390380859375e-05,0.00012969970703125,4.1484832763671875e-05,1.233816146850586e-05,5.5789947509765625e-05,8.344650268554688e-05,0.0006561279296875,7.62939453125e-05,5.3882598876953125e-05,3.904104232788086e-06,1.4156103134155273e-06,0.000545501708984375,1.9371509552001953e-06,8.225440979003906e-06,2.473592758178711e-06,0.000125885009765625,0.00012159347534179688,2.86102294921875e-06,0.000110626220703125,2.0265579223632812e-06,0.00010251998901367188,3.039836883544922e-05,7.62939453125e-05,3.123283386230469e-05,1.1265277862548828e-05,8.96453857421875e-05,3.504753112792969e-05,0.0009002685546875,0.0003299713134765625,0.0005035400390625
step_1486_q_0,0.000213623046875,0.8828125,0.00299072265625,0.00058746337890625,0.0003299713134765625,2.8133392333984375e-05,4.38690185546875e-05,6.198883056640625e-05,0.00037384033203125,0.018310546875,0.0167236328125,0.005584716796875,0.0069580078125,0.00408935546875,0.005096435546875,0.00048828125,0.00057220458984375,0.000911712646484375,0.00225830078125,0.00048828125,0.00421142578125,0.0007781982421875,0.00096893310546875,0.00057220458984375,0.00011587142944335938,0.003082275390625,0.000885009765625,9.1552734375e-05,0.000667572021484375,0.000553131103515625,0.000804901123046875,0.0089111328125,0.00096893310546875,0.009521484375,0.00141143798828125,0.00099945068359375,0.00048828125,0.000911712646484375,0.001983642578125,0.0003566741943359375,0.00164794921875,0.002716064453125,0.004364013671875,0.004791259765625
step_1487_q_0,0.0003032684326171875,0.23046875,0.0028076171875,0.0028076171875,0.00408935546875,0.00081634521484375,0.0004787445068359375,0.00063323974609375,0.00494384765625,0.0054931640625,0.01318359375,0.00104522705078125,0.006317138671875,0.02587890625,0.007415771484375,0.0301513671875,0.003662109375,0.002471923828125,0.00151824951171875,0.000568389892578125,0.000385284423828125,0.00128936767578125,0.00909423828125,0.005157470703125,0.002899169921875,0.00323486328125,0.00299072265625,0.00128936767578125,0.002685546875,0.0201416015625,0.03759765625,0.00823974609375,0.00823974609375,0.00323486328125,0.08447265625,0.0274658203125,0.015625,0.01519775390625,0.002471923828125,0.01043701171875,0.0250244140625,0.251953125,0.0274658203125,0.08740234375
step_1488_q_0,5.774199962615967e-07,1.8030405044555664e-06,2.2631138563156128e-07,4.601478576660156e-05,0.5234375,3.266334533691406e-05,0.000133514404296875,0.00042724609375,2.193450927734375e-05,7.82012939453125e-05,1.3690441846847534e-07,4.917383193969727e-07,0.00012493133544921875,2.1886080503463745e-07,4.6253204345703125e-05,8.296966552734375e-05,0.0015869140625,1.5020370483398438e-05,2.3245811462402344e-05,0.014404296875,8.761882781982422e-06,1.233816146850586e-05,0.263671875,3.2633543014526367e-06,0.00151824951171875,3.2186508178710938e-06,3.7670135498046875e-05,3.2901763916015625e-05,0.00010204315185546875,0.1923828125,3.0517578125e-05,4.76837158203125e-06,2.944469451904297e-05,7.241964340209961e-06,6.0558319091796875e-05,1.633167266845703e-05,0.00010156631469726562,0.00109100341796875,2.3603439331054688e-05,0.00021839141845703125,9.238719940185547e-06,5.0067901611328125e-05,2.372264862060547e-05,3.6716461181640625e-05,0.00011014938354492188
step_1489_q_0,0.0035247802734375,0.00133514404296875,0.00109100341796875,0.001220703125,0.00087738037109375,0.000652313232421875,0.00022125244140625,0.0001430511474609375,0.00023937225341796875,0.000469207763671875,0.000484466552734375,0.000934600830078125,0.003753662109375,0.00138092041015625,0.00110626220703125,0.0002288818359375,0.000148773193359375,0.0002899169921875,0.00125885009765625,0.00138092041015625,0.0014190673828125,0.00043487548828125,0.000514984130859375,0.0004405975341796875,0.0012969970703125,0.005462646484375,0.00138092041015625,0.000492095947265625,0.000705718994140625,0.0006103515625,0.000762939453125,0.0024261474609375,0.00250244140625,0.00106048583984375,0.001220703125,0.00194549560546875,0.00274658203125,0.003631591796875,0.004119873046875,0.003631591796875,0.01348876953125,0.040283203125,0.2470703125,0.1806640625,0.4609375
step_1490_q_0,0.0005035400390625,0.80078125,0.004058837890625,0.0057373046875,0.004913330078125,0.0107421875,0.003936767578125,0.0028839111328125,0.0037078857421875,0.018798828125,0.006103515625,0.01177978515625,0.004486083984375,0.003265380859375,0.00070953369140625,0.001983642578125,0.00506591796875,0.0017547607421875,0.002105712890625,0.0023956298828125,0.00360107421875,0.0028839111328125,0.0103759765625,0.0021820068359375,0.00093841552734375,0.0014495849609375,0.0012054443359375,0.0014495849609375,0.00262451171875,0.0057373046875,0.00421142578125,0.003936767578125,0.0008544921875,0.003265380859375,0.004913330078125,0.0033721923828125,0.004608154296875,0.0012054443359375,0.002716064453125,0.002471923828125,0.00099945068359375,0.00714111328125,0.002105712890625,0.00714111328125,0.022705078125
step_1491_q_0,0.0002956390380859375,0.287109375,0.022216796875,0.0159912109375,0.006561279296875,0.004364013671875,0.002532958984375,0.00457763671875,0.005126953125,0.0150146484375,0.019287109375,0.01348876953125,0.013671875,0.05859375,0.0208740234375,0.02294921875,0.00970458984375,0.0072021484375,0.01019287109375,0.0030975341796875,0.0093994140625,0.005706787109375,0.010498046875,0.00872802734375,0.00396728515625,0.006988525390625,0.0048828125,0.006378173828125,0.006988525390625,0.0093994140625,0.007110595703125,0.0120849609375,0.008056640625,0.013671875,0.0244140625,0.0260009765625,0.013671875,0.005706787109375,0.00872802734375,0.0045166015625,0.00885009765625,0.048583984375,0.07763671875,0.0186767578125,0.10595703125
step_1492_q_0,0.0002593994140625,0.69140625,0.0208740234375,0.002838134765625,0.002044677734375,0.00157928466796875,0.000591278076171875,0.00049591064453125,0.00188446044921875,0.053466796875,0.004669189453125,0.00830078125,0.0084228515625,0.010009765625,0.0016937255859375,0.00311279296875,0.00689697265625,0.00189971923828125,0.0022430419921875,0.00124359130859375,0.001434326171875,0.00160980224609375,0.00628662109375,0.0030059814453125,0.0029144287109375,0.005889892578125,0.00128936767578125,0.00183868408203125,0.00160980224609375,0.008056640625,0.006195068359375,0.0025634765625,0.00250244140625,0.003875732421875,0.0076904296875,0.00286865234375,0.00115203857421875,0.001220703125,0.00124359130859375,0.00311279296875,0.004058837890625,0.01251220703125,0.004058837890625,0.0023956298828125,0.08544921875
step_1493_q_0,0.000209808349609375,0.1474609375,0.01348876953125,0.003997802734375,0.0017852783203125,0.003936767578125,0.0031585693359375,0.006500244140625,0.00162506103515625,0.00885009765625,0.00592041015625,0.0023193359375,0.0042724609375,0.03857421875,0.0260009765625,0.0196533203125,0.02294921875,0.01123046875,0.004730224609375,0.002410888671875,0.0036163330078125,0.00173187255859375,0.007110595703125,0.00885009765625,0.02197265625,0.0079345703125,0.04638671875,0.0245361328125,0.005645751953125,0.01123046875,0.0179443359375,0.0081787109375,0.02197265625,0.006683349609375,0.0223388671875,0.0264892578125,0.01214599609375,0.039794921875,0.004730224609375,0.00628662109375,0.006195068359375,0.02294921875,0.049560546875,0.07177734375,0.21484375
step_1494_q_0,0.0003948211669921875,0.80078125,0.0024261474609375,0.00098419189453125,0.00098419189453125,0.000644683837890625,0.000579833984375,0.001190185546875,0.00128936767578125,0.00112152099609375,0.003021240234375,0.000728607177734375,0.0033111572265625,0.00167083740234375,0.00103759765625,0.0022735595703125,0.001617431640625,0.000820159912109375,0.000949859619140625,0.001129150390625,0.00531005859375,0.004669189453125,0.00125885009765625,0.0006561279296875,0.000659942626953125,0.0029754638671875,0.000850677490234375,0.0004711151123046875,0.0013427734375,0.00109100341796875,0.001220703125,0.000934600830078125,0.001708984375,0.00159454345703125,0.00262451171875,0.0035858154296875,0.002105712890625,0.00311279296875,0.0033111572265625,0.00250244140625,0.004669189453125,0.0037078857421875,0.032958984375,0.03857421875,0.052734375
step_1495_q_0,0.000209808349609375,0.1552734375,0.004119873046875,0.0021820068359375,0.004730224609375,0.0032501220703125,0.004150390625,0.0140380859375,0.00830078125,0.1005859375,0.0098876953125,0.00179290771484375,0.01214599609375,0.0076904296875,0.00518798828125,0.007171630859375,0.005584716796875,0.0115966796875,0.0087890625,0.00872802734375,0.0191650390625,0.0174560546875,0.02099609375,0.01275634765625,0.01025390625,0.00531005859375,0.0238037109375,0.015869140625,0.015869140625,0.0179443359375,0.018798828125,0.01446533203125,0.00799560546875,0.01239013671875,0.0087890625,0.006378173828125,0.0125732421875,0.0177001953125,0.0191650390625,0.01361083984375,0.0115966796875,0.01214599609375,0.021728515625,0.061767578125,0.2265625
step_1496_q_0,0.006256103515625,0.5625,0.0027008056640625,0.00640869140625,0.002471923828125,0.001708984375,0.000652313232421875,0.00119781494140625,0.0018768310546875,0.001190185546875,0.009521484375,0.006988525390625,0.004669189453125,0.0159912109375,0.006439208984375,0.005340576171875,0.0035858154296875,0.0018768310546875,0.0023956298828125,0.0019073486328125,0.0018768310546875,0.00506591796875,0.0047607421875,0.0036163330078125,0.00225830078125,0.0037689208984375,0.00098419189453125,0.00104522705078125,0.00262451171875,0.0035858154296875,0.007293701171875,0.0247802734375,0.010009765625,0.006256103515625,0.0147705078125,0.0079345703125,0.01031494140625,0.01129150390625,0.0087890625,0.012451171875,0.007781982421875,0.022216796875,0.091796875,0.056640625,0.0322265625
step_1497_q_0,2.5987625122070312e-05,0.80859375,0.01019287109375,0.00156402587890625,0.000232696533203125,0.00017261505126953125,6.723403930664062e-05,0.00021839141845703125,0.0005645751953125,0.003997802734375,0.0013580322265625,0.0003223419189453125,0.0020751953125,0.068359375,0.0020751953125,0.0074462890625,0.004119873046875,0.00106048583984375,0.0003719329833984375,0.0002803802490234375,0.000255584716796875,0.00055694580078125,0.0045166015625,0.000583648681640625,0.0001354217529296875,0.00118255615234375,0.00013256072998046875,0.000400543212890625,0.00019550323486328125,0.002655029296875,0.00107574462890625,0.000408172607421875,0.00074005126953125,0.00115966796875,0.01116943359375,0.00579833984375,0.000762939453125,0.0016632080078125,0.0016632080078125,0.0081787109375,0.0033111572265625,0.0126953125,0.00958251953125,0.01348876953125,0.00341796875
step_1498_q_0,0.002532958984375,0.7734375,0.00732421875,0.003814697265625,0.00103759765625,0.00038909912109375,0.0022430419921875,0.00087738037109375,0.000499725341796875,0.0615234375,0.0016632080078125,0.0022430419921875,0.0027008056640625,0.00537109375,0.004180908203125,0.0009918212890625,0.000774383544921875,0.00335693359375,0.00160980224609375,0.00069427490234375,6.723403930664062e-05,0.00010013580322265625,0.000179290771484375,0.00013065338134765625,7.200241088867188e-05,0.000904083251953125,0.0003719329833984375,0.00023555755615234375,0.000476837158203125,0.000354766845703125,0.00110626220703125,0.0015869140625,0.0048828125,0.002532958984375,0.00020503997802734375,0.000934600830078125,0.00054168701171875,0.00041961669921875,0.00011968612670898438,7.009506225585938e-05,0.0003662109375,0.0002231597900390625,0.004730224609375,0.0218505859375,0.08154296875
step_1499_q_0,0.00010633468627929688,0.9609375,0.00013446807861328125,7.43865966796875e-05,5.173683166503906e-05,2.4080276489257812e-05,2.7865171432495117e-06,2.5331974029541016e-06,2.384185791015625e-06,8.046627044677734e-06,7.450580596923828e-06,0.0002498626708984375,7.772445678710938e-05,6.914138793945312e-05,1.245737075805664e-05,1.52587890625e-05,4.6253204345703125e-05,3.409385681152344e-05,6.580352783203125e-05,0.0002460479736328125,0.0001010894775390625,2.2649765014648438e-05,8.20159912109375e-05,0.00011539459228515625,0.0003070831298828125,0.000278472900390625,0.0001125335693359375,3.9577484130859375e-05,6.341934204101562e-05,5.459785461425781e-05,0.00072479248046875,9.489059448242188e-05,0.000194549560546875,6.580352783203125e-05,0.00011730194091796875,0.000152587890625,0.00067138671875,0.0007476806640625,0.000701904296875,0.001220703125,0.0019073486328125,0.0032958984375,0.005523681640625,0.013671875,0.00909423828125
step_1500_q_0,0.000751495361328125,0.462890625,0.1416015625,0.04296875,0.0079345703125,0.00177764892578125,8.487701416015625e-05,0.00016307830810546875,0.003021240234375,0.005645751953125,0.01312255859375,0.0022125244140625,0.02099609375,0.205078125,0.016357421875,0.0079345703125,0.007476806640625,0.000576019287109375,0.000518798828125,0.000293731689453125,0.000339508056640625,0.0002765655517578125,0.00102996826171875,0.00069427490234375,0.000415802001953125,0.015869140625,0.00022602081298828125,0.0003185272216796875,0.000705718994140625,0.0022125244140625,0.0022125244140625,0.000396728515625,0.00022602081298828125,0.0004634857177734375,0.01055908203125,0.000865936279296875,0.0003833770751953125,0.0008392333984375,0.00043487548828125,0.0005950927734375,0.000812530517578125,0.003753662109375,0.00482177734375,0.0025787353515625,0.0079345703125
step_1501_q_0,0.00013446807861328125,0.7578125,0.00194549560546875,0.0026092529296875,0.0011444091796875,0.00043487548828125,0.000110626220703125,0.0003070831298828125,0.00113677978515625,0.000110626220703125,0.00445556640625,0.000308990478515625,0.00238037109375,0.005126953125,0.004364013671875,0.00518798828125,0.002105712890625,0.000423431396484375,0.000865936279296875,0.0002880096435546875,0.0004215240478515625,0.000415802001953125,0.00078582763671875,0.000881195068359375,0.00107574462890625,0.004058837890625,0.00099945068359375,0.000446319580078125,0.000843048095703125,0.00070953369140625,0.0029449462890625,0.005523681640625,0.004180908203125,0.0025177001953125,0.0159912109375,0.00872802734375,0.002716064453125,0.002899169921875,0.002593994140625,0.005126953125,0.00872802734375,0.025634765625,0.0517578125,0.05322265625,0.003692626953125
step_1502_q_0,4.649162292480469e-05,0.2265625,0.001953125,0.00145721435546875,0.000583648681640625,0.001190185546875,0.00183868408203125,0.000576019287109375,0.00021076202392578125,0.00396728515625,0.000583648681640625,0.00193023681640625,0.009033203125,0.024658203125,0.00604248046875,0.00069427490234375,0.000278472900390625,4.4345855712890625e-05,6.67572021484375e-05,0.00016689300537109375,0.000396728515625,0.00012302398681640625,0.0003185272216796875,9.441375732421875e-05,0.0003490447998046875,0.0052490234375,0.00095367431640625,0.0004444122314453125,0.00014019012451171875,0.00029754638671875,0.00113677978515625,0.00049591064453125,0.000835418701171875,9.822845458984375e-05,0.0002269744873046875,0.0003299713134765625,0.000156402587890625,0.0003566741943359375,0.0002956390380859375,0.000286102294921875,0.00017261505126953125,0.000621795654296875,0.00145721435546875,0.006622314453125,0.6953125
step_1503_q_0,0.0012664794921875,0.5703125,0.0546875,0.005401611328125,0.0021514892578125,0.00122833251953125,0.00013828277587890625,0.000354766845703125,0.00162506103515625,0.00372314453125,0.006317138671875,0.00124359130859375,0.01470947265625,0.10205078125,0.000911712646484375,0.0101318359375,0.003173828125,0.0040283203125,0.000621795654296875,0.000408172607421875,0.0001583099365234375,0.00022029876708984375,0.00136566162109375,0.0002613067626953125,0.00054168701171875,0.005950927734375,0.00018596649169921875,0.0001316070556640625,7.104873657226562e-05,0.0003910064697265625,0.005584716796875,0.000507354736328125,0.000335693359375,0.000179290771484375,0.0040283203125,0.0034332275390625,0.000583648681640625,0.0002651214599609375,0.00030517578125,0.00135040283203125,0.00116729736328125,0.01519775390625,0.01519775390625,0.0322265625,0.126953125
step_1504_q_0,5.5730342864990234e-06,0.93359375,0.0009918212890625,0.0003871917724609375,7.915496826171875e-05,6.67572021484375e-05,3.62396240234375e-05,0.00045013427734375,0.0009918212890625,0.000240325927734375,0.0067138671875,9.72747802734375e-05,0.000354766845703125,0.0028228759765625,0.001953125,0.000949859619140625,0.0003108978271484375,0.00022220611572265625,6.4849853515625e-05,5.7220458984375e-05,5.459785461425781e-05,6.771087646484375e-05,0.0003452301025390625,2.491474151611328e-05,4.38690185546875e-05,0.00164794921875,0.00010347366333007812,0.0001964569091796875,0.000339508056640625,0.00051116943359375,0.000301361083984375,0.0002765655517578125,5.7220458984375e-05,0.000492095947265625,0.005096435546875,0.00083160400390625,0.000354766845703125,0.000286102294921875,0.00103759765625,0.00191497802734375,0.0030517578125,0.0179443359375,0.006927490234375,0.0018463134765625,0.00469970703125
step_1505_q_0,0.000164031982421875,0.7890625,0.011962890625,0.0011444091796875,0.0011444091796875,0.0005035400390625,9.584426879882812e-05,0.0002384185791015625,0.00032806396484375,0.0003490447998046875,0.0016937255859375,0.00074005126953125,0.00262451171875,0.0123291015625,0.000972747802734375,0.003326416015625,0.000858306884765625,0.0001506805419921875,0.00010728836059570312,7.677078247070312e-05,0.00011396408081054688,3.552436828613281e-05,0.00058746337890625,0.00018024444580078125,0.00032806396484375,0.00311279296875,0.0003833770751953125,0.00013256072998046875,2.8252601623535156e-05,0.00015163421630859375,0.00213623046875,0.0004673004150390625,0.0003147125244140625,0.000118255615234375,0.003326416015625,0.001617431640625,0.00037384033203125,0.000598907470703125,0.0002994537353515625,0.00049591064453125,0.0004253387451171875,0.00531005859375,0.0830078125,0.0286865234375,0.041748046875
step_1506_q_0,0.000797271728515625,0.92578125,0.008544921875,0.005401611328125,0.0023956298828125,0.000637054443359375,0.0002498626708984375,0.00079345703125,0.0006256103515625,0.008544921875,0.0006561279296875,0.0003681182861328125,0.0034942626953125,0.004364013671875,0.00152587890625,0.002288818359375,0.000354766845703125,0.000148773193359375,0.0003376007080078125,0.00023937225341796875,0.00081634521484375,0.0002841949462890625,0.000812530517578125,0.00010204315185546875,0.00022029876708984375,0.000640869140625,0.0004367828369140625,0.000232696533203125,0.00067901611328125,0.0012054443359375,0.0011749267578125,0.000732421875,0.00051116943359375,0.00058746337890625,0.0037841796875,0.000392913818359375,0.0003299713134765625,0.0003261566162109375,0.00018978118896484375,0.00066375732421875,0.0003376007080078125,0.0020599365234375,0.00152587890625,0.0023345947265625,0.0128173828125
step_1507_q_0,1.2040138244628906e-05,0.00180816650390625,0.275390625,0.1083984375,0.008056640625,0.0177001953125,0.000850677490234375,0.003814697265625,0.01251220703125,0.1083984375,0.08447265625,0.0133056640625,0.061767578125,0.1474609375,0.00592041015625,0.01007080078125,0.02001953125,0.00099945068359375,0.0004558563232421875,0.00592041015625,0.007598876953125,0.0033721923828125,0.0078125,0.0003452301025390625,0.00124359130859375,0.0037078857421875,0.001129150390625,0.00090789794921875,0.0006866455078125,0.004608154296875,0.001129150390625,0.0001373291015625,0.000518798828125,0.000232696533203125,0.00628662109375,0.00445556640625,0.0002593994140625,0.00023651123046875,0.000751495361328125,0.003814697265625,0.000728607177734375,0.00628662109375,0.00506591796875,0.00262451171875,0.048095703125
step_1508_q_0,0.000576019287109375,0.357421875,0.007415771484375,0.0311279296875,0.0172119140625,0.00787353515625,0.003662109375,0.0052490234375,0.00836181640625,0.00323486328125,0.0201416015625,0.00421142578125,0.0201416015625,0.036376953125,0.01165771484375,0.0142822265625,0.005950927734375,0.0025634765625,0.00173187255859375,0.002410888671875,0.00372314453125,0.0021820068359375,0.013427734375,0.0025177001953125,0.0014495849609375,0.0400390625,0.0028533935546875,0.0025634765625,0.00604248046875,0.01092529296875,0.011474609375,0.006439208984375,0.00360107421875,0.006744384765625,0.0400390625,0.01519775390625,0.007171630859375,0.0052490234375,0.00787353515625,0.007415771484375,0.01202392578125,0.038818359375,0.09912109375,0.03759765625,0.0546875
step_1509_q_0,0.00037384033203125,0.8671875,0.021728515625,0.00152587890625,0.00051116943359375,0.00038909912109375,0.0002651214599609375,0.000530242919921875,0.0011138916015625,0.00421142578125,0.00604248046875,0.00189971923828125,0.00775146484375,0.0203857421875,0.00531005859375,0.00726318359375,0.00101470947265625,0.000614166259765625,0.0002498626708984375,0.00011348724365234375,0.000530242919921875,0.00013256072998046875,0.00150299072265625,0.000400543212890625,0.000457763671875,0.004150390625,0.000209808349609375,0.00012111663818359375,0.0017852783203125,0.0005035400390625,0.00070953369140625,0.00096893310546875,0.00096893310546875,0.00141143798828125,0.0035400390625,0.0015716552734375,0.000423431396484375,0.000614166259765625,0.000606536865234375,0.00124359130859375,0.00162506103515625,0.00567626953125,0.0068359375,0.0062255859375,0.00933837890625
step_1510_q_0,0.01177978515625,0.208984375,0.08203125,0.00921630859375,0.0037689208984375,0.0021514892578125,0.0017852783203125,0.0030364990234375,0.0028076171875,0.1787109375,0.00506591796875,0.00738525390625,0.0220947265625,0.0546875,0.01513671875,0.0111083984375,0.00531005859375,0.00946044921875,0.005157470703125,0.0025482177734375,0.00244140625,0.00167083740234375,0.0032196044921875,0.0030364990234375,0.0031280517578125,0.012939453125,0.00762939453125,0.00116729736328125,0.000713348388671875,0.00154876708984375,0.00396728515625,0.006317138671875,0.00592041015625,0.00299072265625,0.00811767578125,0.00186920166015625,0.000530242919921875,0.001434326171875,0.000453948974609375,0.000640869140625,0.000843048095703125,0.005584716796875,0.026611328125,0.031982421875,0.22265625
step_1511_q_0,0.00013256072998046875,0.90625,0.005645751953125,0.0029296875,0.000324249267578125,0.0001163482666015625,2.682209014892578e-05,4.076957702636719e-05,0.000347137451171875,0.0004119873046875,0.0011444091796875,0.00021839141845703125,0.0029296875,0.0023956298828125,0.00026702880859375,0.00054931640625,0.0002269744873046875,6.389617919921875e-05,7.486343383789062e-05,0.0001239776611328125,0.0001220703125,5.602836608886719e-05,0.00010967254638671875,4.9591064453125e-05,4.9114227294921875e-05,0.001495361328125,6.109476089477539e-06,1.5497207641601562e-06,3.6716461181640625e-05,3.314018249511719e-05,0.0002765655517578125,0.00014019012451171875,9.775161743164062e-05,2.7894973754882812e-05,0.00189208984375,0.000499725341796875,0.000396728515625,0.00025177001953125,0.000270843505859375,0.00054931640625,0.0011138916015625,0.00836181640625,0.012939453125,0.0234375,0.0234375
step_1512_q_0,0.000270843505859375,0.26953125,0.25390625,0.1748046875,0.0118408203125,0.0034027099609375,9.34600830078125e-05,0.000858306884765625,0.005096435546875,0.005615234375,0.046875,0.0028228759765625,0.060302734375,0.1279296875,0.00225830078125,0.0037384033203125,0.0002040863037109375,3.123283386230469e-05,6.407499313354492e-06,2.4437904357910156e-05,5.936622619628906e-05,3.6716461181640625e-05,8.106231689453125e-05,7.927417755126953e-06,7.867813110351562e-06,0.0172119140625,6.794929504394531e-06,1.4901161193847656e-06,9.5367431640625e-06,4.482269287109375e-05,1.5139579772949219e-05,1.0952353477478027e-06,3.203749656677246e-06,4.6193599700927734e-06,0.00113677978515625,8.64267349243164e-06,1.9371509552001953e-06,5.3942203521728516e-06,7.361173629760742e-06,0.0002536773681640625,1.6808509826660156e-05,0.00103759765625,0.0002880096435546875,0.0003376007080078125,0.00982666015625
step_1513_q_0,0.0004520416259765625,0.67578125,0.01275634765625,0.01055908203125,0.0025177001953125,0.00102996826171875,0.000335693359375,0.0008544921875,0.0037078857421875,0.00067138671875,0.0052490234375,0.00168609619140625,0.0096435546875,0.00787353515625,0.01336669921875,0.005523681640625,0.001922607421875,0.001068115234375,0.000591278076171875,0.0017242431640625,0.0015869140625,0.00156402587890625,0.00194549560546875,0.000640869140625,0.000865936279296875,0.0439453125,0.00070953369140625,0.0003662109375,0.0030364990234375,0.00099945068359375,0.00286865234375,0.0023040771484375,0.00189971923828125,0.0019989013671875,0.01336669921875,0.01177978515625,0.0032501220703125,0.002777099609375,0.0029144287109375,0.004486083984375,0.0068359375,0.03515625,0.060791015625,0.024658203125,0.01220703125
step_1514_q_0,0.00014591217041015625,0.380859375,0.003509521484375,0.000804901123046875,0.00018024444580078125,0.0002613067626953125,7.867813110351562e-05,0.00048828125,0.00029754638671875,0.001708984375,0.000820159912109375,0.00061798095703125,0.0069580078125,0.0167236328125,0.0034027099609375,0.00135040283203125,0.000125885009765625,9.894371032714844e-06,4.112720489501953e-06,0.000118255615234375,0.0002574920654296875,5.91278076171875e-05,0.0002040863037109375,9.357929229736328e-06,1.895427703857422e-05,0.00787353515625,6.961822509765625e-05,2.0503997802734375e-05,3.7670135498046875e-05,0.000858306884765625,0.00029754638671875,2.5272369384765625e-05,0.0001888275146484375,3.0517578125e-05,0.0009002685546875,0.0002307891845703125,0.0001621246337890625,0.000579833984375,0.001190185546875,0.0014190673828125,0.000270843505859375,0.0019378662109375,0.00384521484375,0.00787353515625,0.5546875
step_1515_q_0,0.000827789306640625,0.8515625,0.037353515625,0.00433349609375,0.00109100341796875,0.000728607177734375,7.009506225585938e-05,0.0005340576171875,0.000186920166015625,0.0025482177734375,0.00066375732421875,0.00080108642578125,0.0257568359375,0.02001953125,0.00080108642578125,0.004913330078125,0.00140380859375,0.0006866455078125,8.726119995117188e-05,7.43865966796875e-05,0.0001049041748046875,5.078315734863281e-05,0.00017547607421875,3.695487976074219e-05,0.0001964569091796875,0.00946044921875,2.6106834411621094e-05,6.645917892456055e-06,7.915496826171875e-05,0.000232696533203125,0.000827789306640625,9.250640869140625e-05,5.5789947509765625e-05,2.086162567138672e-05,0.00136566162109375,0.00109100341796875,0.00022220611572265625,0.0003032684326171875,0.0002899169921875,0.000881195068359375,0.0002593994140625,0.003265380859375,0.00445556640625,0.0023956298828125,0.02001953125
step_1516_q_0,0.0001277923583984375,0.76953125,0.00830078125,0.007537841796875,0.0010528564453125,0.0007476806640625,0.00067901611328125,0.010986328125,0.0019683837890625,0.005859375,0.0289306640625,0.013671875,0.0247802734375,0.00732421875,0.0020294189453125,0.0019073486328125,0.00077056884765625,0.0004825592041015625,0.00016880035400390625,0.0001201629638671875,0.00084686279296875,0.000316619873046875,0.0004329681396484375,4.458427429199219e-05,6.818771362304688e-05,0.0186767578125,3.314018249511719e-05,3.814697265625e-05,0.0019073486328125,0.002227783203125,7.534027099609375e-05,4.839897155761719e-05,0.00010251998901367188,0.0002422332763671875,0.001190185546875,0.00168609619140625,0.00020122528076171875,0.0009307861328125,0.00067138671875,0.002777099609375,0.001312255859375,0.00390625,0.0128173828125,0.01031494140625,0.05224609375
step_1517_q_0,0.0003528594970703125,0.8515625,0.00958251953125,0.00128173828125,0.0002498626708984375,0.00023174285888671875,5.841255187988281e-05,0.00031280517578125,0.000301361083984375,0.00131988525390625,0.00176239013671875,0.00131988525390625,0.0091552734375,0.0089111328125,0.0012054443359375,0.00124359130859375,0.00079345703125,0.00026702880859375,9.441375732421875e-05,0.00017642974853515625,0.00031280517578125,0.0001373291015625,0.00023174285888671875,8.869171142578125e-05,0.000415802001953125,0.018798828125,0.0001621246337890625,3.457069396972656e-05,0.0001735687255859375,0.00058746337890625,0.0010223388671875,0.00017547607421875,0.000354766845703125,0.00020694732666015625,0.00445556640625,0.001251220703125,0.0002651214599609375,0.000728607177734375,0.00054168701171875,0.00142669677734375,0.00090789794921875,0.009033203125,0.015380859375,0.016845703125,0.036376953125
step_1518_q_0,0.0184326171875,0.380859375,0.1240234375,0.04150390625,0.022216796875,0.0045166015625,0.0010528564453125,0.004638671875,0.002532958984375,0.07763671875,0.002960205078125,0.000629425048828125,0.03125,0.022216796875,0.0130615234375,0.0059814453125,0.000946044921875,0.0004062652587890625,0.0003757476806640625,0.000324249267578125,0.0004253387451171875,0.0004825592041015625,0.001068115234375,0.000659942626953125,0.00018787384033203125,0.028564453125,0.000453948974609375,0.000514984130859375,0.000537872314453125,0.0024871826171875,0.0019378662109375,0.0002193450927734375,0.000514984130859375,0.0002593994140625,0.00897216796875,0.00060272216796875,0.00012159347534179688,0.00018310546875,0.0009307861328125,0.00213623046875,0.002410888671875,0.004241943359375,0.01190185546875,0.010498046875,0.1640625
step_1519_q_0,9.584426879882812e-05,0.0020904541015625,0.078125,0.0068359375,0.00048065185546875,0.00061798095703125,1.621246337890625e-05,0.00016117095947265625,0.00046539306640625,0.0306396484375,0.00823974609375,0.0224609375,0.6171875,0.07373046875,0.00244140625,0.0068359375,0.0087890625,0.000385284423828125,0.0003986358642578125,0.005340576171875,0.00051116943359375,0.00079345703125,0.00135040283203125,7.963180541992188e-05,0.00010728836059570312,0.07373046875,3.361701965332031e-05,2.110004425048828e-05,7.963180541992188e-05,0.00933837890625,0.0003986358642578125,5.3882598876953125e-05,8.726119995117188e-05,0.00012969970703125,0.00775146484375,0.0003414154052734375,0.00010728836059570312,0.0002002716064453125,0.0002498626708984375,0.0010833740234375,0.000560760498046875,0.0087890625,0.001434326171875,0.0037841796875,0.025390625
step_1520_q_0,0.00183868408203125,0.181640625,0.02392578125,0.0279541015625,0.0279541015625,0.00933837890625,0.00360107421875,0.005157470703125,0.01239013671875,0.024658203125,0.0203857421875,0.004913330078125,0.039306640625,0.015380859375,0.01129150390625,0.00469970703125,0.00372314453125,0.0008544921875,0.000362396240234375,0.00093841552734375,0.00162506103515625,0.00469970703125,0.00421142578125,0.0025177001953125,0.00109100341796875,0.01202392578125,0.00136566162109375,0.0009765625,0.006134033203125,0.00836181640625,0.0038909912109375,0.00113677978515625,0.00189971923828125,0.0026397705078125,0.0174560546875,0.00994873046875,0.00994873046875,0.00994873046875,0.03271484375,0.024658203125,0.027099609375,0.03271484375,0.025390625,0.01806640625,0.318359375
step_1521_q_0,0.0004119873046875,0.65625,0.03271484375,0.0106201171875,0.002685546875,0.000545501708984375,0.000362396240234375,0.000743865966796875,0.00122833251953125,0.02880859375,0.053955078125,0.0037841796875,0.057373046875,0.02392578125,0.005340576171875,0.0050048828125,0.0017852783203125,0.000926971435546875,0.00048065185546875,0.0001888275146484375,0.000530242919921875,0.00037384033203125,0.0003871917724609375,0.000156402587890625,0.000438690185546875,0.01361083984375,0.0002307891845703125,0.00016117095947265625,0.00152587890625,0.000743865966796875,0.000820159912109375,0.00067901611328125,0.000698089599609375,0.00130462646484375,0.0023651123046875,0.00048065185546875,0.000598907470703125,0.000698089599609375,0.00048065185546875,0.000843048095703125,0.0008697509765625,0.003662109375,0.0224609375,0.0164794921875,0.0419921875
step_1522_q_0,0.002044677734375,0.5859375,0.08154296875,0.006103515625,0.00189208984375,0.00052642822265625,0.00052642822265625,0.00147247314453125,0.0006866455078125,0.126953125,0.0027923583984375,0.00811767578125,0.01513671875,0.00555419921875,0.00189208984375,0.00213623046875,0.002105712890625,0.0014495849609375,0.00201416015625,0.00262451171875,0.001922607421875,0.00174713134765625,0.001953125,0.00101470947265625,0.0003871917724609375,0.006103515625,0.003936767578125,0.00098419189453125,0.000812530517578125,0.00180816650390625,0.00311279296875,0.001617431640625,0.0022125244140625,0.00090789794921875,0.0035858154296875,0.000652313232421875,0.00058746337890625,0.0008544921875,0.0003643035888671875,0.0002841949462890625,0.000652313232421875,0.00092315673828125,0.022705078125,0.01611328125,0.07421875
step_1523_q_0,8.58306884765625e-05,0.8671875,0.00104522705078125,0.00048828125,0.00011014938354492188,7.486343383789062e-05,1.9550323486328125e-05,2.6106834411621094e-05,7.343292236328125e-05,1.9073486328125e-05,0.0011138916015625,0.0002002716064453125,0.00075531005859375,0.0013885498046875,0.0002727508544921875,0.0001983642578125,8.106231689453125e-05,7.343292236328125e-05,0.0001773834228515625,5.4836273193359375e-05,4.458427429199219e-05,6.580352783203125e-05,0.000476837158203125,0.000335693359375,0.00012159347534179688,0.000579833984375,0.00010919570922851562,8.106231689453125e-06,0.0001697540283203125,0.0002155303955078125,0.00164794921875,0.00170135498046875,0.00078582763671875,0.0002956390380859375,0.00323486328125,0.0005340576171875,0.003173828125,0.000514984130859375,0.0011138916015625,0.0013275146484375,0.00193023681640625,0.019775390625,0.01239013671875,0.0458984375,0.02880859375
step_1524_q_0,0.0017547607421875,0.314453125,0.45703125,0.03515625,0.00408935546875,0.0021209716796875,0.0003795623779296875,0.0021209716796875,0.0028839111328125,0.045166015625,0.05810546875,0.00860595703125,0.024169921875,0.01214599609375,0.0006256103515625,0.0001964569091796875,0.0003795623779296875,0.000133514404296875,7.486343383789062e-05,0.000286102294921875,0.000644683837890625,0.0002231597900390625,6.67572021484375e-05,2.3543834686279297e-06,8.58306884765625e-06,0.003173828125,1.1205673217773438e-05,3.680586814880371e-06,0.0001506805419921875,7.104873657226562e-05,0.00022983551025390625,2.574920654296875e-05,0.0002231597900390625,4.601478576660156e-05,0.0003681182861328125,7.963180541992188e-05,3.5762786865234375e-05,8.726119995117188e-05,8.726119995117188e-05,0.000324249267578125,0.000324249267578125,0.00093841552734375,0.000324249267578125,0.000881195068359375,0.022705078125
step_1525_q_0,0.00024127960205078125,0.546875,0.01226806640625,0.0072021484375,0.003143310546875,0.0013427734375,0.00168609619140625,0.00396728515625,0.003204345703125,0.0130615234375,0.0169677734375,0.00147247314453125,0.01434326171875,0.0478515625,0.013671875,0.0081787109375,0.0022430419921875,0.002655029296875,0.00061798095703125,0.00052642822265625,0.00096893310546875,0.00121307373046875,0.00127410888671875,0.00054931640625,0.0013427734375,0.006988525390625,0.002777099609375,0.001556396484375,0.01019287109375,0.002960205078125,0.005279541015625,0.0027313232421875,0.0017547607421875,0.005096435546875,0.0130615234375,0.00457763671875,0.0026092529296875,0.0027008056640625,0.004119873046875,0.002532958984375,0.006988525390625,0.0155029296875,0.03173828125,0.0693359375,0.10107421875
step_1526_q_0,0.00023174285888671875,0.1767578125,0.004425048828125,0.0007476806640625,0.00010538101196289062,5.173683166503906e-05,3.0517578125e-05,8.869171142578125e-05,0.00011110305786132812,0.0032501220703125,0.0004673004150390625,0.0009307861328125,0.004180908203125,0.0020294189453125,0.00055694580078125,3.886222839355469e-05,9.357929229736328e-06,1.8551945686340332e-06,3.993511199951172e-06,0.00017642974853515625,0.000213623046875,0.00012969970703125,1.919269561767578e-05,8.605420589447021e-07,1.214444637298584e-06,0.00121307373046875,3.981590270996094e-05,3.0040740966796875e-05,5.53131103515625e-05,5.054473876953125e-05,2.300739288330078e-05,5.054473876953125e-05,5.5789947509765625e-05,0.00023174285888671875,0.00011348724365234375,1.1146068572998047e-05,2.682209014892578e-05,0.00017070770263671875,0.00072479248046875,0.000797271728515625,0.0003261566162109375,0.00018024444580078125,0.0003871917724609375,0.006256103515625,0.79296875
step_1527_q_0,0.000705718994140625,0.4609375,0.02294921875,0.0025787353515625,0.000461578369140625,0.00029754638671875,0.0001926422119140625,0.0003490447998046875,0.0004024505615234375,0.05859375,0.00142669677734375,0.0004558563232421875,0.00701904296875,0.005126953125,0.0022125244140625,0.00125885009765625,0.00034332275390625,0.00031280517578125,0.0001811981201171875,0.0005645751953125,0.00032806396484375,0.000530242919921875,0.0003662109375,0.0002841949462890625,0.0001811981201171875,0.004241943359375,0.00066375732421875,0.000499725341796875,0.000682830810546875,0.000263214111328125,0.000904083251953125,0.0035247802734375,0.00151824951171875,0.0024261474609375,0.0020751953125,0.0005645751953125,0.0003662109375,0.0003337860107421875,0.0011444091796875,0.0011444091796875,0.0011444091796875,0.00872802734375,0.01483154296875,0.048583984375,0.337890625
step_1528_q_0,1.52587890625e-05,0.453125,0.00061798095703125,0.000164031982421875,6.079673767089844e-05,3.3855438232421875e-05,2.849102020263672e-05,7.104873657226562e-05,0.00012683868408203125,0.00286865234375,0.00286865234375,8.726119995117188e-05,0.00179290771484375,0.0003814697265625,4.9114227294921875e-05,0.0001392364501953125,2.8967857360839844e-05,7.82012939453125e-05,8.535385131835938e-05,4.9591064453125e-05,7.43865966796875e-05,0.0004749298095703125,0.0001506805419921875,2.9325485229492188e-05,1.9431114196777344e-05,0.00168609619140625,1.8477439880371094e-05,8.463859558105469e-06,0.00020122528076171875,0.000171661376953125,0.000598907470703125,0.0002536773681640625,0.000514984130859375,0.000659942626953125,0.0024566650390625,0.00067138671875,0.000194549560546875,0.00115966796875,0.00022411346435546875,0.000759124755859375,0.003143310546875,0.012451171875,0.0169677734375,0.0128173828125,0.482421875
step_1529_q_0,0.00043487548828125,0.734375,0.01324462890625,0.0010223388671875,0.0004749298095703125,0.0001983642578125,6.246566772460938e-05,0.000457763671875,0.00052642822265625,0.0059814453125,0.005035400390625,0.00494384765625,0.0162353515625,0.0024261474609375,0.0013885498046875,0.0005340576171875,0.00180816650390625,0.00049591064453125,0.000514984130859375,0.00064849853515625,0.00144195556640625,0.001129150390625,0.0003509521484375,0.0002422332763671875,0.0013885498046875,0.005615234375,0.00089263916015625,9.632110595703125e-05,0.0001544952392578125,0.000316619873046875,0.000858306884765625,0.001739501953125,0.004791259765625,0.0005035400390625,0.00518798828125,0.00144195556640625,0.000881195068359375,0.007659912109375,0.0013885498046875,0.00262451171875,0.000675201416015625,0.019287109375,0.0211181640625,0.04150390625,0.087890625
step_1530_q_0,0.00087738037109375,0.33203125,0.01141357421875,0.003692626953125,0.00066375732421875,0.0003337860107421875,0.0003223419189453125,0.00147247314453125,0.00078582763671875,0.177734375,0.008056640625,0.00262451171875,0.01214599609375,0.0030670166015625,0.0024566650390625,0.000865936279296875,0.000507354736328125,0.00014209747314453125,0.00022029876708984375,0.0002841949462890625,0.0002727508544921875,0.0003376007080078125,0.00018978118896484375,0.0001506805419921875,0.00026702880859375,0.004180908203125,0.000377655029296875,0.00010824203491210938,0.00063323974609375,0.0002899169921875,0.00063323974609375,0.000514984130859375,0.000156402587890625,0.0023193359375,0.00127410888671875,0.000476837158203125,0.00067138671875,0.000919342041015625,0.0011444091796875,0.0012359619140625,0.0016937255859375,0.00714111328125,0.006103515625,0.031005859375,0.376953125
step_1531_q_0,0.00083160400390625,0.7109375,0.0069580078125,0.002410888671875,0.000690460205078125,0.00014209747314453125,0.00015354156494140625,0.00015354156494140625,0.000553131103515625,0.07958984375,0.07470703125,0.0177001953125,0.015625,0.020751953125,0.000518798828125,0.00360107421875,0.000553131103515625,0.0002384185791015625,0.0002689361572265625,0.00099945068359375,0.00018215179443359375,0.00024127960205078125,0.0003147125244140625,0.000392913818359375,0.0001277923583984375,0.00372314453125,0.000518798828125,0.000911712646484375,0.00017452239990234375,0.000362396240234375,0.00128936767578125,0.000518798828125,0.00075531005859375,0.0001850128173828125,0.002410888671875,0.00049591064453125,0.0001373291015625,0.0006256103515625,0.00048065185546875,0.0002536773681640625,0.000423431396484375,0.00150299072265625,0.005767822265625,0.004486083984375,0.03759765625
step_1532_q_0,0.00010347366333007812,0.94921875,0.00104522705078125,0.001953125,0.00116729736328125,9.775161743164062e-05,7.581710815429688e-05,9.489059448242188e-05,0.000789642333984375,0.00119781494140625,0.0079345703125,0.00167083740234375,0.00311279296875,0.005828857421875,0.0008392333984375,0.004547119140625,0.00109100341796875,0.0004558563232421875,0.0004482269287109375,0.00140380859375,0.000396728515625,0.00054931640625,0.000377655029296875,0.000308990478515625,0.000492095947265625,0.0018310546875,0.00010585784912109375,5.1975250244140625e-05,0.000213623046875,0.000751495361328125,0.00052642822265625,0.001861572265625,0.0002689361572265625,0.000507354736328125,0.002349853515625,0.0002384185791015625,0.00019168853759765625,0.00018310546875,0.0002899169921875,0.00015544891357421875,0.00038909912109375,0.00167083740234375,0.00066375732421875,0.001861572265625,0.00102996826171875
step_1533_q_0,1.5139579772949219e-05,0.99609375,0.000827789306640625,3.981590270996094e-05,6.109476089477539e-06,6.07222318649292e-07,3.427267074584961e-06,8.463859558105469e-06,1.1086463928222656e-05,0.0015411376953125,0.001129150390625,3.0040740966796875e-05,0.0003337860107421875,8.20159912109375e-05,4.976987838745117e-06,1.4424324035644531e-05,5.751848220825195e-06,3.0100345611572266e-06,5.4836273193359375e-06,6.616115570068359e-06,1.609325408935547e-05,1.3768672943115234e-05,1.1265277862548828e-05,1.6689300537109375e-06,3.296881914138794e-07,0.00012683868408203125,9.201467037200928e-07,4.827976226806641e-06,8.158385753631592e-07,8.225440979003906e-06,5.662441253662109e-06,1.2665987014770508e-06,7.599592208862305e-06,6.817281246185303e-07,6.9141387939453125e-06,1.0281801223754883e-06,3.6209821701049805e-06,9.387731552124023e-07,2.4884939193725586e-06,4.023313522338867e-06,2.8461217880249023e-06,4.2438507080078125e-05,2.3692846298217773e-06,1.4662742614746094e-05,0.000568389892578125
step_1534_q_0,1.1920928955078125e-05,0.98828125,0.000583648681640625,0.000118255615234375,0.0001468658447265625,3.0100345611572266e-06,6.8247318267822266e-06,3.0547380447387695e-06,1.424551010131836e-05,0.0010528564453125,0.000820159912109375,0.0002841949462890625,0.00072479248046875,0.0001220703125,6.866455078125e-05,4.202127456665039e-06,6.5267086029052734e-06,9.655952453613281e-06,2.4437904357910156e-05,9.238719940185547e-06,0.00011444091796875,1.5139579772949219e-05,0.000118255615234375,1.5735626220703125e-05,6.407499313354492e-06,0.0001468658447265625,4.553794860839844e-05,3.0547380447387695e-06,1.9311904907226562e-05,5.751848220825195e-06,3.844499588012695e-06,9.822845458984375e-05,4.863739013671875e-05,3.1948089599609375e-05,1.1265277862548828e-05,1.2755393981933594e-05,7.510185241699219e-06,1.1265277862548828e-05,6.866455078125e-05,6.16908073425293e-06,1.5020370483398438e-05,5.412101745605469e-05,0.000530242919921875,0.0004825592041015625,0.00518798828125
step_1535_q_0,8.344650268554688e-05,0.94140625,0.0003032684326171875,0.0004673004150390625,0.0003337860107421875,3.647804260253906e-05,4.839897155761719e-05,2.276897430419922e-05,0.00023365020751953125,0.00286865234375,0.00168609619140625,0.00077056884765625,0.0020599365234375,0.000942230224609375,0.00064849853515625,0.0004596710205078125,8.58306884765625e-05,7.390975952148438e-05,0.00020122528076171875,0.00010585784912109375,0.0001811981201171875,0.00011730194091796875,0.000171661376953125,0.00010013580322265625,8.058547973632812e-05,0.0002422332763671875,0.0001220703125,6.67572021484375e-05,0.0004825592041015625,0.0004329681396484375,0.000942230224609375,0.000667572021484375,0.000873565673828125,0.00026702880859375,0.001068115234375,0.000396728515625,0.0004825592041015625,0.00084686279296875,0.0002918243408203125,7.343292236328125e-05,0.00127410888671875,0.0037384033203125,0.00384521484375,0.01385498046875,0.0152587890625
